session,device,gap_samples,gap_s
S1-ADL1,Accelerometer RKN^,91,3.033333333333333
S1-ADL1,Accelerometer RKN^,82,2.7333333333333334
S1-ADL1,Accelerometer RKN^,7592,253.06666666666666
S1-ADL1,Accelerometer RKN^,112,3.7333333333333334
S1-ADL1,Accelerometer RKN^,473,15.766666666666667
S1-ADL1,Accelerometer RKN^,31,1.0333333333333334
S1-ADL1,Accelerometer RKN^,11,0.36666666666666664
S1-ADL1,Accelerometer RKN^,9120,304.0
S1-ADL1,Accelerometer RKN^,82,2.7333333333333334
S1-ADL1,Accelerometer RKN^,473,15.766666666666667
S1-ADL1,Accelerometer RKN^,173,5.766666666666667
S1-ADL1,Accelerometer RKN^,6911,230.36666666666667
S1-ADL1,Accelerometer RKN^,91,3.033333333333333
S1-ADL1,Accelerometer RKN^,82,2.7333333333333334
S1-ADL1,Accelerometer RKN^,11,0.36666666666666664
S1-ADL1,Accelerometer RKN^,2079,69.3
S1-ADL1,Accelerometer HIP,16025,534.1666666666666
S1-ADL1,Accelerometer LUA^,45,1.5
S1-ADL1,Accelerometer LUA^,46,1.5333333333333334
S1-ADL1,Accelerometer LUA^,47,1.5666666666666667
S1-ADL1,Accelerometer LUA^,48,1.6
S1-ADL1,Accelerometer LUA^,14449,481.6333333333333
S1-ADL1,Accelerometer LUA^,35108,1170.2666666666667
S1-ADL1,Accelerometer LUA^,110,3.6666666666666665
S1-ADL1,Accelerometer LUA^,39,1.3
S1-ADL1,Accelerometer LUA^,43,1.4333333333333333
S1-ADL1,Accelerometer LUA^,441,14.7
S1-ADL1,Accelerometer RUA_,110,3.6666666666666665
S1-ADL1,Accelerometer RUA_,115,3.8333333333333335
S1-ADL1,Accelerometer RUA_,46839,1561.3
S1-ADL1,Accelerometer RUA_,2721,90.7
S1-ADL1,Accelerometer RUA_,110,3.6666666666666665
S1-ADL1,Accelerometer RUA_,41,1.3666666666666667
S1-ADL1,Accelerometer RUA_,41,1.3666666666666667
S1-ADL1,Accelerometer RUA_,441,14.7
S1-ADL1,Accelerometer LH,45,1.5
S1-ADL1,Accelerometer LH,112,3.7333333333333334
S1-ADL1,Accelerometer LH,48,1.6
S1-ADL1,Accelerometer LH,9201,306.7
S1-ADL1,Accelerometer LH,1570,52.333333333333336
S1-ADL1,Accelerometer LH,16121,537.3666666666667
S1-ADL1,Accelerometer LH,8989,299.6333333333333
S1-ADL1,Accelerometer LH,8658,288.6
S1-ADL1,Accelerometer LH,1616,53.86666666666667
S1-ADL1,Accelerometer LH,1264,42.13333333333333
S1-ADL1,Accelerometer LH,2019,67.3
S1-ADL1,Accelerometer LH,45,1.5
S1-ADL1,Accelerometer LH,44,1.4666666666666666
S1-ADL1,Accelerometer LH,38,1.2666666666666666
S1-ADL1,Accelerometer LH,41,1.3666666666666667
S1-ADL1,Accelerometer LH,1,0.03333333333333333
S1-ADL1,Accelerometer RKN_,7857,261.9
S1-ADL1,Accelerometer RKN_,655,21.833333333333332
S1-ADL1,Accelerometer RKN_,7184,239.46666666666667
S1-ADL1,Accelerometer RKN_,82,2.7333333333333334
S1-ADL1,Accelerometer RKN_,20,0.6666666666666666
S1-ADL1,Accelerometer RKN_,102,3.4
S1-ADL1,Accelerometer RKN_,122,4.066666666666666
S1-ADL1,Accelerometer RKN_,91,3.033333333333333
S1-ADL1,Accelerometer RKN_,82,2.7333333333333334
S1-ADL1,Accelerometer RKN_,11,0.36666666666666664
S1-ADL1,Accelerometer RKN_,161,5.366666666666666
S1-ADL1,Accelerometer RKN_,93,3.1
S1-ADL1,Accelerometer RKN_,82,2.7333333333333334
S1-ADL1,Accelerometer RKN_,242,8.066666666666666
S1-ADL1,Accelerometer RKN_,22,0.7333333333333333
S1-ADL1,Accelerometer RKN_,11,0.36666666666666664
S1-ADL1,Accelerometer RKN_,42,1.4
S1-ADL1,Accelerometer RKN_,1,0.03333333333333333
S1-ADL1,Accelerometer RKN_,81,2.7
S1-ADL1,Accelerometer RKN_,11,0.36666666666666664
S1-ADL1,Accelerometer RKN_,31,1.0333333333333334
S1-ADL1,Accelerometer RKN_,11,0.36666666666666664
S1-ADL1,Accelerometer RKN_,9317,310.56666666666666
S1-ADL1,Accelerometer RWR,46,1.5333333333333334
S1-ADL1,Accelerometer RWR,46,1.5333333333333334
S1-ADL1,Accelerometer RWR,47,1.5666666666666667
S1-ADL1,Accelerometer RWR,47,1.5666666666666667
S1-ADL1,Accelerometer RWR,11003,366.76666666666665
S1-ADL1,Accelerometer RWR,10653,355.1
S1-ADL1,Accelerometer RWR,1194,39.8
S1-ADL1,Accelerometer RWR,4263,142.1
S1-ADL1,Accelerometer RWR,17685,589.5
S1-ADL1,Accelerometer RWR,348,11.6
S1-ADL1,Accelerometer RWR,317,10.566666666666666
S1-ADL1,Accelerometer RWR,179,5.966666666666667
S1-ADL1,Accelerometer RWR,55,1.8333333333333333
S1-ADL1,Accelerometer RWR,187,6.233333333333333
S1-ADL1,Accelerometer RWR,158,5.266666666666667
S1-ADL1,Accelerometer RWR,146,4.866666666666666
S1-ADL1,Accelerometer RWR,187,6.233333333333333
S1-ADL1,Accelerometer RWR,321,10.7
S1-ADL1,Accelerometer RWR,239,7.966666666666667
S1-ADL1,Accelerometer RWR,2332,77.73333333333333
S1-ADL1,Accelerometer RWR,45,1.5
S1-ADL1,Accelerometer RWR,44,1.4666666666666666
S1-ADL1,Accelerometer RWR,37,1.2333333333333334
S1-ADL1,Accelerometer RWR,41,1.3666666666666667
S1-ADL1,Accelerometer RWR,442,14.733333333333333
S1-ADL1,Accelerometer RUA^,47,1.5666666666666667
S1-ADL1,Accelerometer RUA^,46,1.5333333333333334
S1-ADL1,Accelerometer RUA^,46,1.5333333333333334
S1-ADL1,Accelerometer RUA^,47,1.5666666666666667
S1-ADL1,Accelerometer RUA^,49578,1652.6
S1-ADL1,Accelerometer RUA^,45,1.5
S1-ADL1,Accelerometer RUA^,45,1.5
S1-ADL1,Accelerometer RUA^,40,1.3333333333333333
S1-ADL1,Accelerometer RUA^,42,1.4
S1-ADL1,Accelerometer RUA^,444,14.8
S1-ADL1,Accelerometer LUA_,45,1.5
S1-ADL1,Accelerometer LUA_,47,1.5666666666666667
S1-ADL1,Accelerometer LUA_,48,1.6
S1-ADL1,Accelerometer LUA_,45289,1509.6333333333334
S1-ADL1,Accelerometer LUA_,4269,142.3
S1-ADL1,Accelerometer LUA_,44,1.4666666666666666
S1-ADL1,Accelerometer LUA_,44,1.4666666666666666
S1-ADL1,Accelerometer LUA_,39,1.3
S1-ADL1,Accelerometer LUA_,42,1.4
S1-ADL1,Accelerometer LUA_,444,14.8
S1-ADL1,Accelerometer LWR,45,1.5
S1-ADL1,Accelerometer LWR,47,1.5666666666666667
S1-ADL1,Accelerometer LWR,48,1.6
S1-ADL1,Accelerometer LWR,49576,1652.5333333333333
S1-ADL1,Accelerometer LWR,45,1.5
S1-ADL1,Accelerometer LWR,105,3.5
S1-ADL1,Accelerometer LWR,42,1.4
S1-ADL1,Accelerometer LWR,445,14.833333333333334
S1-ADL1,Accelerometer RH,1,0.03333333333333333
S1-ADL2,Accelerometer RKN^,74,2.466666666666667
S1-ADL2,Accelerometer RKN^,2654,88.46666666666667
S1-ADL2,Accelerometer RKN^,15,0.5
S1-ADL2,Accelerometer RKN^,539,17.966666666666665
S1-ADL2,Accelerometer RKN^,1079,35.96666666666667
S1-ADL2,Accelerometer RKN^,228,7.6
S1-ADL2,Accelerometer RKN^,18,0.6
S1-ADL2,Accelerometer RKN^,20,0.6666666666666666
S1-ADL2,Accelerometer RKN^,270,9.0
S1-ADL2,Accelerometer RKN^,69,2.3
S1-ADL2,Accelerometer RKN^,56,1.8666666666666667
S1-ADL2,Accelerometer RKN^,153,5.1
S1-ADL2,Accelerometer RKN^,448,14.933333333333334
S1-ADL2,Accelerometer RKN^,15,0.5
S1-ADL2,Accelerometer RKN^,16,0.5333333333333333
S1-ADL2,Accelerometer RKN^,10,0.3333333333333333
S1-ADL2,Accelerometer RKN^,16,0.5333333333333333
S1-ADL2,Accelerometer RKN^,16,0.5333333333333333
S1-ADL2,Accelerometer RKN^,16,0.5333333333333333
S1-ADL2,Accelerometer RKN^,16,0.5333333333333333
S1-ADL2,Accelerometer RKN^,14,0.4666666666666667
S1-ADL2,Accelerometer RKN^,17,0.5666666666666667
S1-ADL2,Accelerometer RKN^,198,6.6
S1-ADL2,Accelerometer RKN^,14,0.4666666666666667
S1-ADL2,Accelerometer RKN^,13,0.43333333333333335
S1-ADL2,Accelerometer RKN^,10,0.3333333333333333
S1-ADL2,Accelerometer RKN^,15,0.5
S1-ADL2,Accelerometer RKN^,45,1.5
S1-ADL2,Accelerometer RKN^,10,0.3333333333333333
S1-ADL2,Accelerometer RKN^,13,0.43333333333333335
S1-ADL2,Accelerometer RKN^,46,1.5333333333333334
S1-ADL2,Accelerometer RKN^,13,0.43333333333333335
S1-ADL2,Accelerometer RKN^,10,0.3333333333333333
S1-ADL2,Accelerometer RKN^,7,0.23333333333333334
S1-ADL2,Accelerometer RKN^,316,10.533333333333333
S1-ADL2,Accelerometer RKN^,34,1.1333333333333333
S1-ADL2,Accelerometer RKN^,67,2.2333333333333334
S1-ADL2,Accelerometer RKN^,18,0.6
S1-ADL2,Accelerometer RKN^,17,0.5666666666666667
S1-ADL2,Accelerometer RKN^,52,1.7333333333333334
S1-ADL2,Accelerometer RKN^,11,0.36666666666666664
S1-ADL2,Accelerometer RKN^,17,0.5666666666666667
S1-ADL2,Accelerometer RKN^,47,1.5666666666666667
S1-ADL2,Accelerometer RKN^,17,0.5666666666666667
S1-ADL2,Accelerometer RKN^,55,1.8333333333333333
S1-ADL2,Accelerometer RKN^,13,0.43333333333333335
S1-ADL2,Accelerometer RKN^,16,0.5333333333333333
S1-ADL2,Accelerometer RKN^,16,0.5333333333333333
S1-ADL2,Accelerometer RKN^,15,0.5
S1-ADL2,Accelerometer RKN^,14,0.4666666666666667
S1-ADL2,Accelerometer RKN^,14,0.4666666666666667
S1-ADL2,Accelerometer RKN^,12,0.4
S1-ADL2,Accelerometer RKN^,12,0.4
S1-ADL2,Accelerometer RKN^,37,1.2333333333333334
S1-ADL2,Accelerometer RKN^,14,0.4666666666666667
S1-ADL2,Accelerometer RKN^,14,0.4666666666666667
S1-ADL2,Accelerometer RKN^,35,1.1666666666666667
S1-ADL2,Accelerometer RKN^,10,0.3333333333333333
S1-ADL2,Accelerometer RKN^,10,0.3333333333333333
S1-ADL2,Accelerometer RKN^,13,0.43333333333333335
S1-ADL2,Accelerometer RKN^,83,2.7666666666666666
S1-ADL2,Accelerometer RKN^,16,0.5333333333333333
S1-ADL2,Accelerometer RKN^,14,0.4666666666666667
S1-ADL2,Accelerometer RKN^,16,0.5333333333333333
S1-ADL2,Accelerometer RKN^,14,0.4666666666666667
S1-ADL2,Accelerometer RKN^,14,0.4666666666666667
S1-ADL2,Accelerometer RKN^,14,0.4666666666666667
S1-ADL2,Accelerometer RKN^,11,0.36666666666666664
S1-ADL2,Accelerometer RKN^,14,0.4666666666666667
S1-ADL2,Accelerometer RKN^,13,0.43333333333333335
S1-ADL2,Accelerometer RKN^,11,0.36666666666666664
S1-ADL2,Accelerometer RKN^,15,0.5
S1-ADL2,Accelerometer RKN^,15,0.5
S1-ADL2,Accelerometer RKN^,16,0.5333333333333333
S1-ADL2,Accelerometer RKN^,2,0.06666666666666667
S1-ADL2,Accelerometer RKN^,14,0.4666666666666667
S1-ADL2,Accelerometer RKN^,135,4.5
S1-ADL2,Accelerometer RKN^,51,1.7
S1-ADL2,Accelerometer RKN^,10,0.3333333333333333
S1-ADL2,Accelerometer RKN^,12,0.4
S1-ADL2,Accelerometer RKN^,14,0.4666666666666667
S1-ADL2,Accelerometer RKN^,15,0.5
S1-ADL2,Accelerometer RKN^,16,0.5333333333333333
S1-ADL2,Accelerometer RKN^,14,0.4666666666666667
S1-ADL2,Accelerometer RKN^,206,6.866666666666666
S1-ADL2,Accelerometer RKN^,186,6.2
S1-ADL2,Accelerometer RKN^,230,7.666666666666667
S1-ADL2,Accelerometer RKN^,5651,188.36666666666667
S1-ADL2,Accelerometer RKN^,15,0.5
S1-ADL2,Accelerometer RKN^,210,7.0
S1-ADL2,Accelerometer RKN^,1320,44.0
S1-ADL2,Accelerometer RKN^,2177,72.56666666666666
S1-ADL2,Accelerometer RKN^,152,5.066666666666666
S1-ADL2,Accelerometer RKN^,17,0.5666666666666667
S1-ADL2,Accelerometer RKN^,5591,186.36666666666667
S1-ADL2,Accelerometer RKN^,2035,67.83333333333333
S1-ADL2,Accelerometer RKN^,14,0.4666666666666667
S1-ADL2,Accelerometer RKN^,437,14.566666666666666
S1-ADL2,Accelerometer RKN^,13,0.43333333333333335
S1-ADL2,Accelerometer RKN^,19,0.6333333333333333
S1-ADL2,Accelerometer RKN^,328,10.933333333333334
S1-ADL2,Accelerometer RKN^,247,8.233333333333333
S1-ADL2,Accelerometer RKN^,17,0.5666666666666667
S1-ADL2,Accelerometer RKN^,2490,83.0
S1-ADL2,Accelerometer HIP,242,8.066666666666666
S1-ADL2,Accelerometer HIP,11,0.36666666666666664
S1-ADL2,Accelerometer HIP,7529,250.96666666666667
S1-ADL2,Accelerometer HIP,795,26.5
S1-ADL2,Accelerometer HIP,8026,267.53333333333336
S1-ADL2,Accelerometer LUA^,37,1.2333333333333334
S1-ADL2,Accelerometer LUA^,34,1.1333333333333333
S1-ADL2,Accelerometer LUA^,33,1.1
S1-ADL2,Accelerometer LUA^,7034,234.46666666666667
S1-ADL2,Accelerometer LUA^,23666,788.8666666666667
S1-ADL2,Accelerometer LUA^,42,1.4
S1-ADL2,Accelerometer LUA^,39,1.3
S1-ADL2,Accelerometer LUA^,38,1.2666666666666666
S1-ADL2,Accelerometer LUA^,35,1.1666666666666667
S1-ADL2,Accelerometer LUA^,382,12.733333333333333
S1-ADL2,Accelerometer RUA_,36,1.2
S1-ADL2,Accelerometer RUA_,37,1.2333333333333334
S1-ADL2,Accelerometer RUA_,35,1.1666666666666667
S1-ADL2,Accelerometer RUA_,32,1.0666666666666667
S1-ADL2,Accelerometer RUA_,7042,234.73333333333332
S1-ADL2,Accelerometer RUA_,2,0.06666666666666667
S1-ADL2,Accelerometer RUA_,12776,425.8666666666667
S1-ADL2,Accelerometer RUA_,10839,361.3
S1-ADL2,Accelerometer RUA_,41,1.3666666666666667
S1-ADL2,Accelerometer RUA_,41,1.3666666666666667
S1-ADL2,Accelerometer RUA_,39,1.3
S1-ADL2,Accelerometer RUA_,37,1.2333333333333334
S1-ADL2,Accelerometer RUA_,383,12.766666666666667
S1-ADL2,Accelerometer LH,38,1.2666666666666666
S1-ADL2,Accelerometer LH,36,1.2
S1-ADL2,Accelerometer LH,383,12.766666666666667
S1-ADL2,Accelerometer BACK,1832,61.06666666666667
S1-ADL2,Accelerometer BACK,20,0.6666666666666666
S1-ADL2,Accelerometer BACK,77,2.566666666666667
S1-ADL2,Accelerometer BACK,14,0.4666666666666667
S1-ADL2,Accelerometer BACK,24262,808.7333333333333
S1-ADL2,Accelerometer RKN_,82,2.7333333333333334
S1-ADL2,Accelerometer RKN_,82,2.7333333333333334
S1-ADL2,Accelerometer RKN_,7752,258.4
S1-ADL2,Accelerometer RWR,26683,889.4333333333333
S1-ADL2,Accelerometer RWR,2738,91.26666666666667
S1-ADL2,Accelerometer RUA^,35,1.1666666666666667
S1-ADL2,Accelerometer RUA^,36,1.2
S1-ADL2,Accelerometer RUA^,35,1.1666666666666667
S1-ADL2,Accelerometer RUA^,32,1.0666666666666667
S1-ADL2,Accelerometer RUA^,752,25.066666666666666
S1-ADL2,Accelerometer RUA^,6263,208.76666666666668
S1-ADL2,Accelerometer RUA^,23676,789.2
S1-ADL2,Accelerometer RUA^,41,1.3666666666666667
S1-ADL2,Accelerometer RUA^,39,1.3
S1-ADL2,Accelerometer RUA^,39,1.3
S1-ADL2,Accelerometer RUA^,36,1.2
S1-ADL2,Accelerometer RUA^,413,13.766666666666667
S1-ADL2,Accelerometer LUA_,35,1.1666666666666667
S1-ADL2,Accelerometer LUA_,36,1.2
S1-ADL2,Accelerometer LUA_,35,1.1666666666666667
S1-ADL2,Accelerometer LUA_,32,1.0666666666666667
S1-ADL2,Accelerometer LUA_,2451,81.7
S1-ADL2,Accelerometer LUA_,4572,152.4
S1-ADL2,Accelerometer LUA_,10,0.3333333333333333
S1-ADL2,Accelerometer LUA_,1133,37.766666666666666
S1-ADL2,Accelerometer LUA_,22532,751.0666666666667
S1-ADL2,Accelerometer LUA_,40,1.3333333333333333
S1-ADL2,Accelerometer LUA_,39,1.3
S1-ADL2,Accelerometer LUA_,40,1.3333333333333333
S1-ADL2,Accelerometer LUA_,36,1.2
S1-ADL2,Accelerometer LUA_,413,13.766666666666667
S1-ADL2,Accelerometer LWR,36,1.2
S1-ADL2,Accelerometer LWR,93,3.1
S1-ADL2,Accelerometer LWR,33,1.1
S1-ADL2,Accelerometer LWR,7017,233.9
S1-ADL2,Accelerometer LWR,23674,789.1333333333333
S1-ADL2,Accelerometer LWR,43,1.4333333333333333
S1-ADL2,Accelerometer LWR,38,1.2666666666666666
S1-ADL2,Accelerometer LWR,38,1.2666666666666666
S1-ADL2,Accelerometer LWR,35,1.1666666666666667
S1-ADL2,Accelerometer LWR,413,13.766666666666667
S1-ADL2,Accelerometer RH,1,0.03333333333333333
S1-ADL3,Accelerometer RKN^,83,2.7666666666666666
S1-ADL3,Accelerometer RKN^,1882,62.733333333333334
S1-ADL3,Accelerometer RKN^,421,14.033333333333333
S1-ADL3,Accelerometer RKN^,18,0.6
S1-ADL3,Accelerometer RKN^,438,14.6
S1-ADL3,Accelerometer RKN^,18,0.6
S1-ADL3,Accelerometer RKN^,204,6.8
S1-ADL3,Accelerometer RKN^,60,2.0
S1-ADL3,Accelerometer RKN^,537,17.9
S1-ADL3,Accelerometer RKN^,19,0.6333333333333333
S1-ADL3,Accelerometer RKN^,301,10.033333333333333
S1-ADL3,Accelerometer RKN^,233,7.766666666666667
S1-ADL3,Accelerometer RKN^,61,2.033333333333333
S1-ADL3,Accelerometer RKN^,19,0.6333333333333333
S1-ADL3,Accelerometer RKN^,19,0.6333333333333333
S1-ADL3,Accelerometer RKN^,15,0.5
S1-ADL3,Accelerometer RKN^,20,0.6666666666666666
S1-ADL3,Accelerometer RKN^,62,2.066666666666667
S1-ADL3,Accelerometer RKN^,25,0.8333333333333334
S1-ADL3,Accelerometer RKN^,99,3.3
S1-ADL3,Accelerometer RKN^,50,1.6666666666666667
S1-ADL3,Accelerometer RKN^,16,0.5333333333333333
S1-ADL3,Accelerometer RKN^,12,0.4
S1-ADL3,Accelerometer RKN^,15,0.5
S1-ADL3,Accelerometer RKN^,51,1.7
S1-ADL3,Accelerometer RKN^,15,0.5
S1-ADL3,Accelerometer RKN^,38,1.2666666666666666
S1-ADL3,Accelerometer RKN^,35,1.1666666666666667
S1-ADL3,Accelerometer RKN^,66,2.2
S1-ADL3,Accelerometer RKN^,314,10.466666666666667
S1-ADL3,Accelerometer RKN^,17,0.5666666666666667
S1-ADL3,Accelerometer RKN^,18,0.6
S1-ADL3,Accelerometer RKN^,56,1.8666666666666667
S1-ADL3,Accelerometer RKN^,19,0.6333333333333333
S1-ADL3,Accelerometer RKN^,55,1.8333333333333333
S1-ADL3,Accelerometer RKN^,19,0.6333333333333333
S1-ADL3,Accelerometer RKN^,484,16.133333333333333
S1-ADL3,Accelerometer RKN^,14,0.4666666666666667
S1-ADL3,Accelerometer RKN^,49,1.6333333333333333
S1-ADL3,Accelerometer RKN^,79,2.6333333333333333
S1-ADL3,Accelerometer RKN^,18,0.6
S1-ADL3,Accelerometer RKN^,11,0.36666666666666664
S1-ADL3,Accelerometer RKN^,13,0.43333333333333335
S1-ADL3,Accelerometer RKN^,47,1.5666666666666667
S1-ADL3,Accelerometer RKN^,37,1.2333333333333334
S1-ADL3,Accelerometer RKN^,15,0.5
S1-ADL3,Accelerometer RKN^,14,0.4666666666666667
S1-ADL3,Accelerometer RKN^,15,0.5
S1-ADL3,Accelerometer RKN^,2,0.06666666666666667
S1-ADL3,Accelerometer RKN^,46,1.5333333333333334
S1-ADL3,Accelerometer RKN^,16,0.5333333333333333
S1-ADL3,Accelerometer RKN^,51,1.7
S1-ADL3,Accelerometer RKN^,16,0.5333333333333333
S1-ADL3,Accelerometer RKN^,89,2.966666666666667
S1-ADL3,Accelerometer RKN^,16,0.5333333333333333
S1-ADL3,Accelerometer RKN^,87,2.9
S1-ADL3,Accelerometer RKN^,56,1.8666666666666667
S1-ADL3,Accelerometer RKN^,15,0.5
S1-ADL3,Accelerometer RKN^,11,0.36666666666666664
S1-ADL3,Accelerometer RKN^,16,0.5333333333333333
S1-ADL3,Accelerometer RKN^,16,0.5333333333333333
S1-ADL3,Accelerometer RKN^,395,13.166666666666666
S1-ADL3,Accelerometer RKN^,369,12.3
S1-ADL3,Accelerometer RKN^,8044,268.1333333333333
S1-ADL3,Accelerometer RKN^,887,29.566666666666666
S1-ADL3,Accelerometer RKN^,196,6.533333333333333
S1-ADL3,Accelerometer RKN^,18,0.6
S1-ADL3,Accelerometer RKN^,8992,299.73333333333335
S1-ADL3,Accelerometer RKN^,349,11.633333333333333
S1-ADL3,Accelerometer RKN^,577,19.233333333333334
S1-ADL3,Accelerometer RKN^,265,8.833333333333334
S1-ADL3,Accelerometer RKN^,17,0.5666666666666667
S1-ADL3,Accelerometer RKN^,92,3.066666666666667
S1-ADL3,Accelerometer RKN^,301,10.033333333333333
S1-ADL3,Accelerometer RKN^,166,5.533333333333333
S1-ADL3,Accelerometer RKN^,15,0.5
S1-ADL3,Accelerometer RKN^,238,7.933333333333334
S1-ADL3,Accelerometer RKN^,124,4.133333333333334
S1-ADL3,Accelerometer RKN^,14,0.4666666666666667
S1-ADL3,Accelerometer RKN^,1,0.03333333333333333
S1-ADL3,Accelerometer RKN^,1340,44.666666666666664
S1-ADL3,Accelerometer RKN^,1088,36.266666666666666
S1-ADL3,Accelerometer HIP,26579,885.9666666666667
S1-ADL3,Accelerometer LUA^,39,1.3
S1-ADL3,Accelerometer LUA^,38,1.2666666666666666
S1-ADL3,Accelerometer LUA^,39,1.3
S1-ADL3,Accelerometer LUA^,41,1.3666666666666667
S1-ADL3,Accelerometer LUA^,5357,178.56666666666666
S1-ADL3,Accelerometer LUA^,10,0.3333333333333333
S1-ADL3,Accelerometer LUA^,2,0.06666666666666667
S1-ADL3,Accelerometer LUA^,8,0.26666666666666666
S1-ADL3,Accelerometer LUA^,13,0.43333333333333335
S1-ADL3,Accelerometer LUA^,25972,865.7333333333333
S1-ADL3,Accelerometer LUA^,38,1.2666666666666666
S1-ADL3,Accelerometer LUA^,37,1.2333333333333334
S1-ADL3,Accelerometer LUA^,36,1.2
S1-ADL3,Accelerometer LUA^,36,1.2
S1-ADL3,Accelerometer LUA^,358,11.933333333333334
S1-ADL3,Accelerometer RUA_,40,1.3333333333333333
S1-ADL3,Accelerometer RUA_,37,1.2333333333333334
S1-ADL3,Accelerometer RUA_,41,1.3666666666666667
S1-ADL3,Accelerometer RUA_,41,1.3666666666666667
S1-ADL3,Accelerometer RUA_,5336,177.86666666666667
S1-ADL3,Accelerometer RUA_,22859,761.9666666666667
S1-ADL3,Accelerometer RUA_,143,4.766666666666667
S1-ADL3,Accelerometer RUA_,945,31.5
S1-ADL3,Accelerometer RUA_,1966,65.53333333333333
S1-ADL3,Accelerometer RUA_,38,1.2666666666666666
S1-ADL3,Accelerometer RUA_,37,1.2333333333333334
S1-ADL3,Accelerometer RUA_,36,1.2
S1-ADL3,Accelerometer RUA_,35,1.1666666666666667
S1-ADL3,Accelerometer RUA_,361,12.033333333333333
S1-ADL3,Accelerometer LH,37,1.2333333333333334
S1-ADL3,Accelerometer LH,37,1.2333333333333334
S1-ADL3,Accelerometer LH,39,1.3
S1-ADL3,Accelerometer LH,38,1.2666666666666666
S1-ADL3,Accelerometer LH,2794,93.13333333333334
S1-ADL3,Accelerometer LH,2514,83.8
S1-ADL3,Accelerometer LH,17684,589.4666666666667
S1-ADL3,Accelerometer LH,1601,53.36666666666667
S1-ADL3,Accelerometer LH,75,2.5
S1-ADL3,Accelerometer LH,1562,52.06666666666667
S1-ADL3,Accelerometer LH,3453,115.1
S1-ADL3,Accelerometer LH,2,0.06666666666666667
S1-ADL3,Accelerometer LH,1506,50.2
S1-ADL3,Accelerometer LH,38,1.2666666666666666
S1-ADL3,Accelerometer LH,34,1.1333333333333333
S1-ADL3,Accelerometer LH,32,1.0666666666666667
S1-ADL3,Accelerometer LH,33,1.1
S1-ADL3,Accelerometer LH,27,0.9
S1-ADL3,Accelerometer LH,312,10.4
S1-ADL3,Accelerometer BACK,8,0.26666666666666666
S1-ADL3,Accelerometer BACK,10,0.3333333333333333
S1-ADL3,Accelerometer BACK,9,0.3
S1-ADL3,Accelerometer BACK,51,1.7
S1-ADL3,Accelerometer BACK,26582,886.0666666666667
S1-ADL3,Accelerometer RKN_,1072,35.733333333333334
S1-ADL3,Accelerometer RKN_,1633,54.43333333333333
S1-ADL3,Accelerometer RKN_,197,6.566666666666666
S1-ADL3,Accelerometer RKN_,62,2.066666666666667
S1-ADL3,Accelerometer RKN_,14,0.4666666666666667
S1-ADL3,Accelerometer RKN_,185,6.166666666666667
S1-ADL3,Accelerometer RKN_,164,5.466666666666667
S1-ADL3,Accelerometer RKN_,90,3.0
S1-ADL3,Accelerometer RKN_,17,0.5666666666666667
S1-ADL3,Accelerometer RKN_,132,4.4
S1-ADL3,Accelerometer RKN_,23,0.7666666666666667
S1-ADL3,Accelerometer RKN_,2,0.06666666666666667
S1-ADL3,Accelerometer RKN_,20,0.6666666666666666
S1-ADL3,Accelerometer RKN_,128,4.266666666666667
S1-ADL3,Accelerometer RKN_,55,1.8333333333333333
S1-ADL3,Accelerometer RKN_,331,11.033333333333333
S1-ADL3,Accelerometer RKN_,84,2.8
S1-ADL3,Accelerometer RKN_,117,3.9
S1-ADL3,Accelerometer RKN_,260,8.666666666666666
S1-ADL3,Accelerometer RKN_,49,1.6333333333333333
S1-ADL3,Accelerometer RKN_,16,0.5333333333333333
S1-ADL3,Accelerometer RKN_,445,14.833333333333334
S1-ADL3,Accelerometer RKN_,15,0.5
S1-ADL3,Accelerometer RKN_,2780,92.66666666666667
S1-ADL3,Accelerometer RKN_,4477,149.23333333333332
S1-ADL3,Accelerometer RKN_,840,28.0
S1-ADL3,Accelerometer RKN_,495,16.5
S1-ADL3,Accelerometer RKN_,1195,39.833333333333336
S1-ADL3,Accelerometer RKN_,250,8.333333333333334
S1-ADL3,Accelerometer RKN_,8858,295.26666666666665
S1-ADL3,Accelerometer RKN_,835,27.833333333333332
S1-ADL3,Accelerometer RKN_,646,21.533333333333335
S1-ADL3,Accelerometer RKN_,304,10.133333333333333
S1-ADL3,Accelerometer RKN_,166,5.533333333333333
S1-ADL3,Accelerometer RKN_,19,0.6333333333333333
S1-ADL3,Accelerometer RKN_,2776,92.53333333333333
S1-ADL3,Accelerometer RKN_,126,4.2
S1-ADL3,Accelerometer RWR,37,1.2333333333333334
S1-ADL3,Accelerometer RWR,38,1.2666666666666666
S1-ADL3,Accelerometer RWR,39,1.3
S1-ADL3,Accelerometer RWR,38,1.2666666666666666
S1-ADL3,Accelerometer RWR,1926,64.2
S1-ADL3,Accelerometer RWR,1254,41.8
S1-ADL3,Accelerometer RWR,3,0.1
S1-ADL3,Accelerometer RWR,802,26.733333333333334
S1-ADL3,Accelerometer RWR,91,3.033333333333333
S1-ADL3,Accelerometer RWR,1152,38.4
S1-ADL3,Accelerometer RWR,3202,106.73333333333333
S1-ADL3,Accelerometer RWR,10,0.3333333333333333
S1-ADL3,Accelerometer RWR,285,9.5
S1-ADL3,Accelerometer RWR,5630,187.66666666666666
S1-ADL3,Accelerometer RWR,397,13.233333333333333
S1-ADL3,Accelerometer RWR,262,8.733333333333333
S1-ADL3,Accelerometer RWR,2580,86.0
S1-ADL3,Accelerometer RWR,1673,55.766666666666666
S1-ADL3,Accelerometer RWR,3437,114.56666666666666
S1-ADL3,Accelerometer RWR,483,16.1
S1-ADL3,Accelerometer RWR,3623,120.76666666666667
S1-ADL3,Accelerometer RWR,11,0.36666666666666664
S1-ADL3,Accelerometer RWR,613,20.433333333333334
S1-ADL3,Accelerometer RWR,58,1.9333333333333333
S1-ADL3,Accelerometer RWR,30,1.0
S1-ADL3,Accelerometer RWR,251,8.366666666666667
S1-ADL3,Accelerometer RWR,182,6.066666666666666
S1-ADL3,Accelerometer RWR,219,7.3
S1-ADL3,Accelerometer RWR,22,0.7333333333333333
S1-ADL3,Accelerometer RWR,117,3.9
S1-ADL3,Accelerometer RWR,267,8.9
S1-ADL3,Accelerometer RWR,193,6.433333333333334
S1-ADL3,Accelerometer RWR,9,0.3
S1-ADL3,Accelerometer RWR,1938,64.6
S1-ADL3,Accelerometer RWR,36,1.2
S1-ADL3,Accelerometer RWR,33,1.1
S1-ADL3,Accelerometer RWR,36,1.2
S1-ADL3,Accelerometer RWR,33,1.1
S1-ADL3,Accelerometer RWR,363,12.1
S1-ADL3,Accelerometer RUA^,40,1.3333333333333333
S1-ADL3,Accelerometer RUA^,38,1.2666666666666666
S1-ADL3,Accelerometer RUA^,40,1.3333333333333333
S1-ADL3,Accelerometer RUA^,41,1.3666666666666667
S1-ADL3,Accelerometer RUA^,5356,178.53333333333333
S1-ADL3,Accelerometer RUA^,1,0.03333333333333333
S1-ADL3,Accelerometer RUA^,19,0.6333333333333333
S1-ADL3,Accelerometer RUA^,1,0.03333333333333333
S1-ADL3,Accelerometer RUA^,42,1.4
S1-ADL3,Accelerometer RUA^,25974,865.8
S1-ADL3,Accelerometer RUA^,38,1.2666666666666666
S1-ADL3,Accelerometer RUA^,37,1.2333333333333334
S1-ADL3,Accelerometer RUA^,36,1.2
S1-ADL3,Accelerometer RUA^,34,1.1333333333333333
S1-ADL3,Accelerometer RUA^,365,12.166666666666666
S1-ADL3,Accelerometer LUA_,40,1.3333333333333333
S1-ADL3,Accelerometer LUA_,38,1.2666666666666666
S1-ADL3,Accelerometer LUA_,38,1.2666666666666666
S1-ADL3,Accelerometer LUA_,39,1.3
S1-ADL3,Accelerometer LUA_,5465,182.16666666666666
S1-ADL3,Accelerometer LUA_,26066,868.8666666666667
S1-ADL3,Accelerometer LUA_,39,1.3
S1-ADL3,Accelerometer LUA_,37,1.2333333333333334
S1-ADL3,Accelerometer LUA_,36,1.2
S1-ADL3,Accelerometer LUA_,35,1.1666666666666667
S1-ADL3,Accelerometer LUA_,364,12.133333333333333
S1-ADL3,Accelerometer LWR,38,1.2666666666666666
S1-ADL3,Accelerometer LWR,36,1.2
S1-ADL3,Accelerometer LWR,40,1.3333333333333333
S1-ADL3,Accelerometer LWR,40,1.3333333333333333
S1-ADL3,Accelerometer LWR,2793,93.1
S1-ADL3,Accelerometer LWR,2514,83.8
S1-ADL3,Accelerometer LWR,10,0.3333333333333333
S1-ADL3,Accelerometer LWR,18718,623.9333333333333
S1-ADL3,Accelerometer LWR,7296,243.2
S1-ADL3,Accelerometer LWR,37,1.2333333333333334
S1-ADL3,Accelerometer LWR,36,1.2
S1-ADL3,Accelerometer LWR,36,1.2
S1-ADL3,Accelerometer LWR,35,1.1666666666666667
S1-ADL3,Accelerometer LWR,365,12.166666666666666
S1-ADL3,Accelerometer RH,1,0.03333333333333333
S1-ADL4,Accelerometer RKN^,31,1.0333333333333334
S1-ADL4,Accelerometer RKN^,31,1.0333333333333334
S1-ADL4,Accelerometer RKN^,30538,1017.9333333333333
S1-ADL4,Accelerometer HIP,24546,818.2
S1-ADL4,Accelerometer LUA^,37,1.2333333333333334
S1-ADL4,Accelerometer LUA^,36,1.2
S1-ADL4,Accelerometer LUA^,34,1.1333333333333333
S1-ADL4,Accelerometer LUA^,38,1.2666666666666666
S1-ADL4,Accelerometer LUA^,31640,1054.6666666666667
S1-ADL4,Accelerometer LUA^,42,1.4
S1-ADL4,Accelerometer LUA^,37,1.2333333333333334
S1-ADL4,Accelerometer LUA^,40,1.3333333333333333
S1-ADL4,Accelerometer LUA^,39,1.3
S1-ADL4,Accelerometer LUA^,392,13.066666666666666
S1-ADL4,Accelerometer RUA_,39,1.3
S1-ADL4,Accelerometer RUA_,36,1.2
S1-ADL4,Accelerometer RUA_,35,1.1666666666666667
S1-ADL4,Accelerometer RUA_,3705,123.5
S1-ADL4,Accelerometer RUA_,6447,214.9
S1-ADL4,Accelerometer RUA_,4535,151.16666666666666
S1-ADL4,Accelerometer RUA_,10519,350.6333333333333
S1-ADL4,Accelerometer RUA_,3713,123.76666666666667
S1-ADL4,Accelerometer RUA_,454,15.133333333333333
S1-ADL4,Accelerometer RUA_,2201,73.36666666666666
S1-ADL4,Accelerometer RUA_,43,1.4333333333333333
S1-ADL4,Accelerometer RUA_,37,1.2333333333333334
S1-ADL4,Accelerometer RUA_,42,1.4
S1-ADL4,Accelerometer RUA_,39,1.3
S1-ADL4,Accelerometer RUA_,393,13.1
S1-ADL4,Accelerometer LH,36,1.2
S1-ADL4,Accelerometer LH,33,1.1
S1-ADL4,Accelerometer LH,34,1.1333333333333333
S1-ADL4,Accelerometer LH,36,1.2
S1-ADL4,Accelerometer LH,7834,261.1333333333333
S1-ADL4,Accelerometer LH,10883,362.76666666666665
S1-ADL4,Accelerometer LH,2522,84.06666666666666
S1-ADL4,Accelerometer LH,10325,344.1666666666667
S1-ADL4,Accelerometer LH,1,0.03333333333333333
S1-ADL4,Accelerometer RKN_,1468,48.93333333333333
S1-ADL4,Accelerometer RKN_,2927,97.56666666666666
S1-ADL4,Accelerometer RKN_,247,8.233333333333333
S1-ADL4,Accelerometer RKN_,358,11.933333333333334
S1-ADL4,Accelerometer RKN_,415,13.833333333333334
S1-ADL4,Accelerometer RKN_,50,1.6666666666666667
S1-ADL4,Accelerometer RKN_,155,5.166666666666667
S1-ADL4,Accelerometer RKN_,88,2.933333333333333
S1-ADL4,Accelerometer RKN_,262,8.733333333333333
S1-ADL4,Accelerometer RKN_,167,5.566666666666666
S1-ADL4,Accelerometer RKN_,89,2.966666666666667
S1-ADL4,Accelerometer RKN_,545,18.166666666666668
S1-ADL4,Accelerometer RKN_,294,9.8
S1-ADL4,Accelerometer RKN_,83,2.7666666666666666
S1-ADL4,Accelerometer RKN_,83,2.7666666666666666
S1-ADL4,Accelerometer RKN_,50,1.6666666666666667
S1-ADL4,Accelerometer RKN_,51,1.7
S1-ADL4,Accelerometer RKN_,18,0.6
S1-ADL4,Accelerometer RKN_,57,1.9
S1-ADL4,Accelerometer RKN_,88,2.933333333333333
S1-ADL4,Accelerometer RKN_,90,3.0
S1-ADL4,Accelerometer RKN_,55,1.8333333333333333
S1-ADL4,Accelerometer RKN_,15,0.5
S1-ADL4,Accelerometer RKN_,16,0.5333333333333333
S1-ADL4,Accelerometer RKN_,162,5.4
S1-ADL4,Accelerometer RKN_,85,2.8333333333333335
S1-ADL4,Accelerometer RKN_,119,3.966666666666667
S1-ADL4,Accelerometer RKN_,256,8.533333333333333
S1-ADL4,Accelerometer RKN_,48,1.6
S1-ADL4,Accelerometer RKN_,255,8.5
S1-ADL4,Accelerometer RKN_,15,0.5
S1-ADL4,Accelerometer RKN_,127,4.233333333333333
S1-ADL4,Accelerometer RKN_,21,0.7
S1-ADL4,Accelerometer RKN_,442,14.733333333333333
S1-ADL4,Accelerometer RKN_,184,6.133333333333334
S1-ADL4,Accelerometer RKN_,15,0.5
S1-ADL4,Accelerometer RKN_,3115,103.83333333333333
S1-ADL4,Accelerometer RKN_,2970,99.0
S1-ADL4,Accelerometer RKN_,55,1.8333333333333333
S1-ADL4,Accelerometer RKN_,2825,94.16666666666667
S1-ADL4,Accelerometer RKN_,7799,259.96666666666664
S1-ADL4,Accelerometer RKN_,1281,42.7
S1-ADL4,Accelerometer RKN_,16,0.5333333333333333
S1-ADL4,Accelerometer RKN_,418,13.933333333333334
S1-ADL4,Accelerometer RKN_,17,0.5666666666666667
S1-ADL4,Accelerometer RKN_,447,14.9
S1-ADL4,Accelerometer RKN_,78,2.6
S1-ADL4,Accelerometer RKN_,2785,92.83333333333333
S1-ADL4,Accelerometer RWR,38,1.2666666666666666
S1-ADL4,Accelerometer RWR,35,1.1666666666666667
S1-ADL4,Accelerometer RWR,219,7.3
S1-ADL4,Accelerometer RWR,1675,55.833333333333336
S1-ADL4,Accelerometer RWR,100,3.3333333333333335
S1-ADL4,Accelerometer RWR,583,19.433333333333334
S1-ADL4,Accelerometer RWR,748,24.933333333333334
S1-ADL4,Accelerometer RWR,419,13.966666666666667
S1-ADL4,Accelerometer RWR,131,4.366666666666666
S1-ADL4,Accelerometer RWR,533,17.766666666666666
S1-ADL4,Accelerometer RWR,4481,149.36666666666667
S1-ADL4,Accelerometer RWR,10,0.3333333333333333
S1-ADL4,Accelerometer RWR,400,13.333333333333334
S1-ADL4,Accelerometer RWR,4572,152.4
S1-ADL4,Accelerometer RWR,369,12.3
S1-ADL4,Accelerometer RWR,164,5.466666666666667
S1-ADL4,Accelerometer RWR,162,5.4
S1-ADL4,Accelerometer RWR,191,6.366666666666666
S1-ADL4,Accelerometer RWR,624,20.8
S1-ADL4,Accelerometer RWR,1416,47.2
S1-ADL4,Accelerometer RWR,1510,50.333333333333336
S1-ADL4,Accelerometer RWR,253,8.433333333333334
S1-ADL4,Accelerometer RWR,129,4.3
S1-ADL4,Accelerometer RWR,1050,35.0
S1-ADL4,Accelerometer RWR,937,31.233333333333334
S1-ADL4,Accelerometer RWR,3793,126.43333333333334
S1-ADL4,Accelerometer RWR,2861,95.36666666666666
S1-ADL4,Accelerometer RWR,1,0.03333333333333333
S1-ADL4,Accelerometer RWR,621,20.7
S1-ADL4,Accelerometer RWR,10,0.3333333333333333
S1-ADL4,Accelerometer RWR,16,0.5333333333333333
S1-ADL4,Accelerometer RWR,153,5.1
S1-ADL4,Accelerometer RWR,345,11.5
S1-ADL4,Accelerometer RWR,240,8.0
S1-ADL4,Accelerometer RWR,6,0.2
S1-ADL4,Accelerometer RWR,1799,59.96666666666667
S1-ADL4,Accelerometer RWR,1,0.03333333333333333
S1-ADL4,Accelerometer RUA^,38,1.2666666666666666
S1-ADL4,Accelerometer RUA^,37,1.2333333333333334
S1-ADL4,Accelerometer RUA^,36,1.2
S1-ADL4,Accelerometer RUA^,38,1.2666666666666666
S1-ADL4,Accelerometer RUA^,31638,1054.6
S1-ADL4,Accelerometer RUA^,42,1.4
S1-ADL4,Accelerometer RUA^,39,1.3
S1-ADL4,Accelerometer RUA^,40,1.3333333333333333
S1-ADL4,Accelerometer RUA^,39,1.3
S1-ADL4,Accelerometer RUA^,409,13.633333333333333
S1-ADL4,Accelerometer LUA_,37,1.2333333333333334
S1-ADL4,Accelerometer LUA_,36,1.2
S1-ADL4,Accelerometer LUA_,35,1.1666666666666667
S1-ADL4,Accelerometer LUA_,38,1.2666666666666666
S1-ADL4,Accelerometer LUA_,22858,761.9333333333333
S1-ADL4,Accelerometer LUA_,8762,292.06666666666666
S1-ADL4,Accelerometer LUA_,43,1.4333333333333333
S1-ADL4,Accelerometer LUA_,38,1.2666666666666666
S1-ADL4,Accelerometer LUA_,41,1.3666666666666667
S1-ADL4,Accelerometer LUA_,38,1.2666666666666666
S1-ADL4,Accelerometer LUA_,409,13.633333333333333
S1-ADL4,Accelerometer LWR,35,1.1666666666666667
S1-ADL4,Accelerometer LWR,34,1.1333333333333333
S1-ADL4,Accelerometer LWR,38,1.2666666666666666
S1-ADL4,Accelerometer LWR,7836,261.2
S1-ADL4,Accelerometer LWR,23783,792.7666666666667
S1-ADL4,Accelerometer LWR,44,1.4666666666666666
S1-ADL4,Accelerometer LWR,37,1.2333333333333334
S1-ADL4,Accelerometer LWR,39,1.3
S1-ADL4,Accelerometer LWR,40,1.3333333333333333
S1-ADL4,Accelerometer LWR,411,13.7
S1-ADL4,Accelerometer RH,1,0.03333333333333333
S1-ADL5,Accelerometer RKN^,2028,67.6
S1-ADL5,Accelerometer RKN^,304,10.133333333333333
S1-ADL5,Accelerometer RKN^,161,5.366666666666666
S1-ADL5,Accelerometer RKN^,53,1.7666666666666666
S1-ADL5,Accelerometer RKN^,673,22.433333333333334
S1-ADL5,Accelerometer RKN^,265,8.833333333333334
S1-ADL5,Accelerometer RKN^,264,8.8
S1-ADL5,Accelerometer RKN^,16,0.5333333333333333
S1-ADL5,Accelerometer RKN^,142,4.733333333333333
S1-ADL5,Accelerometer RKN^,11,0.36666666666666664
S1-ADL5,Accelerometer RKN^,17,0.5666666666666667
S1-ADL5,Accelerometer RKN^,449,14.966666666666667
S1-ADL5,Accelerometer RKN^,17,0.5666666666666667
S1-ADL5,Accelerometer RKN^,52,1.7333333333333334
S1-ADL5,Accelerometer RKN^,24,0.8
S1-ADL5,Accelerometer RKN^,107,3.566666666666667
S1-ADL5,Accelerometer RKN^,28,0.9333333333333333
S1-ADL5,Accelerometer RKN^,167,5.566666666666666
S1-ADL5,Accelerometer RKN^,28,0.9333333333333333
S1-ADL5,Accelerometer RKN^,12,0.4
S1-ADL5,Accelerometer RKN^,15,0.5
S1-ADL5,Accelerometer RKN^,18,0.6
S1-ADL5,Accelerometer RKN^,17,0.5666666666666667
S1-ADL5,Accelerometer RKN^,16,0.5333333333333333
S1-ADL5,Accelerometer RKN^,53,1.7666666666666666
S1-ADL5,Accelerometer RKN^,16,0.5333333333333333
S1-ADL5,Accelerometer RKN^,17,0.5666666666666667
S1-ADL5,Accelerometer RKN^,18,0.6
S1-ADL5,Accelerometer RKN^,53,1.7666666666666666
S1-ADL5,Accelerometer RKN^,3,0.1
S1-ADL5,Accelerometer RKN^,16,0.5333333333333333
S1-ADL5,Accelerometer RKN^,17,0.5666666666666667
S1-ADL5,Accelerometer RKN^,15,0.5
S1-ADL5,Accelerometer RKN^,16,0.5333333333333333
S1-ADL5,Accelerometer RKN^,12,0.4
S1-ADL5,Accelerometer RKN^,20,0.6666666666666666
S1-ADL5,Accelerometer RKN^,17,0.5666666666666667
S1-ADL5,Accelerometer RKN^,12,0.4
S1-ADL5,Accelerometer RKN^,16,0.5333333333333333
S1-ADL5,Accelerometer RKN^,19,0.6333333333333333
S1-ADL5,Accelerometer RKN^,12,0.4
S1-ADL5,Accelerometer RKN^,16,0.5333333333333333
S1-ADL5,Accelerometer RKN^,17,0.5666666666666667
S1-ADL5,Accelerometer RKN^,16,0.5333333333333333
S1-ADL5,Accelerometer RKN^,52,1.7333333333333334
S1-ADL5,Accelerometer RKN^,16,0.5333333333333333
S1-ADL5,Accelerometer RKN^,449,14.966666666666667
S1-ADL5,Accelerometer RKN^,157,5.233333333333333
S1-ADL5,Accelerometer RKN^,23,0.7666666666666667
S1-ADL5,Accelerometer RKN^,22,0.7333333333333333
S1-ADL5,Accelerometer RKN^,225,7.5
S1-ADL5,Accelerometer RKN^,18,0.6
S1-ADL5,Accelerometer RKN^,19,0.6333333333333333
S1-ADL5,Accelerometer RKN^,19,0.6333333333333333
S1-ADL5,Accelerometer RKN^,18,0.6
S1-ADL5,Accelerometer RKN^,19,0.6333333333333333
S1-ADL5,Accelerometer RKN^,17,0.5666666666666667
S1-ADL5,Accelerometer RKN^,18,0.6
S1-ADL5,Accelerometer RKN^,18,0.6
S1-ADL5,Accelerometer RKN^,18,0.6
S1-ADL5,Accelerometer RKN^,17,0.5666666666666667
S1-ADL5,Accelerometer RKN^,17,0.5666666666666667
S1-ADL5,Accelerometer RKN^,17,0.5666666666666667
S1-ADL5,Accelerometer RKN^,17,0.5666666666666667
S1-ADL5,Accelerometer RKN^,17,0.5666666666666667
S1-ADL5,Accelerometer RKN^,16,0.5333333333333333
S1-ADL5,Accelerometer RKN^,16,0.5333333333333333
S1-ADL5,Accelerometer RKN^,53,1.7666666666666666
S1-ADL5,Accelerometer RKN^,16,0.5333333333333333
S1-ADL5,Accelerometer RKN^,13,0.43333333333333335
S1-ADL5,Accelerometer RKN^,16,0.5333333333333333
S1-ADL5,Accelerometer RKN^,86,2.8666666666666667
S1-ADL5,Accelerometer RKN^,16,0.5333333333333333
S1-ADL5,Accelerometer RKN^,49,1.6333333333333333
S1-ADL5,Accelerometer RKN^,13,0.43333333333333335
S1-ADL5,Accelerometer RKN^,16,0.5333333333333333
S1-ADL5,Accelerometer RKN^,15,0.5
S1-ADL5,Accelerometer RKN^,15,0.5
S1-ADL5,Accelerometer RKN^,17,0.5666666666666667
S1-ADL5,Accelerometer RKN^,22,0.7333333333333333
S1-ADL5,Accelerometer RKN^,222,7.4
S1-ADL5,Accelerometer RKN^,179,5.966666666666667
S1-ADL5,Accelerometer RKN^,3,0.1
S1-ADL5,Accelerometer RKN^,736,24.533333333333335
S1-ADL5,Accelerometer RKN^,5088,169.6
S1-ADL5,Accelerometer RKN^,173,5.766666666666667
S1-ADL5,Accelerometer RKN^,7984,266.1333333333333
S1-ADL5,Accelerometer RKN^,179,5.966666666666667
S1-ADL5,Accelerometer RKN^,714,23.8
S1-ADL5,Accelerometer RKN^,526,17.533333333333335
S1-ADL5,Accelerometer RKN^,505,16.833333333333332
S1-ADL5,Accelerometer RKN^,356,11.866666666666667
S1-ADL5,Accelerometer RKN^,16,0.5333333333333333
S1-ADL5,Accelerometer RKN^,422,14.066666666666666
S1-ADL5,Accelerometer RKN^,51,1.7
S1-ADL5,Accelerometer RKN^,16,0.5333333333333333
S1-ADL5,Accelerometer RKN^,17,0.5666666666666667
S1-ADL5,Accelerometer RKN^,111,3.7
S1-ADL5,Accelerometer RKN^,349,11.633333333333333
S1-ADL5,Accelerometer RKN^,196,6.533333333333333
S1-ADL5,Accelerometer RKN^,1145,38.166666666666664
S1-ADL5,Accelerometer RKN^,1436,47.86666666666667
S1-ADL5,Accelerometer HIP,14308,476.93333333333334
S1-ADL5,Accelerometer HIP,5354,178.46666666666667
S1-ADL5,Accelerometer LUA^,41,1.3666666666666667
S1-ADL5,Accelerometer LUA^,37,1.2333333333333334
S1-ADL5,Accelerometer LUA^,38,1.2666666666666666
S1-ADL5,Accelerometer LUA^,38,1.2666666666666666
S1-ADL5,Accelerometer LUA^,28929,964.3
S1-ADL5,Accelerometer LUA^,44,1.4666666666666666
S1-ADL5,Accelerometer LUA^,41,1.3666666666666667
S1-ADL5,Accelerometer LUA^,37,1.2333333333333334
S1-ADL5,Accelerometer LUA^,41,1.3666666666666667
S1-ADL5,Accelerometer LUA^,456,15.2
S1-ADL5,Accelerometer RUA_,42,1.4
S1-ADL5,Accelerometer RUA_,37,1.2333333333333334
S1-ADL5,Accelerometer RUA_,41,1.3666666666666667
S1-ADL5,Accelerometer RUA_,37,1.2333333333333334
S1-ADL5,Accelerometer RUA_,3508,116.93333333333334
S1-ADL5,Accelerometer RUA_,554,18.466666666666665
S1-ADL5,Accelerometer RUA_,6438,214.6
S1-ADL5,Accelerometer RUA_,11610,387.0
S1-ADL5,Accelerometer RUA_,1276,42.53333333333333
S1-ADL5,Accelerometer RUA_,5443,181.43333333333334
S1-ADL5,Accelerometer RUA_,44,1.4666666666666666
S1-ADL5,Accelerometer RUA_,43,1.4333333333333333
S1-ADL5,Accelerometer RUA_,37,1.2333333333333334
S1-ADL5,Accelerometer RUA_,40,1.3333333333333333
S1-ADL5,Accelerometer RUA_,457,15.233333333333333
S1-ADL5,Accelerometer LH,41,1.3666666666666667
S1-ADL5,Accelerometer LH,38,1.2666666666666666
S1-ADL5,Accelerometer LH,39,1.3
S1-ADL5,Accelerometer LH,457,15.233333333333333
S1-ADL5,Accelerometer RKN_,926,30.866666666666667
S1-ADL5,Accelerometer RKN_,208,6.933333333333334
S1-ADL5,Accelerometer RKN_,338,11.266666666666667
S1-ADL5,Accelerometer RKN_,132,4.4
S1-ADL5,Accelerometer RKN_,476,15.866666666666667
S1-ADL5,Accelerometer RKN_,51,1.7
S1-ADL5,Accelerometer RKN_,811,27.033333333333335
S1-ADL5,Accelerometer RKN_,413,13.766666666666667
S1-ADL5,Accelerometer RKN_,361,12.033333333333333
S1-ADL5,Accelerometer RKN_,67,2.2333333333333334
S1-ADL5,Accelerometer RKN_,22,0.7333333333333333
S1-ADL5,Accelerometer RKN_,20,0.6666666666666666
S1-ADL5,Accelerometer RKN_,60,2.0
S1-ADL5,Accelerometer RKN_,957,31.9
S1-ADL5,Accelerometer RKN_,86,2.8666666666666667
S1-ADL5,Accelerometer RKN_,49,1.6333333333333333
S1-ADL5,Accelerometer RKN_,125,4.166666666666667
S1-ADL5,Accelerometer RKN_,264,8.8
S1-ADL5,Accelerometer RKN_,975,32.5
S1-ADL5,Accelerometer RKN_,5024,167.46666666666667
S1-ADL5,Accelerometer RKN_,14,0.4666666666666667
S1-ADL5,Accelerometer RKN_,16,0.5333333333333333
S1-ADL5,Accelerometer RKN_,2978,99.26666666666667
S1-ADL5,Accelerometer RKN_,4566,152.2
S1-ADL5,Accelerometer RKN_,755,25.166666666666668
S1-ADL5,Accelerometer RKN_,751,25.033333333333335
S1-ADL5,Accelerometer RKN_,16,0.5333333333333333
S1-ADL5,Accelerometer RKN_,489,16.3
S1-ADL5,Accelerometer RKN_,1637,54.56666666666667
S1-ADL5,Accelerometer RKN_,781,26.033333333333335
S1-ADL5,Accelerometer RKN_,931,31.033333333333335
S1-ADL5,Accelerometer RKN_,10,0.3333333333333333
S1-ADL5,Accelerometer RKN_,1411,47.03333333333333
S1-ADL5,Accelerometer RWR,41,1.3666666666666667
S1-ADL5,Accelerometer RWR,36,1.2
S1-ADL5,Accelerometer RWR,40,1.3333333333333333
S1-ADL5,Accelerometer RWR,38,1.2666666666666666
S1-ADL5,Accelerometer RWR,2432,81.06666666666666
S1-ADL5,Accelerometer RWR,252,8.4
S1-ADL5,Accelerometer RWR,941,31.366666666666667
S1-ADL5,Accelerometer RWR,66,2.2
S1-ADL5,Accelerometer RWR,19,0.6333333333333333
S1-ADL5,Accelerometer RWR,233,7.766666666666667
S1-ADL5,Accelerometer RWR,287,9.566666666666666
S1-ADL5,Accelerometer RWR,319,10.633333333333333
S1-ADL5,Accelerometer RWR,89,2.966666666666667
S1-ADL5,Accelerometer RWR,4292,143.06666666666666
S1-ADL5,Accelerometer RWR,4746,158.2
S1-ADL5,Accelerometer RWR,192,6.4
S1-ADL5,Accelerometer RWR,178,5.933333333333334
S1-ADL5,Accelerometer RWR,829,27.633333333333333
S1-ADL5,Accelerometer RWR,70,2.3333333333333335
S1-ADL5,Accelerometer RWR,1813,60.43333333333333
S1-ADL5,Accelerometer RWR,4515,150.5
S1-ADL5,Accelerometer RWR,343,11.433333333333334
S1-ADL5,Accelerometer RWR,186,6.2
S1-ADL5,Accelerometer RWR,188,6.266666666666667
S1-ADL5,Accelerometer RWR,909,30.3
S1-ADL5,Accelerometer RWR,138,4.6
S1-ADL5,Accelerometer RWR,642,21.4
S1-ADL5,Accelerometer RWR,11,0.36666666666666664
S1-ADL5,Accelerometer RWR,13,0.43333333333333335
S1-ADL5,Accelerometer RWR,62,2.066666666666667
S1-ADL5,Accelerometer RWR,592,19.733333333333334
S1-ADL5,Accelerometer RWR,937,31.233333333333334
S1-ADL5,Accelerometer RWR,144,4.8
S1-ADL5,Accelerometer RWR,54,1.8
S1-ADL5,Accelerometer RWR,258,8.6
S1-ADL5,Accelerometer RWR,321,10.7
S1-ADL5,Accelerometer RWR,160,5.333333333333333
S1-ADL5,Accelerometer RWR,19,0.6333333333333333
S1-ADL5,Accelerometer RWR,16,0.5333333333333333
S1-ADL5,Accelerometer RWR,1948,64.93333333333334
S1-ADL5,Accelerometer RWR,42,1.4
S1-ADL5,Accelerometer RWR,41,1.3666666666666667
S1-ADL5,Accelerometer RWR,36,1.2
S1-ADL5,Accelerometer RWR,39,1.3
S1-ADL5,Accelerometer RWR,457,15.233333333333333
S1-ADL5,Accelerometer RUA^,42,1.4
S1-ADL5,Accelerometer RUA^,97,3.2333333333333334
S1-ADL5,Accelerometer RUA^,37,1.2333333333333334
S1-ADL5,Accelerometer RUA^,5195,173.16666666666666
S1-ADL5,Accelerometer RUA^,23703,790.1
S1-ADL5,Accelerometer RUA^,43,1.4333333333333333
S1-ADL5,Accelerometer RUA^,42,1.4
S1-ADL5,Accelerometer RUA^,37,1.2333333333333334
S1-ADL5,Accelerometer RUA^,41,1.3666666666666667
S1-ADL5,Accelerometer RUA^,459,15.3
S1-ADL5,Accelerometer LUA_,98,3.2666666666666666
S1-ADL5,Accelerometer LUA_,40,1.3333333333333333
S1-ADL5,Accelerometer LUA_,38,1.2666666666666666
S1-ADL5,Accelerometer LUA_,27713,923.7666666666667
S1-ADL5,Accelerometer LUA_,407,13.566666666666666
S1-ADL5,Accelerometer LUA_,106,3.533333333333333
S1-ADL5,Accelerometer LUA_,37,1.2333333333333334
S1-ADL5,Accelerometer LUA_,40,1.3333333333333333
S1-ADL5,Accelerometer LUA_,459,15.3
S1-ADL5,Accelerometer LWR,40,1.3333333333333333
S1-ADL5,Accelerometer LWR,38,1.2666666666666666
S1-ADL5,Accelerometer LWR,39,1.3
S1-ADL5,Accelerometer LWR,38,1.2666666666666666
S1-ADL5,Accelerometer LWR,18672,622.4
S1-ADL5,Accelerometer LWR,10239,341.3
S1-ADL5,Accelerometer LWR,43,1.4333333333333333
S1-ADL5,Accelerometer LWR,41,1.3666666666666667
S1-ADL5,Accelerometer LWR,37,1.2333333333333334
S1-ADL5,Accelerometer LWR,41,1.3666666666666667
S1-ADL5,Accelerometer LWR,461,15.366666666666667
S1-ADL5,Accelerometer RH,1,0.03333333333333333
S1-Drill,Accelerometer RKN^,31,1.0333333333333334
S1-Drill,Accelerometer RKN^,344,11.466666666666667
S1-Drill,Accelerometer RKN^,71,2.3666666666666667
S1-Drill,Accelerometer RKN^,12,0.4
S1-Drill,Accelerometer RKN^,1953,65.1
S1-Drill,Accelerometer RKN^,497,16.566666666666666
S1-Drill,Accelerometer RKN^,754,25.133333333333333
S1-Drill,Accelerometer RKN^,1500,50.0
S1-Drill,Accelerometer RKN^,2,0.06666666666666667
S1-Drill,Accelerometer RKN^,1735,57.833333333333336
S1-Drill,Accelerometer RKN^,606,20.2
S1-Drill,Accelerometer RKN^,180,6.0
S1-Drill,Accelerometer RKN^,1061,35.36666666666667
S1-Drill,Accelerometer RKN^,2364,78.8
S1-Drill,Accelerometer RKN^,15,0.5
S1-Drill,Accelerometer RKN^,988,32.93333333333333
S1-Drill,Accelerometer RKN^,918,30.6
S1-Drill,Accelerometer RKN^,316,10.533333333333333
S1-Drill,Accelerometer RKN^,202,6.733333333333333
S1-Drill,Accelerometer RKN^,19,0.6333333333333333
S1-Drill,Accelerometer RKN^,135,4.5
S1-Drill,Accelerometer RKN^,1798,59.93333333333333
S1-Drill,Accelerometer RKN^,203,6.766666666666667
S1-Drill,Accelerometer RKN^,32,1.0666666666666667
S1-Drill,Accelerometer RKN^,31,1.0333333333333334
S1-Drill,Accelerometer RKN^,228,7.6
S1-Drill,Accelerometer RKN^,1956,65.2
S1-Drill,Accelerometer RKN^,308,10.266666666666667
S1-Drill,Accelerometer RKN^,258,8.6
S1-Drill,Accelerometer RKN^,13,0.43333333333333335
S1-Drill,Accelerometer RKN^,2521,84.03333333333333
S1-Drill,Accelerometer RKN^,2213,73.76666666666667
S1-Drill,Accelerometer RKN^,586,19.533333333333335
S1-Drill,Accelerometer RKN^,16,0.5333333333333333
S1-Drill,Accelerometer RKN^,153,5.1
S1-Drill,Accelerometer RKN^,1712,57.06666666666667
S1-Drill,Accelerometer RKN^,15,0.5
S1-Drill,Accelerometer RKN^,520,17.333333333333332
S1-Drill,Accelerometer RKN^,1651,55.03333333333333
S1-Drill,Accelerometer RKN^,546,18.2
S1-Drill,Accelerometer RKN^,136,4.533333333333333
S1-Drill,Accelerometer RKN^,1572,52.4
S1-Drill,Accelerometer RKN^,288,9.6
S1-Drill,Accelerometer RKN^,278,9.266666666666667
S1-Drill,Accelerometer RKN^,1709,56.96666666666667
S1-Drill,Accelerometer RKN^,293,9.766666666666667
S1-Drill,Accelerometer RKN^,282,9.4
S1-Drill,Accelerometer RKN^,1330,44.333333333333336
S1-Drill,Accelerometer RKN^,757,25.233333333333334
S1-Drill,Accelerometer RKN^,284,9.466666666666667
S1-Drill,Accelerometer RKN^,16,0.5333333333333333
S1-Drill,Accelerometer RKN^,2,0.06666666666666667
S1-Drill,Accelerometer RKN^,154,5.133333333333334
S1-Drill,Accelerometer RKN^,2440,81.33333333333333
S1-Drill,Accelerometer RKN^,16,0.5333333333333333
S1-Drill,Accelerometer RKN^,844,28.133333333333333
S1-Drill,Accelerometer RKN^,1157,38.56666666666667
S1-Drill,Accelerometer RKN^,251,8.366666666666667
S1-Drill,Accelerometer RKN^,979,32.63333333333333
S1-Drill,Accelerometer RKN^,1148,38.266666666666666
S1-Drill,Accelerometer RKN^,20,0.6666666666666666
S1-Drill,Accelerometer RKN^,219,7.3
S1-Drill,Accelerometer RKN^,2,0.06666666666666667
S1-Drill,Accelerometer RKN^,18,0.6
S1-Drill,Accelerometer RKN^,850,28.333333333333332
S1-Drill,Accelerometer RKN^,1544,51.46666666666667
S1-Drill,Accelerometer RKN^,1843,61.43333333333333
S1-Drill,Accelerometer RKN^,616,20.533333333333335
S1-Drill,Accelerometer RKN^,986,32.86666666666667
S1-Drill,Accelerometer RKN^,234,7.8
S1-Drill,Accelerometer RKN^,596,19.866666666666667
S1-Drill,Accelerometer RKN^,14,0.4666666666666667
S1-Drill,Accelerometer RKN^,1,0.03333333333333333
S1-Drill,Accelerometer RKN^,273,9.1
S1-Drill,Accelerometer RKN^,304,10.133333333333333
S1-Drill,Accelerometer RKN^,1120,37.333333333333336
S1-Drill,Accelerometer RKN^,751,25.033333333333335
S1-Drill,Accelerometer RKN^,61,2.033333333333333
S1-Drill,Accelerometer RKN^,61,2.033333333333333
S1-Drill,Accelerometer RKN^,497,16.566666666666666
S1-Drill,Accelerometer RKN^,1,0.03333333333333333
S1-Drill,Accelerometer HIP,11060,368.6666666666667
S1-Drill,Accelerometer HIP,11347,378.23333333333335
S1-Drill,Accelerometer HIP,4921,164.03333333333333
S1-Drill,Accelerometer HIP,2291,76.36666666666666
S1-Drill,Accelerometer HIP,6746,224.86666666666667
S1-Drill,Accelerometer LUA^,36,1.2
S1-Drill,Accelerometer LUA^,36,1.2
S1-Drill,Accelerometer LUA^,91,3.033333333333333
S1-Drill,Accelerometer LUA^,53941,1798.0333333333333
S1-Drill,Accelerometer LUA^,84,2.8
S1-Drill,Accelerometer LUA^,83,2.7666666666666666
S1-Drill,Accelerometer LUA^,349,11.633333333333333
S1-Drill,Accelerometer RUA_,37,1.2333333333333334
S1-Drill,Accelerometer RUA_,35,1.1666666666666667
S1-Drill,Accelerometer RUA_,34,1.1333333333333333
S1-Drill,Accelerometer RUA_,36,1.2
S1-Drill,Accelerometer RUA_,7355,245.16666666666666
S1-Drill,Accelerometer RUA_,2485,82.83333333333333
S1-Drill,Accelerometer RUA_,1827,60.9
S1-Drill,Accelerometer RUA_,2137,71.23333333333333
S1-Drill,Accelerometer RUA_,175,5.833333333333333
S1-Drill,Accelerometer RUA_,2072,69.06666666666666
S1-Drill,Accelerometer RUA_,2111,70.36666666666666
S1-Drill,Accelerometer RUA_,450,15.0
S1-Drill,Accelerometer RUA_,2506,83.53333333333333
S1-Drill,Accelerometer RUA_,6656,221.86666666666667
S1-Drill,Accelerometer RUA_,4640,154.66666666666666
S1-Drill,Accelerometer RUA_,6488,216.26666666666668
S1-Drill,Accelerometer RUA_,2049,68.3
S1-Drill,Accelerometer RUA_,251,8.366666666666667
S1-Drill,Accelerometer RUA_,162,5.4
S1-Drill,Accelerometer RUA_,2186,72.86666666666666
S1-Drill,Accelerometer RUA_,7687,256.23333333333335
S1-Drill,Accelerometer RUA_,1085,36.166666666666664
S1-Drill,Accelerometer RUA_,1262,42.06666666666667
S1-Drill,Accelerometer RUA_,31,1.0333333333333334
S1-Drill,Accelerometer RUA_,34,1.1333333333333333
S1-Drill,Accelerometer RUA_,29,0.9666666666666667
S1-Drill,Accelerometer RUA_,34,1.1333333333333333
S1-Drill,Accelerometer RUA_,292,9.733333333333333
S1-Drill,Accelerometer LH,33,1.1
S1-Drill,Accelerometer LH,12,0.4
S1-Drill,Accelerometer LH,33,1.1
S1-Drill,Accelerometer LH,11546,384.8666666666667
S1-Drill,Accelerometer LH,3277,109.23333333333333
S1-Drill,Accelerometer LH,22236,741.2
S1-Drill,Accelerometer LH,9518,317.26666666666665
S1-Drill,Accelerometer LH,7284,242.8
S1-Drill,Accelerometer LH,27,0.9
S1-Drill,Accelerometer LH,33,1.1
S1-Drill,Accelerometer LH,29,0.9666666666666667
S1-Drill,Accelerometer LH,33,1.1
S1-Drill,Accelerometer LH,348,11.6
S1-Drill,Accelerometer RKN_,621,20.7
S1-Drill,Accelerometer RKN_,698,23.266666666666666
S1-Drill,Accelerometer RKN_,10,0.3333333333333333
S1-Drill,Accelerometer RKN_,897,29.9
S1-Drill,Accelerometer RKN_,3330,111.0
S1-Drill,Accelerometer RKN_,569,18.966666666666665
S1-Drill,Accelerometer RKN_,5957,198.56666666666666
S1-Drill,Accelerometer RKN_,206,6.866666666666666
S1-Drill,Accelerometer RKN_,19,0.6333333333333333
S1-Drill,Accelerometer RKN_,966,32.2
S1-Drill,Accelerometer RKN_,933,31.1
S1-Drill,Accelerometer RKN_,17,0.5666666666666667
S1-Drill,Accelerometer RKN_,254,8.466666666666667
S1-Drill,Accelerometer RKN_,281,9.366666666666667
S1-Drill,Accelerometer RKN_,148,4.933333333333334
S1-Drill,Accelerometer RKN_,1825,60.833333333333336
S1-Drill,Accelerometer RKN_,274,9.133333333333333
S1-Drill,Accelerometer RKN_,26,0.8666666666666667
S1-Drill,Accelerometer RKN_,246,8.2
S1-Drill,Accelerometer RKN_,1896,63.2
S1-Drill,Accelerometer RKN_,255,8.5
S1-Drill,Accelerometer RKN_,1543,51.43333333333333
S1-Drill,Accelerometer RKN_,1297,43.233333333333334
S1-Drill,Accelerometer RKN_,5248,174.93333333333334
S1-Drill,Accelerometer RKN_,1611,53.7
S1-Drill,Accelerometer RKN_,231,7.7
S1-Drill,Accelerometer RKN_,261,8.7
S1-Drill,Accelerometer RKN_,15,0.5
S1-Drill,Accelerometer RKN_,1749,58.3
S1-Drill,Accelerometer RKN_,559,18.633333333333333
S1-Drill,Accelerometer RKN_,1330,44.333333333333336
S1-Drill,Accelerometer RKN_,3261,108.7
S1-Drill,Accelerometer RKN_,2301,76.7
S1-Drill,Accelerometer RKN_,554,18.466666666666665
S1-Drill,Accelerometer RKN_,1892,63.06666666666667
S1-Drill,Accelerometer RKN_,275,9.166666666666666
S1-Drill,Accelerometer RKN_,295,9.833333333333334
S1-Drill,Accelerometer RKN_,113,3.7666666666666666
S1-Drill,Accelerometer RKN_,717,23.9
S1-Drill,Accelerometer RKN_,238,7.933333333333334
S1-Drill,Accelerometer RKN_,1288,42.93333333333333
S1-Drill,Accelerometer RKN_,163,5.433333333333334
S1-Drill,Accelerometer RKN_,759,25.3
S1-Drill,Accelerometer RKN_,1211,40.36666666666667
S1-Drill,Accelerometer RKN_,347,11.566666666666666
S1-Drill,Accelerometer RKN_,5246,174.86666666666667
S1-Drill,Accelerometer RUA^,35,1.1666666666666667
S1-Drill,Accelerometer RUA^,37,1.2333333333333334
S1-Drill,Accelerometer RUA^,34,1.1333333333333333
S1-Drill,Accelerometer RUA^,36,1.2
S1-Drill,Accelerometer RUA^,18872,629.0666666666667
S1-Drill,Accelerometer RUA^,35050,1168.3333333333333
S1-Drill,Accelerometer RUA^,31,1.0333333333333334
S1-Drill,Accelerometer RUA^,34,1.1333333333333333
S1-Drill,Accelerometer RUA^,29,0.9666666666666667
S1-Drill,Accelerometer RUA^,34,1.1333333333333333
S1-Drill,Accelerometer RUA^,293,9.766666666666667
S1-Drill,Accelerometer LUA_,37,1.2333333333333334
S1-Drill,Accelerometer LUA_,35,1.1666666666666667
S1-Drill,Accelerometer LUA_,34,1.1333333333333333
S1-Drill,Accelerometer LUA_,34,1.1333333333333333
S1-Drill,Accelerometer LUA_,4786,159.53333333333333
S1-Drill,Accelerometer LUA_,49136,1637.8666666666666
S1-Drill,Accelerometer LUA_,31,1.0333333333333334
S1-Drill,Accelerometer LUA_,34,1.1333333333333333
S1-Drill,Accelerometer LUA_,30,1.0
S1-Drill,Accelerometer LUA_,32,1.0666666666666667
S1-Drill,Accelerometer LUA_,349,11.633333333333333
S1-Drill,Accelerometer LWR,36,1.2
S1-Drill,Accelerometer LWR,35,1.1666666666666667
S1-Drill,Accelerometer LWR,89,2.966666666666667
S1-Drill,Accelerometer LWR,53944,1798.1333333333334
S1-Drill,Accelerometer LWR,30,1.0
S1-Drill,Accelerometer LWR,34,1.1333333333333333
S1-Drill,Accelerometer LWR,30,1.0
S1-Drill,Accelerometer LWR,34,1.1333333333333333
S1-Drill,Accelerometer LWR,349,11.633333333333333
S1-Drill,Accelerometer RH,1,0.03333333333333333
S2-ADL1,Accelerometer RKN^,192,6.4
S2-ADL1,Accelerometer RKN^,1943,64.76666666666667
S2-ADL1,Accelerometer HIP,35671,1189.0333333333333
S2-ADL1,Accelerometer LUA^,15623,520.7666666666667
S2-ADL1,Accelerometer LUA^,11025,367.5
S2-ADL1,Accelerometer LUA^,60,2.0
S2-ADL1,Accelerometer RUA_,16676,555.8666666666667
S2-ADL1,Accelerometer RUA_,578,19.266666666666666
S2-ADL1,Accelerometer LH,24,0.8
S2-ADL1,Accelerometer LH,2812,93.73333333333333
S2-ADL1,Accelerometer LH,150,5.0
S2-ADL1,Accelerometer LH,99,3.3
S2-ADL1,Accelerometer LH,65,2.1666666666666665
S2-ADL1,Accelerometer LH,2,0.06666666666666667
S2-ADL1,Accelerometer LH,2,0.06666666666666667
S2-ADL1,Accelerometer LH,25,0.8333333333333334
S2-ADL1,Accelerometer LH,2334,77.8
S2-ADL1,Accelerometer LH,769,25.633333333333333
S2-ADL1,Accelerometer LH,2448,81.6
S2-ADL1,Accelerometer LH,2947,98.23333333333333
S2-ADL1,Accelerometer LH,248,8.266666666666667
S2-ADL1,Accelerometer LH,286,9.533333333333333
S2-ADL1,Accelerometer LH,46,1.5333333333333334
S2-ADL1,Accelerometer LH,125,4.166666666666667
S2-ADL1,Accelerometer LH,8524,284.1333333333333
S2-ADL1,Accelerometer LH,39,1.3
S2-ADL1,Accelerometer LH,67,2.2333333333333334
S2-ADL1,Accelerometer LH,91,3.033333333333333
S2-ADL1,Accelerometer LH,5401,180.03333333333333
S2-ADL1,Accelerometer LH,5556,185.2
S2-ADL1,Accelerometer LH,688,22.933333333333334
S2-ADL1,Accelerometer LH,20,0.6666666666666666
S2-ADL1,Accelerometer LH,170,5.666666666666667
S2-ADL1,Accelerometer LH,234,7.8
S2-ADL1,Accelerometer LH,274,9.133333333333333
S2-ADL1,Accelerometer LH,498,16.6
S2-ADL1,Accelerometer LH,748,24.933333333333334
S2-ADL1,Accelerometer LH,212,7.066666666666666
S2-ADL1,Accelerometer LH,304,10.133333333333333
S2-ADL1,Accelerometer BACK,12499,416.6333333333333
S2-ADL1,Accelerometer BACK,23409,780.3
S2-ADL1,Accelerometer RKN_,343,11.433333333333334
S2-ADL1,Accelerometer RKN_,12,0.4
S2-ADL1,Accelerometer RKN_,31,1.0333333333333334
S2-ADL1,Accelerometer RKN_,31419,1047.3
S2-ADL1,Accelerometer RWR,1,0.03333333333333333
S2-ADL1,Accelerometer RWR,72,2.4
S2-ADL1,Accelerometer RWR,33048,1101.6
S2-ADL1,Accelerometer RUA^,29,0.9666666666666667
S2-ADL1,Accelerometer RUA^,2837,94.56666666666666
S2-ADL1,Accelerometer RUA^,33055,1101.8333333333333
S2-ADL1,Accelerometer LUA_,28,0.9333333333333333
S2-ADL1,Accelerometer LUA_,2827,94.23333333333333
S2-ADL1,Accelerometer LUA_,157,5.233333333333333
S2-ADL1,Accelerometer LUA_,9470,315.6666666666667
S2-ADL1,Accelerometer LUA_,23424,780.8
S2-ADL1,Accelerometer LWR,26,0.8666666666666667
S2-ADL1,Accelerometer LWR,2830,94.33333333333333
S2-ADL1,Accelerometer LWR,158,5.266666666666667
S2-ADL1,Accelerometer LWR,181,6.033333333333333
S2-ADL1,Accelerometer LWR,2412,80.4
S2-ADL1,Accelerometer LWR,6513,217.1
S2-ADL1,Accelerometer LWR,7227,240.9
S2-ADL1,Accelerometer LWR,1821,60.7
S2-ADL1,Accelerometer LWR,236,7.866666666666666
S2-ADL1,Accelerometer LWR,5389,179.63333333333333
S2-ADL1,Accelerometer LWR,5561,185.36666666666667
S2-ADL1,Accelerometer LWR,1216,40.53333333333333
S2-ADL1,Accelerometer LWR,804,26.8
S2-ADL1,Accelerometer LWR,1295,43.166666666666664
S2-ADL1,Accelerometer RH,1,0.03333333333333333
S2-ADL2,Accelerometer RKN^,11,0.36666666666666664
S2-ADL2,Accelerometer RKN^,62,2.066666666666667
S2-ADL2,Accelerometer RKN^,31,1.0333333333333334
S2-ADL2,Accelerometer RKN^,25379,845.9666666666667
S2-ADL2,Accelerometer HIP,20869,695.6333333333333
S2-ADL2,Accelerometer HIP,1300,43.333333333333336
S2-ADL2,Accelerometer LUA^,9374,312.46666666666664
S2-ADL2,Accelerometer LUA^,14360,478.6666666666667
S2-ADL2,Accelerometer RUA_,27,0.9
S2-ADL2,Accelerometer RUA_,24,0.8
S2-ADL2,Accelerometer RUA_,26,0.8666666666666667
S2-ADL2,Accelerometer RUA_,25,0.8333333333333334
S2-ADL2,Accelerometer RUA_,30,1.0
S2-ADL2,Accelerometer RUA_,2272,75.73333333333333
S2-ADL2,Accelerometer RUA_,26773,892.4333333333333
S2-ADL2,Accelerometer RUA_,35,1.1666666666666667
S2-ADL2,Accelerometer RUA_,29,0.9666666666666667
S2-ADL2,Accelerometer RUA_,29,0.9666666666666667
S2-ADL2,Accelerometer RUA_,31,1.0333333333333334
S2-ADL2,Accelerometer RUA_,403,13.433333333333334
S2-ADL2,Accelerometer LH,24,0.8
S2-ADL2,Accelerometer LH,21,0.7
S2-ADL2,Accelerometer LH,23,0.7666666666666667
S2-ADL2,Accelerometer LH,21,0.7
S2-ADL2,Accelerometer LH,27,0.9
S2-ADL2,Accelerometer LH,1906,63.53333333333333
S2-ADL2,Accelerometer LH,609,20.3
S2-ADL2,Accelerometer LH,1159,38.63333333333333
S2-ADL2,Accelerometer LH,1968,65.6
S2-ADL2,Accelerometer LH,11,0.36666666666666664
S2-ADL2,Accelerometer LH,2467,82.23333333333333
S2-ADL2,Accelerometer LH,4860,162.0
S2-ADL2,Accelerometer LH,1495,49.833333333333336
S2-ADL2,Accelerometer LH,658,21.933333333333334
S2-ADL2,Accelerometer LH,489,16.3
S2-ADL2,Accelerometer LH,4587,152.9
S2-ADL2,Accelerometer LH,1539,51.3
S2-ADL2,Accelerometer LH,3941,131.36666666666667
S2-ADL2,Accelerometer LH,47,1.5666666666666667
S2-ADL2,Accelerometer LH,37,1.2333333333333334
S2-ADL2,Accelerometer LH,1,0.03333333333333333
S2-ADL2,Accelerometer LH,377,12.566666666666666
S2-ADL2,Accelerometer LH,496,16.533333333333335
S2-ADL2,Accelerometer LH,3,0.1
S2-ADL2,Accelerometer LH,1128,37.6
S2-ADL2,Accelerometer LH,30,1.0
S2-ADL2,Accelerometer LH,24,0.8
S2-ADL2,Accelerometer LH,25,0.8333333333333334
S2-ADL2,Accelerometer LH,26,0.8666666666666667
S2-ADL2,Accelerometer LH,12,0.4
S2-ADL2,Accelerometer LH,371,12.366666666666667
S2-ADL2,Accelerometer BACK,34,1.1333333333333333
S2-ADL2,Accelerometer BACK,26112,870.4
S2-ADL2,Accelerometer RKN_,202,6.733333333333333
S2-ADL2,Accelerometer RKN_,25397,846.5666666666667
S2-ADL2,Accelerometer RWR,27,0.9
S2-ADL2,Accelerometer RWR,25,0.8333333333333334
S2-ADL2,Accelerometer RWR,29,0.9666666666666667
S2-ADL2,Accelerometer RWR,23,0.7666666666666667
S2-ADL2,Accelerometer RWR,31,1.0333333333333334
S2-ADL2,Accelerometer RWR,29115,970.5
S2-ADL2,Accelerometer RWR,29,0.9666666666666667
S2-ADL2,Accelerometer RWR,31,1.0333333333333334
S2-ADL2,Accelerometer RWR,31,1.0333333333333334
S2-ADL2,Accelerometer RWR,404,13.466666666666667
S2-ADL2,Accelerometer RUA^,29,0.9666666666666667
S2-ADL2,Accelerometer RUA^,24,0.8
S2-ADL2,Accelerometer RUA^,26,0.8666666666666667
S2-ADL2,Accelerometer RUA^,23,0.7666666666666667
S2-ADL2,Accelerometer RUA^,31,1.0333333333333334
S2-ADL2,Accelerometer RUA^,29061,968.7
S2-ADL2,Accelerometer RUA^,33,1.1
S2-ADL2,Accelerometer RUA^,28,0.9333333333333333
S2-ADL2,Accelerometer RUA^,28,0.9333333333333333
S2-ADL2,Accelerometer RUA^,30,1.0
S2-ADL2,Accelerometer RUA^,404,13.466666666666667
S2-ADL2,Accelerometer LUA_,28,0.9333333333333333
S2-ADL2,Accelerometer LUA_,24,0.8
S2-ADL2,Accelerometer LUA_,27,0.9
S2-ADL2,Accelerometer LUA_,24,0.8
S2-ADL2,Accelerometer LUA_,30,1.0
S2-ADL2,Accelerometer LUA_,3209,106.96666666666667
S2-ADL2,Accelerometer LUA_,24682,822.7333333333333
S2-ADL2,Accelerometer LUA_,83,2.7666666666666666
S2-ADL2,Accelerometer LUA_,30,1.0
S2-ADL2,Accelerometer LUA_,31,1.0333333333333334
S2-ADL2,Accelerometer LUA_,407,13.566666666666666
S2-ADL2,Accelerometer LWR,28,0.9333333333333333
S2-ADL2,Accelerometer LWR,25,0.8333333333333334
S2-ADL2,Accelerometer LWR,27,0.9
S2-ADL2,Accelerometer LWR,21,0.7
S2-ADL2,Accelerometer LWR,30,1.0
S2-ADL2,Accelerometer LWR,5749,191.63333333333333
S2-ADL2,Accelerometer LWR,10383,346.1
S2-ADL2,Accelerometer LWR,12887,429.56666666666666
S2-ADL2,Accelerometer LWR,35,1.1666666666666667
S2-ADL2,Accelerometer LWR,78,2.6
S2-ADL2,Accelerometer LWR,31,1.0333333333333334
S2-ADL2,Accelerometer LWR,407,13.566666666666666
S2-ADL2,Accelerometer RH,1877,62.56666666666667
S2-ADL2,Accelerometer RH,135,4.5
S2-ADL2,Accelerometer RH,757,25.233333333333334
S2-ADL2,Accelerometer RH,946,31.533333333333335
S2-ADL2,Accelerometer RH,5822,194.06666666666666
S2-ADL2,Accelerometer RH,13191,439.7
S2-ADL2,Accelerometer RH,488,16.266666666666666
S2-ADL2,Accelerometer RH,612,20.4
S2-ADL2,Accelerometer RH,3217,107.23333333333333
S2-ADL2,Accelerometer RH,2,0.06666666666666667
S2-ADL2,Accelerometer RH,303,10.1
S2-ADL2,Accelerometer RH,139,4.633333333333334
S2-ADL2,Accelerometer RH,63,2.1
S2-ADL2,Accelerometer RH,155,5.166666666666667
S2-ADL2,Accelerometer RH,127,4.233333333333333
S2-ADL2,Accelerometer RH,850,28.333333333333332
S2-ADL2,Accelerometer RH,30,1.0
S2-ADL2,Accelerometer RH,24,0.8
S2-ADL2,Accelerometer RH,1,0.03333333333333333
S2-ADL3,Accelerometer RKN^,61,2.033333333333333
S2-ADL3,Accelerometer RKN^,11,0.36666666666666664
S2-ADL3,Accelerometer RKN^,10432,347.73333333333335
S2-ADL3,Accelerometer RKN^,61,2.033333333333333
S2-ADL3,Accelerometer RKN^,1,0.03333333333333333
S2-ADL3,Accelerometer RKN^,10236,341.2
S2-ADL3,Accelerometer HIP,6188,206.26666666666668
S2-ADL3,Accelerometer HIP,149,4.966666666666667
S2-ADL3,Accelerometer HIP,3793,126.43333333333334
S2-ADL3,Accelerometer HIP,8423,280.76666666666665
S2-ADL3,Accelerometer HIP,1964,65.46666666666667
S2-ADL3,Accelerometer LUA^,26,0.8666666666666667
S2-ADL3,Accelerometer LUA^,66,2.2
S2-ADL3,Accelerometer LUA^,18,0.6
S2-ADL3,Accelerometer LUA^,33238,1107.9333333333334
S2-ADL3,Accelerometer LUA^,19,0.6333333333333333
S2-ADL3,Accelerometer LUA^,17,0.5666666666666667
S2-ADL3,Accelerometer LUA^,17,0.5666666666666667
S2-ADL3,Accelerometer LUA^,18,0.6
S2-ADL3,Accelerometer LUA^,263,8.766666666666667
S2-ADL3,Accelerometer RUA_,16,0.5333333333333333
S2-ADL3,Accelerometer RUA_,19608,653.6
S2-ADL3,Accelerometer RUA_,12,0.4
S2-ADL3,Accelerometer RUA_,21,0.7
S2-ADL3,Accelerometer RUA_,373,12.433333333333334
S2-ADL3,Accelerometer RUA_,11409,380.3
S2-ADL3,Accelerometer LH,22,0.7333333333333333
S2-ADL3,Accelerometer LH,21,0.7
S2-ADL3,Accelerometer LH,17,0.5666666666666667
S2-ADL3,Accelerometer LH,15,0.5
S2-ADL3,Accelerometer LH,12,0.4
S2-ADL3,Accelerometer LH,1023,34.1
S2-ADL3,Accelerometer LH,165,5.5
S2-ADL3,Accelerometer LH,67,2.2333333333333334
S2-ADL3,Accelerometer LH,33,1.1
S2-ADL3,Accelerometer LH,1421,47.36666666666667
S2-ADL3,Accelerometer LH,2915,97.16666666666667
S2-ADL3,Accelerometer LH,5690,189.66666666666666
S2-ADL3,Accelerometer LH,1336,44.53333333333333
S2-ADL3,Accelerometer LH,169,5.633333333333334
S2-ADL3,Accelerometer LH,1617,53.9
S2-ADL3,Accelerometer LH,40,1.3333333333333333
S2-ADL3,Accelerometer LH,72,2.4
S2-ADL3,Accelerometer LH,460,15.333333333333334
S2-ADL3,Accelerometer LH,37,1.2333333333333334
S2-ADL3,Accelerometer LH,162,5.4
S2-ADL3,Accelerometer LH,9893,329.76666666666665
S2-ADL3,Accelerometer LH,3076,102.53333333333333
S2-ADL3,Accelerometer LH,160,5.333333333333333
S2-ADL3,Accelerometer LH,1302,43.4
S2-ADL3,Accelerometer LH,10,0.3333333333333333
S2-ADL3,Accelerometer LH,680,22.666666666666668
S2-ADL3,Accelerometer LH,726,24.2
S2-ADL3,Accelerometer LH,86,2.8666666666666667
S2-ADL3,Accelerometer LH,368,12.266666666666667
S2-ADL3,Accelerometer LH,225,7.5
S2-ADL3,Accelerometer LH,899,29.966666666666665
S2-ADL3,Accelerometer LH,16,0.5333333333333333
S2-ADL3,Accelerometer LH,13,0.43333333333333335
S2-ADL3,Accelerometer LH,14,0.4666666666666667
S2-ADL3,Accelerometer LH,16,0.5333333333333333
S2-ADL3,Accelerometer LH,8,0.26666666666666666
S2-ADL3,Accelerometer LH,236,7.866666666666666
S2-ADL3,Accelerometer BACK,14569,485.6333333333333
S2-ADL3,Accelerometer BACK,6011,200.36666666666667
S2-ADL3,Accelerometer RKN_,51,1.7
S2-ADL3,Accelerometer RKN_,112,3.7333333333333334
S2-ADL3,Accelerometer RKN_,81,2.7
S2-ADL3,Accelerometer RKN_,12,0.4
S2-ADL3,Accelerometer RKN_,9585,319.5
S2-ADL3,Accelerometer RKN_,10195,339.8333333333333
S2-ADL3,Accelerometer RWR,72,2.4
S2-ADL3,Accelerometer RWR,20,0.6666666666666666
S2-ADL3,Accelerometer RWR,19,0.6333333333333333
S2-ADL3,Accelerometer RWR,6159,205.3
S2-ADL3,Accelerometer RWR,1297,43.233333333333334
S2-ADL3,Accelerometer RWR,12027,400.9
S2-ADL3,Accelerometer RWR,5407,180.23333333333332
S2-ADL3,Accelerometer RWR,6623,220.76666666666668
S2-ADL3,Accelerometer RWR,1626,54.2
S2-ADL3,Accelerometer RWR,19,0.6333333333333333
S2-ADL3,Accelerometer RWR,16,0.5333333333333333
S2-ADL3,Accelerometer RWR,57,1.9
S2-ADL3,Accelerometer RWR,268,8.933333333333334
S2-ADL3,Accelerometer RUA^,27,0.9
S2-ADL3,Accelerometer RUA^,64,2.1333333333333333
S2-ADL3,Accelerometer RUA^,18,0.6
S2-ADL3,Accelerometer RUA^,33238,1107.9333333333334
S2-ADL3,Accelerometer RUA^,19,0.6333333333333333
S2-ADL3,Accelerometer RUA^,15,0.5
S2-ADL3,Accelerometer RUA^,16,0.5333333333333333
S2-ADL3,Accelerometer RUA^,16,0.5333333333333333
S2-ADL3,Accelerometer RUA^,268,8.933333333333334
S2-ADL3,Accelerometer LUA_,28,0.9333333333333333
S2-ADL3,Accelerometer LUA_,24,0.8
S2-ADL3,Accelerometer LUA_,19,0.6333333333333333
S2-ADL3,Accelerometer LUA_,18,0.6
S2-ADL3,Accelerometer LUA_,31544,1051.4666666666667
S2-ADL3,Accelerometer LUA_,518,17.266666666666666
S2-ADL3,Accelerometer LUA_,1137,37.9
S2-ADL3,Accelerometer LUA_,18,0.6
S2-ADL3,Accelerometer LUA_,16,0.5333333333333333
S2-ADL3,Accelerometer LUA_,17,0.5666666666666667
S2-ADL3,Accelerometer LUA_,17,0.5666666666666667
S2-ADL3,Accelerometer LUA_,271,9.033333333333333
S2-ADL3,Accelerometer LWR,28,0.9333333333333333
S2-ADL3,Accelerometer LWR,25,0.8333333333333334
S2-ADL3,Accelerometer LWR,20,0.6666666666666666
S2-ADL3,Accelerometer LWR,16,0.5333333333333333
S2-ADL3,Accelerometer LWR,1386,46.2
S2-ADL3,Accelerometer LWR,4356,145.2
S2-ADL3,Accelerometer LWR,24347,811.5666666666667
S2-ADL3,Accelerometer LWR,3089,102.96666666666667
S2-ADL3,Accelerometer LWR,18,0.6
S2-ADL3,Accelerometer LWR,17,0.5666666666666667
S2-ADL3,Accelerometer LWR,53,1.7666666666666666
S2-ADL3,Accelerometer LWR,271,9.033333333333333
S2-ADL3,Accelerometer RH,2337,77.9
S2-ADL3,Accelerometer RH,224,7.466666666666667
S2-ADL3,Accelerometer RH,1292,43.06666666666667
S2-ADL3,Accelerometer RH,246,8.2
S2-ADL3,Accelerometer RH,1595,53.166666666666664
S2-ADL3,Accelerometer RH,358,11.933333333333334
S2-ADL3,Accelerometer RH,1276,42.53333333333333
S2-ADL3,Accelerometer RH,900,30.0
S2-ADL3,Accelerometer RH,148,4.933333333333334
S2-ADL3,Accelerometer RH,4270,142.33333333333334
S2-ADL3,Accelerometer RH,8,0.26666666666666666
S2-ADL3,Accelerometer RH,179,5.966666666666667
S2-ADL3,Accelerometer RH,973,32.43333333333333
S2-ADL3,Accelerometer RH,5421,180.7
S2-ADL3,Accelerometer RH,618,20.6
S2-ADL3,Accelerometer RH,81,2.7
S2-ADL3,Accelerometer RH,92,3.066666666666667
S2-ADL3,Accelerometer RH,12,0.4
S2-ADL3,Accelerometer RH,81,2.7
S2-ADL3,Accelerometer RH,11,0.36666666666666664
S2-ADL3,Accelerometer RH,81,2.7
S2-ADL3,Accelerometer RH,81,2.7
S2-ADL3,Accelerometer RH,81,2.7
S2-ADL3,Accelerometer RH,1780,59.333333333333336
S2-ADL3,Accelerometer RH,102,3.4
S2-ADL3,Accelerometer RH,1859,61.96666666666667
S2-ADL3,Accelerometer RH,18,0.6
S2-ADL3,Accelerometer RH,449,14.966666666666667
S2-ADL3,Accelerometer RH,4892,163.06666666666666
S2-ADL3,Accelerometer RH,83,2.7666666666666666
S2-ADL3,Accelerometer RH,534,17.8
S2-ADL3,Accelerometer RH,1848,61.6
S2-ADL3,Accelerometer RH,286,9.533333333333333
S2-ADL3,Accelerometer RH,17,0.5666666666666667
S2-ADL3,Accelerometer RH,14,0.4666666666666667
S2-ADL3,Accelerometer RH,13,0.43333333333333335
S2-ADL3,Accelerometer RH,14,0.4666666666666667
S2-ADL3,Accelerometer RH,269,8.966666666666667
S2-ADL4,Accelerometer RKN^,82,2.7333333333333334
S2-ADL4,Accelerometer RKN^,9898,329.93333333333334
S2-ADL4,Accelerometer RKN^,13176,439.2
S2-ADL4,Accelerometer RKN^,8123,270.76666666666665
S2-ADL4,Accelerometer HIP,196,6.533333333333333
S2-ADL4,Accelerometer HIP,30585,1019.5
S2-ADL4,Accelerometer LUA^,21,0.7
S2-ADL4,Accelerometer LUA^,21,0.7
S2-ADL4,Accelerometer LUA^,22,0.7333333333333333
S2-ADL4,Accelerometer LUA^,23,0.7666666666666667
S2-ADL4,Accelerometer LUA^,1578,52.6
S2-ADL4,Accelerometer LUA^,27722,924.0666666666667
S2-ADL4,Accelerometer LUA^,1484,49.46666666666667
S2-ADL4,Accelerometer LUA^,20,0.6666666666666666
S2-ADL4,Accelerometer LUA^,17,0.5666666666666667
S2-ADL4,Accelerometer LUA^,18,0.6
S2-ADL4,Accelerometer LUA^,15,0.5
S2-ADL4,Accelerometer LUA^,270,9.0
S2-ADL4,Accelerometer RUA_,22,0.7333333333333333
S2-ADL4,Accelerometer RUA_,20,0.6666666666666666
S2-ADL4,Accelerometer RUA_,22,0.7333333333333333
S2-ADL4,Accelerometer RUA_,25,0.8333333333333334
S2-ADL4,Accelerometer RUA_,31786,1059.5333333333333
S2-ADL4,Accelerometer RUA_,19,0.6333333333333333
S2-ADL4,Accelerometer RUA_,17,0.5666666666666667
S2-ADL4,Accelerometer RUA_,18,0.6
S2-ADL4,Accelerometer RUA_,14,0.4666666666666667
S2-ADL4,Accelerometer RUA_,271,9.033333333333333
S2-ADL4,Accelerometer LH,19,0.6333333333333333
S2-ADL4,Accelerometer LH,16,0.5333333333333333
S2-ADL4,Accelerometer LH,19,0.6333333333333333
S2-ADL4,Accelerometer LH,20,0.6666666666666666
S2-ADL4,Accelerometer LH,1504,50.13333333333333
S2-ADL4,Accelerometer LH,50,1.6666666666666667
S2-ADL4,Accelerometer LH,2476,82.53333333333333
S2-ADL4,Accelerometer LH,1624,54.13333333333333
S2-ADL4,Accelerometer LH,1623,54.1
S2-ADL4,Accelerometer LH,77,2.566666666666667
S2-ADL4,Accelerometer LH,6069,202.3
S2-ADL4,Accelerometer LH,6314,210.46666666666667
S2-ADL4,Accelerometer LH,13,0.43333333333333335
S2-ADL4,Accelerometer LH,6237,207.9
S2-ADL4,Accelerometer LH,2746,91.53333333333333
S2-ADL4,Accelerometer LH,25,0.8333333333333334
S2-ADL4,Accelerometer LH,14,0.4666666666666667
S2-ADL4,Accelerometer LH,239,7.966666666666667
S2-ADL4,Accelerometer LH,885,29.5
S2-ADL4,Accelerometer LH,198,6.6
S2-ADL4,Accelerometer LH,275,9.166666666666666
S2-ADL4,Accelerometer LH,1010,33.666666666666664
S2-ADL4,Accelerometer LH,16,0.5333333333333333
S2-ADL4,Accelerometer LH,16,0.5333333333333333
S2-ADL4,Accelerometer LH,16,0.5333333333333333
S2-ADL4,Accelerometer LH,10,0.3333333333333333
S2-ADL4,Accelerometer LH,6,0.2
S2-ADL4,Accelerometer LH,242,8.066666666666666
S2-ADL4,Accelerometer BACK,55,1.8333333333333333
S2-ADL4,Accelerometer BACK,15868,528.9333333333333
S2-ADL4,Accelerometer RKN_,760,25.333333333333332
S2-ADL4,Accelerometer RKN_,1359,45.3
S2-ADL4,Accelerometer RKN_,366,12.2
S2-ADL4,Accelerometer RKN_,123,4.1
S2-ADL4,Accelerometer RKN_,194,6.466666666666667
S2-ADL4,Accelerometer RKN_,673,22.433333333333334
S2-ADL4,Accelerometer RKN_,49,1.6333333333333333
S2-ADL4,Accelerometer RKN_,69,2.3
S2-ADL4,Accelerometer RKN_,50,1.6666666666666667
S2-ADL4,Accelerometer RKN_,205,6.833333333333333
S2-ADL4,Accelerometer RKN_,49,1.6333333333333333
S2-ADL4,Accelerometer RKN_,231,7.7
S2-ADL4,Accelerometer RKN_,15,0.5
S2-ADL4,Accelerometer RKN_,52,1.7333333333333334
S2-ADL4,Accelerometer RKN_,15,0.5
S2-ADL4,Accelerometer RKN_,95,3.1666666666666665
S2-ADL4,Accelerometer RKN_,15,0.5
S2-ADL4,Accelerometer RKN_,15,0.5
S2-ADL4,Accelerometer RKN_,49,1.6333333333333333
S2-ADL4,Accelerometer RKN_,116,3.8666666666666667
S2-ADL4,Accelerometer RKN_,120,4.0
S2-ADL4,Accelerometer RKN_,15,0.5
S2-ADL4,Accelerometer RKN_,15,0.5
S2-ADL4,Accelerometer RKN_,50,1.6666666666666667
S2-ADL4,Accelerometer RKN_,15,0.5
S2-ADL4,Accelerometer RKN_,50,1.6666666666666667
S2-ADL4,Accelerometer RKN_,15,0.5
S2-ADL4,Accelerometer RKN_,83,2.7666666666666666
S2-ADL4,Accelerometer RKN_,152,5.066666666666666
S2-ADL4,Accelerometer RKN_,52,1.7333333333333334
S2-ADL4,Accelerometer RKN_,4893,163.1
S2-ADL4,Accelerometer RKN_,16942,564.7333333333333
S2-ADL4,Accelerometer RKN_,2244,74.8
S2-ADL4,Accelerometer RWR,21,0.7
S2-ADL4,Accelerometer RWR,20,0.6666666666666666
S2-ADL4,Accelerometer RWR,22,0.7333333333333333
S2-ADL4,Accelerometer RWR,24,0.8
S2-ADL4,Accelerometer RWR,7364,245.46666666666667
S2-ADL4,Accelerometer RWR,10090,336.3333333333333
S2-ADL4,Accelerometer RWR,8693,289.76666666666665
S2-ADL4,Accelerometer RWR,3909,130.3
S2-ADL4,Accelerometer RWR,1648,54.93333333333333
S2-ADL4,Accelerometer RWR,20,0.6666666666666666
S2-ADL4,Accelerometer RWR,17,0.5666666666666667
S2-ADL4,Accelerometer RWR,17,0.5666666666666667
S2-ADL4,Accelerometer RWR,14,0.4666666666666667
S2-ADL4,Accelerometer RWR,273,9.1
S2-ADL4,Accelerometer RUA^,22,0.7333333333333333
S2-ADL4,Accelerometer RUA^,19,0.6333333333333333
S2-ADL4,Accelerometer RUA^,20,0.6666666666666666
S2-ADL4,Accelerometer RUA^,24,0.8
S2-ADL4,Accelerometer RUA^,31783,1059.4333333333334
S2-ADL4,Accelerometer RUA^,19,0.6333333333333333
S2-ADL4,Accelerometer RUA^,16,0.5333333333333333
S2-ADL4,Accelerometer RUA^,18,0.6
S2-ADL4,Accelerometer RUA^,12,0.4
S2-ADL4,Accelerometer RUA^,273,9.1
S2-ADL4,Accelerometer LUA_,5657,188.56666666666666
S2-ADL4,Accelerometer LUA_,15833,527.7666666666667
S2-ADL4,Accelerometer LWR,22,0.7333333333333333
S2-ADL4,Accelerometer LWR,62,2.066666666666667
S2-ADL4,Accelerometer LWR,25,0.8333333333333334
S2-ADL4,Accelerometer LWR,1575,52.5
S2-ADL4,Accelerometer LWR,28790,959.6666666666666
S2-ADL4,Accelerometer LWR,1345,44.833333333333336
S2-ADL4,Accelerometer LWR,19,0.6333333333333333
S2-ADL4,Accelerometer LWR,17,0.5666666666666667
S2-ADL4,Accelerometer LWR,50,1.6666666666666667
S2-ADL4,Accelerometer LWR,275,9.166666666666666
S2-ADL4,Accelerometer RH,19,0.6333333333333333
S2-ADL4,Accelerometer RH,18,0.6
S2-ADL4,Accelerometer RH,20,0.6666666666666666
S2-ADL4,Accelerometer RH,23,0.7666666666666667
S2-ADL4,Accelerometer RH,2562,85.4
S2-ADL4,Accelerometer RH,749,24.966666666666665
S2-ADL4,Accelerometer RH,903,30.1
S2-ADL4,Accelerometer RH,3092,103.06666666666666
S2-ADL4,Accelerometer RH,79,2.6333333333333333
S2-ADL4,Accelerometer RH,3,0.1
S2-ADL4,Accelerometer RH,977,32.56666666666667
S2-ADL4,Accelerometer RH,4067,135.56666666666666
S2-ADL4,Accelerometer RH,4880,162.66666666666666
S2-ADL4,Accelerometer RH,8649,288.3
S2-ADL4,Accelerometer RH,1568,52.266666666666666
S2-ADL4,Accelerometer RH,1698,56.6
S2-ADL4,Accelerometer RH,4,0.13333333333333333
S2-ADL4,Accelerometer RH,343,11.433333333333334
S2-ADL4,Accelerometer RH,132,4.4
S2-ADL4,Accelerometer RH,63,2.1
S2-ADL4,Accelerometer RH,1646,54.86666666666667
S2-ADL4,Accelerometer RH,16,0.5333333333333333
S2-ADL4,Accelerometer RH,14,0.4666666666666667
S2-ADL4,Accelerometer RH,16,0.5333333333333333
S2-ADL4,Accelerometer RH,12,0.4
S2-ADL4,Accelerometer RH,273,9.1
S2-ADL5,Accelerometer RKN^,192,6.4
S2-ADL5,Accelerometer RKN^,31,1.0333333333333334
S2-ADL5,Accelerometer RKN^,31,1.0333333333333334
S2-ADL5,Accelerometer RKN^,11,0.36666666666666664
S2-ADL5,Accelerometer RKN^,31,1.0333333333333334
S2-ADL5,Accelerometer RKN^,5395,179.83333333333334
S2-ADL5,Accelerometer HIP,25883,862.7666666666667
S2-ADL5,Accelerometer HIP,1802,60.06666666666667
S2-ADL5,Accelerometer LUA^,16,0.5333333333333333
S2-ADL5,Accelerometer LUA^,15,0.5
S2-ADL5,Accelerometer LUA^,47,1.5666666666666667
S2-ADL5,Accelerometer LUA^,25026,834.2
S2-ADL5,Accelerometer LUA^,4886,162.86666666666667
S2-ADL5,Accelerometer LUA^,16,0.5333333333333333
S2-ADL5,Accelerometer LUA^,349,11.633333333333333
S2-ADL5,Accelerometer RUA_,50,1.6666666666666667
S2-ADL5,Accelerometer RUA_,16,0.5333333333333333
S2-ADL5,Accelerometer RUA_,12,0.4
S2-ADL5,Accelerometer RUA_,28603,953.4333333333333
S2-ADL5,Accelerometer RUA_,2036,67.86666666666666
S2-ADL5,Accelerometer RUA_,15,0.5
S2-ADL5,Accelerometer RUA_,16,0.5333333333333333
S2-ADL5,Accelerometer RUA_,14,0.4666666666666667
S2-ADL5,Accelerometer RUA_,246,8.2
S2-ADL5,Accelerometer LH,12,0.4
S2-ADL5,Accelerometer LH,11,0.36666666666666664
S2-ADL5,Accelerometer LH,13,0.43333333333333335
S2-ADL5,Accelerometer LH,8,0.26666666666666666
S2-ADL5,Accelerometer LH,6,0.2
S2-ADL5,Accelerometer LH,2566,85.53333333333333
S2-ADL5,Accelerometer LH,13,0.43333333333333335
S2-ADL5,Accelerometer LH,3,0.1
S2-ADL5,Accelerometer LH,148,4.933333333333334
S2-ADL5,Accelerometer LH,1,0.03333333333333333
S2-ADL5,Accelerometer LH,1,0.03333333333333333
S2-ADL5,Accelerometer LH,36,1.2
S2-ADL5,Accelerometer LH,3,0.1
S2-ADL5,Accelerometer LH,18,0.6
S2-ADL5,Accelerometer LH,24,0.8
S2-ADL5,Accelerometer LH,1006,33.53333333333333
S2-ADL5,Accelerometer LH,804,26.8
S2-ADL5,Accelerometer LH,1857,61.9
S2-ADL5,Accelerometer LH,836,27.866666666666667
S2-ADL5,Accelerometer LH,160,5.333333333333333
S2-ADL5,Accelerometer LH,66,2.2
S2-ADL5,Accelerometer LH,453,15.1
S2-ADL5,Accelerometer LH,282,9.4
S2-ADL5,Accelerometer LH,155,5.166666666666667
S2-ADL5,Accelerometer LH,992,33.06666666666667
S2-ADL5,Accelerometer LH,97,3.2333333333333334
S2-ADL5,Accelerometer LH,4885,162.83333333333334
S2-ADL5,Accelerometer LH,748,24.933333333333334
S2-ADL5,Accelerometer LH,281,9.366666666666667
S2-ADL5,Accelerometer LH,1781,59.36666666666667
S2-ADL5,Accelerometer LH,388,12.933333333333334
S2-ADL5,Accelerometer LH,5963,198.76666666666668
S2-ADL5,Accelerometer LH,789,26.3
S2-ADL5,Accelerometer LH,779,25.966666666666665
S2-ADL5,Accelerometer LH,1224,40.8
S2-ADL5,Accelerometer LH,39,1.3
S2-ADL5,Accelerometer LH,256,8.533333333333333
S2-ADL5,Accelerometer LH,712,23.733333333333334
S2-ADL5,Accelerometer LH,1457,48.56666666666667
S2-ADL5,Accelerometer LH,14,0.4666666666666667
S2-ADL5,Accelerometer LH,15,0.5
S2-ADL5,Accelerometer LH,13,0.43333333333333335
S2-ADL5,Accelerometer LH,12,0.4
S2-ADL5,Accelerometer LH,7,0.23333333333333334
S2-ADL5,Accelerometer LH,216,7.2
S2-ADL5,Accelerometer RKN_,82,2.7333333333333334
S2-ADL5,Accelerometer RKN_,22,0.7333333333333333
S2-ADL5,Accelerometer RKN_,22,0.7333333333333333
S2-ADL5,Accelerometer RKN_,5380,179.33333333333334
S2-ADL5,Accelerometer RWR,16,0.5333333333333333
S2-ADL5,Accelerometer RWR,14,0.4666666666666667
S2-ADL5,Accelerometer RWR,15,0.5
S2-ADL5,Accelerometer RWR,11,0.36666666666666664
S2-ADL5,Accelerometer RWR,3017,100.56666666666666
S2-ADL5,Accelerometer RWR,21981,732.7
S2-ADL5,Accelerometer RWR,3563,118.76666666666667
S2-ADL5,Accelerometer RWR,2001,66.7
S2-ADL5,Accelerometer RWR,15,0.5
S2-ADL5,Accelerometer RWR,14,0.4666666666666667
S2-ADL5,Accelerometer RWR,16,0.5333333333333333
S2-ADL5,Accelerometer RWR,14,0.4666666666666667
S2-ADL5,Accelerometer RWR,249,8.3
S2-ADL5,Accelerometer RUA^,16,0.5333333333333333
S2-ADL5,Accelerometer RUA^,15,0.5
S2-ADL5,Accelerometer RUA^,14,0.4666666666666667
S2-ADL5,Accelerometer RUA^,11,0.36666666666666664
S2-ADL5,Accelerometer RUA^,30623,1020.7666666666667
S2-ADL5,Accelerometer RUA^,17,0.5666666666666667
S2-ADL5,Accelerometer RUA^,49,1.6333333333333333
S2-ADL5,Accelerometer RUA^,14,0.4666666666666667
S2-ADL5,Accelerometer RUA^,248,8.266666666666667
S2-ADL5,Accelerometer LUA_,15,0.5
S2-ADL5,Accelerometer LUA_,14,0.4666666666666667
S2-ADL5,Accelerometer LUA_,46,1.5333333333333334
S2-ADL5,Accelerometer LUA_,30625,1020.8333333333334
S2-ADL5,Accelerometer LUA_,15,0.5
S2-ADL5,Accelerometer LUA_,15,0.5
S2-ADL5,Accelerometer LUA_,16,0.5333333333333333
S2-ADL5,Accelerometer LUA_,14,0.4666666666666667
S2-ADL5,Accelerometer LUA_,249,8.3
S2-ADL5,Accelerometer LWR,16,0.5333333333333333
S2-ADL5,Accelerometer LWR,14,0.4666666666666667
S2-ADL5,Accelerometer LWR,16,0.5333333333333333
S2-ADL5,Accelerometer LWR,12,0.4
S2-ADL5,Accelerometer LWR,11,0.36666666666666664
S2-ADL5,Accelerometer LWR,2627,87.56666666666666
S2-ADL5,Accelerometer LWR,149,4.966666666666667
S2-ADL5,Accelerometer LWR,33,1.1
S2-ADL5,Accelerometer LWR,5513,183.76666666666668
S2-ADL5,Accelerometer LWR,459,15.3
S2-ADL5,Accelerometer LWR,21614,720.4666666666667
S2-ADL5,Accelerometer LWR,80,2.6666666666666665
S2-ADL5,Accelerometer LWR,14,0.4666666666666667
S2-ADL5,Accelerometer LWR,15,0.5
S2-ADL5,Accelerometer LWR,16,0.5333333333333333
S2-ADL5,Accelerometer LWR,14,0.4666666666666667
S2-ADL5,Accelerometer LWR,11,0.36666666666666664
S2-ADL5,Accelerometer LWR,218,7.266666666666667
S2-Drill,Accelerometer RKN^,6249,208.3
S2-Drill,Accelerometer RKN^,300,10.0
S2-Drill,Accelerometer RKN^,2210,73.66666666666667
S2-Drill,Accelerometer RKN^,142,4.733333333333333
S2-Drill,Accelerometer RKN^,1351,45.03333333333333
S2-Drill,Accelerometer RKN^,234,7.8
S2-Drill,Accelerometer RKN^,251,8.366666666666667
S2-Drill,Accelerometer RKN^,140,4.666666666666667
S2-Drill,Accelerometer RKN^,7190,239.66666666666666
S2-Drill,Accelerometer RKN^,1038,34.6
S2-Drill,Accelerometer RKN^,3064,102.13333333333334
S2-Drill,Accelerometer RKN^,14,0.4666666666666667
S2-Drill,Accelerometer RKN^,1138,37.93333333333333
S2-Drill,Accelerometer RKN^,1318,43.93333333333333
S2-Drill,Accelerometer RKN^,13,0.43333333333333335
S2-Drill,Accelerometer RKN^,6371,212.36666666666667
S2-Drill,Accelerometer RKN^,2214,73.8
S2-Drill,Accelerometer RKN^,1651,55.03333333333333
S2-Drill,Accelerometer RKN^,619,20.633333333333333
S2-Drill,Accelerometer RKN^,1667,55.56666666666667
S2-Drill,Accelerometer RKN^,7791,259.7
S2-Drill,Accelerometer RKN^,2374,79.13333333333334
S2-Drill,Accelerometer RKN^,3041,101.36666666666666
S2-Drill,Accelerometer RKN^,1844,61.46666666666667
S2-Drill,Accelerometer LUA^,15502,516.7333333333333
S2-Drill,Accelerometer LUA^,640,21.333333333333332
S2-Drill,Accelerometer LUA^,8584,286.1333333333333
S2-Drill,Accelerometer RUA_,18,0.6
S2-Drill,Accelerometer RUA_,19,0.6333333333333333
S2-Drill,Accelerometer RUA_,19,0.6333333333333333
S2-Drill,Accelerometer RUA_,17,0.5666666666666667
S2-Drill,Accelerometer RUA_,51248,1708.2666666666667
S2-Drill,Accelerometer RUA_,1036,34.53333333333333
S2-Drill,Accelerometer RUA_,18,0.6
S2-Drill,Accelerometer RUA_,18,0.6
S2-Drill,Accelerometer RUA_,17,0.5666666666666667
S2-Drill,Accelerometer RUA_,315,10.5
S2-Drill,Accelerometer LH,14,0.4666666666666667
S2-Drill,Accelerometer LH,16,0.5333333333333333
S2-Drill,Accelerometer LH,15,0.5
S2-Drill,Accelerometer LH,14,0.4666666666666667
S2-Drill,Accelerometer LH,1,0.03333333333333333
S2-Drill,Accelerometer LH,2253,75.1
S2-Drill,Accelerometer LH,1623,54.1
S2-Drill,Accelerometer LH,3784,126.13333333333334
S2-Drill,Accelerometer LH,303,10.1
S2-Drill,Accelerometer LH,1421,47.36666666666667
S2-Drill,Accelerometer LH,6393,213.1
S2-Drill,Accelerometer LH,262,8.733333333333333
S2-Drill,Accelerometer LH,6477,215.9
S2-Drill,Accelerometer LH,2169,72.3
S2-Drill,Accelerometer LH,248,8.266666666666667
S2-Drill,Accelerometer LH,892,29.733333333333334
S2-Drill,Accelerometer LH,159,5.3
S2-Drill,Accelerometer LH,449,14.966666666666667
S2-Drill,Accelerometer LH,2082,69.4
S2-Drill,Accelerometer LH,209,6.966666666666667
S2-Drill,Accelerometer LH,16,0.5333333333333333
S2-Drill,Accelerometer LH,3738,124.6
S2-Drill,Accelerometer LH,368,12.266666666666667
S2-Drill,Accelerometer LH,776,25.866666666666667
S2-Drill,Accelerometer LH,3037,101.23333333333333
S2-Drill,Accelerometer LH,192,6.4
S2-Drill,Accelerometer LH,4,0.13333333333333333
S2-Drill,Accelerometer LH,4466,148.86666666666667
S2-Drill,Accelerometer LH,1002,33.4
S2-Drill,Accelerometer LH,178,5.933333333333334
S2-Drill,Accelerometer LH,1196,39.86666666666667
S2-Drill,Accelerometer LH,1578,52.6
S2-Drill,Accelerometer LH,378,12.6
S2-Drill,Accelerometer LH,1161,38.7
S2-Drill,Accelerometer LH,901,30.033333333333335
S2-Drill,Accelerometer LH,687,22.9
S2-Drill,Accelerometer LH,264,8.8
S2-Drill,Accelerometer LH,745,24.833333333333332
S2-Drill,Accelerometer LH,746,24.866666666666667
S2-Drill,Accelerometer LH,212,7.066666666666666
S2-Drill,Accelerometer LH,15,0.5
S2-Drill,Accelerometer LH,14,0.4666666666666667
S2-Drill,Accelerometer LH,13,0.43333333333333335
S2-Drill,Accelerometer LH,15,0.5
S2-Drill,Accelerometer LH,1,0.03333333333333333
S2-Drill,Accelerometer LH,255,8.5
S2-Drill,Accelerometer RKN_,29554,985.1333333333333
S2-Drill,Accelerometer RKN_,12827,427.56666666666666
S2-Drill,Accelerometer RWR,18,0.6
S2-Drill,Accelerometer RWR,19,0.6333333333333333
S2-Drill,Accelerometer RWR,19,0.6333333333333333
S2-Drill,Accelerometer RWR,17,0.5666666666666667
S2-Drill,Accelerometer RWR,6603,220.1
S2-Drill,Accelerometer RWR,15306,510.2
S2-Drill,Accelerometer RWR,14836,494.53333333333336
S2-Drill,Accelerometer RWR,4611,153.7
S2-Drill,Accelerometer RWR,9706,323.53333333333336
S2-Drill,Accelerometer RWR,71,2.3666666666666667
S2-Drill,Accelerometer RWR,978,32.6
S2-Drill,Accelerometer RWR,18,0.6
S2-Drill,Accelerometer RWR,19,0.6333333333333333
S2-Drill,Accelerometer RWR,17,0.5666666666666667
S2-Drill,Accelerometer RWR,17,0.5666666666666667
S2-Drill,Accelerometer RWR,282,9.4
S2-Drill,Accelerometer RUA^,52,1.7333333333333334
S2-Drill,Accelerometer RUA^,11,0.36666666666666664
S2-Drill,Accelerometer RUA^,202,6.733333333333333
S2-Drill,Accelerometer RUA^,12,0.4
S2-Drill,Accelerometer RUA^,61,2.033333333333333
S2-Drill,Accelerometer RUA^,12,0.4
S2-Drill,Accelerometer RUA^,232,7.733333333333333
S2-Drill,Accelerometer RUA^,41,1.3666666666666667
S2-Drill,Accelerometer RUA^,21,0.7
S2-Drill,Accelerometer RUA^,50811,1693.7
S2-Drill,Accelerometer LUA_,18,0.6
S2-Drill,Accelerometer LUA_,18,0.6
S2-Drill,Accelerometer LUA_,18,0.6
S2-Drill,Accelerometer LUA_,17,0.5666666666666667
S2-Drill,Accelerometer LUA_,52305,1743.5
S2-Drill,Accelerometer LUA_,19,0.6333333333333333
S2-Drill,Accelerometer LUA_,18,0.6
S2-Drill,Accelerometer LUA_,17,0.5666666666666667
S2-Drill,Accelerometer LUA_,18,0.6
S2-Drill,Accelerometer LUA_,283,9.433333333333334
S2-Drill,Accelerometer LWR,18,0.6
S2-Drill,Accelerometer LWR,19,0.6333333333333333
S2-Drill,Accelerometer LWR,19,0.6333333333333333
S2-Drill,Accelerometer LWR,18,0.6
S2-Drill,Accelerometer LWR,25932,864.4
S2-Drill,Accelerometer LWR,12477,415.9
S2-Drill,Accelerometer LWR,11728,390.93333333333334
S2-Drill,Accelerometer LWR,268,8.933333333333334
S2-Drill,Accelerometer LWR,746,24.866666666666667
S2-Drill,Accelerometer LWR,20,0.6666666666666666
S2-Drill,Accelerometer LWR,1002,33.4
S2-Drill,Accelerometer LWR,18,0.6
S2-Drill,Accelerometer LWR,56,1.8666666666666667
S2-Drill,Accelerometer LWR,17,0.5666666666666667
S2-Drill,Accelerometer LWR,4,0.13333333333333333
S2-Drill,Accelerometer LWR,261,8.7
S2-Drill,Accelerometer RH,1,0.03333333333333333
S3-ADL1,Accelerometer RKN^,983,32.766666666666666
S3-ADL1,Accelerometer RKN^,17,0.5666666666666667
S3-ADL1,Accelerometer RKN^,69,2.3
S3-ADL1,Accelerometer RKN^,56,1.8666666666666667
S3-ADL1,Accelerometer RKN^,87,2.9
S3-ADL1,Accelerometer RKN^,954,31.8
S3-ADL1,Accelerometer RKN^,16,0.5333333333333333
S3-ADL1,Accelerometer RKN^,53,1.7666666666666666
S3-ADL1,Accelerometer RKN^,3628,120.93333333333334
S3-ADL1,Accelerometer RKN^,7656,255.2
S3-ADL1,Accelerometer RKN^,474,15.8
S3-ADL1,Accelerometer RKN^,4131,137.7
S3-ADL1,Accelerometer RKN^,4671,155.7
S3-ADL1,Accelerometer RKN^,4820,160.66666666666666
S3-ADL1,Accelerometer HIP,12,0.4
S3-ADL1,Accelerometer HIP,61,2.033333333333333
S3-ADL1,Accelerometer HIP,34636,1154.5333333333333
S3-ADL1,Accelerometer LUA^,136,4.533333333333333
S3-ADL1,Accelerometer LUA^,179,5.966666666666667
S3-ADL1,Accelerometer LUA^,31,1.0333333333333334
S3-ADL1,Accelerometer LUA^,29,0.9666666666666667
S3-ADL1,Accelerometer LUA^,27,0.9
S3-ADL1,Accelerometer LUA^,25,0.8333333333333334
S3-ADL1,Accelerometer LUA^,35179,1172.6333333333334
S3-ADL1,Accelerometer LUA^,33,1.1
S3-ADL1,Accelerometer LUA^,19,0.6333333333333333
S3-ADL1,Accelerometer LUA^,19,0.6333333333333333
S3-ADL1,Accelerometer LUA^,21,0.7
S3-ADL1,Accelerometer LUA^,272,9.066666666666666
S3-ADL1,Accelerometer RUA_,6656,221.86666666666667
S3-ADL1,Accelerometer RUA_,61,2.033333333333333
S3-ADL1,Accelerometer RUA_,8,0.26666666666666666
S3-ADL1,Accelerometer RUA_,23,0.7666666666666667
S3-ADL1,Accelerometer RUA_,8,0.26666666666666666
S3-ADL1,Accelerometer RUA_,61,2.033333333333333
S3-ADL1,Accelerometer RUA_,8,0.26666666666666666
S3-ADL1,Accelerometer RUA_,23,0.7666666666666667
S3-ADL1,Accelerometer RUA_,23,0.7666666666666667
S3-ADL1,Accelerometer RUA_,18814,627.1333333333333
S3-ADL1,Accelerometer LH,35,1.1666666666666667
S3-ADL1,Accelerometer LH,13,0.43333333333333335
S3-ADL1,Accelerometer LH,16,0.5333333333333333
S3-ADL1,Accelerometer LH,166,5.533333333333333
S3-ADL1,Accelerometer LH,30,1.0
S3-ADL1,Accelerometer LH,27,0.9
S3-ADL1,Accelerometer LH,27,0.9
S3-ADL1,Accelerometer LH,24,0.8
S3-ADL1,Accelerometer LH,6542,218.06666666666666
S3-ADL1,Accelerometer LH,1704,56.8
S3-ADL1,Accelerometer LH,3101,103.36666666666666
S3-ADL1,Accelerometer LH,6959,231.96666666666667
S3-ADL1,Accelerometer LH,7641,254.7
S3-ADL1,Accelerometer LH,2558,85.26666666666667
S3-ADL1,Accelerometer LH,354,11.8
S3-ADL1,Accelerometer LH,790,26.333333333333332
S3-ADL1,Accelerometer LH,4233,141.1
S3-ADL1,Accelerometer LH,265,8.833333333333334
S3-ADL1,Accelerometer LH,807,26.9
S3-ADL1,Accelerometer LH,32,1.0666666666666667
S3-ADL1,Accelerometer LH,16,0.5333333333333333
S3-ADL1,Accelerometer LH,20,0.6666666666666666
S3-ADL1,Accelerometer LH,22,0.7333333333333333
S3-ADL1,Accelerometer LH,272,9.066666666666666
S3-ADL1,Accelerometer BACK,908,30.266666666666666
S3-ADL1,Accelerometer BACK,82,2.7333333333333334
S3-ADL1,Accelerometer BACK,22,0.7333333333333333
S3-ADL1,Accelerometer BACK,31,1.0333333333333334
S3-ADL1,Accelerometer BACK,31,1.0333333333333334
S3-ADL1,Accelerometer BACK,61,2.033333333333333
S3-ADL1,Accelerometer BACK,8869,295.6333333333333
S3-ADL1,Accelerometer BACK,22,0.7333333333333333
S3-ADL1,Accelerometer BACK,12,0.4
S3-ADL1,Accelerometer BACK,41,1.3666666666666667
S3-ADL1,Accelerometer BACK,1,0.03333333333333333
S3-ADL1,Accelerometer BACK,32,1.0666666666666667
S3-ADL1,Accelerometer BACK,31,1.0333333333333334
S3-ADL1,Accelerometer BACK,12,0.4
S3-ADL1,Accelerometer BACK,83,2.7666666666666666
S3-ADL1,Accelerometer BACK,12,0.4
S3-ADL1,Accelerometer BACK,1231,41.03333333333333
S3-ADL1,Accelerometer BACK,31,1.0333333333333334
S3-ADL1,Accelerometer BACK,32,1.0666666666666667
S3-ADL1,Accelerometer BACK,32,1.0666666666666667
S3-ADL1,Accelerometer BACK,32,1.0666666666666667
S3-ADL1,Accelerometer BACK,31,1.0333333333333334
S3-ADL1,Accelerometer BACK,11,0.36666666666666664
S3-ADL1,Accelerometer BACK,263,8.766666666666667
S3-ADL1,Accelerometer BACK,283,9.433333333333334
S3-ADL1,Accelerometer BACK,283,9.433333333333334
S3-ADL1,Accelerometer BACK,243,8.1
S3-ADL1,Accelerometer BACK,182,6.066666666666666
S3-ADL1,Accelerometer BACK,12,0.4
S3-ADL1,Accelerometer BACK,173,5.766666666666667
S3-ADL1,Accelerometer BACK,304,10.133333333333333
S3-ADL1,Accelerometer BACK,747,24.9
S3-ADL1,Accelerometer BACK,334,11.133333333333333
S3-ADL1,Accelerometer BACK,31,1.0333333333333334
S3-ADL1,Accelerometer BACK,12,0.4
S3-ADL1,Accelerometer BACK,31,1.0333333333333334
S3-ADL1,Accelerometer BACK,113,3.7666666666666666
S3-ADL1,Accelerometer BACK,344,11.466666666666667
S3-ADL1,Accelerometer BACK,1,0.03333333333333333
S3-ADL1,Accelerometer BACK,869,28.966666666666665
S3-ADL1,Accelerometer BACK,21,0.7
S3-ADL1,Accelerometer BACK,22,0.7333333333333333
S3-ADL1,Accelerometer BACK,31,1.0333333333333334
S3-ADL1,Accelerometer BACK,162,5.4
S3-ADL1,Accelerometer BACK,72,2.4
S3-ADL1,Accelerometer BACK,82,2.7333333333333334
S3-ADL1,Accelerometer BACK,22,0.7333333333333333
S3-ADL1,Accelerometer BACK,61,2.033333333333333
S3-ADL1,Accelerometer BACK,31,1.0333333333333334
S3-ADL1,Accelerometer BACK,61,2.033333333333333
S3-ADL1,Accelerometer BACK,113,3.7666666666666666
S3-ADL1,Accelerometer BACK,133,4.433333333333334
S3-ADL1,Accelerometer BACK,122,4.066666666666666
S3-ADL1,Accelerometer BACK,22,0.7333333333333333
S3-ADL1,Accelerometer BACK,31,1.0333333333333334
S3-ADL1,Accelerometer BACK,11,0.36666666666666664
S3-ADL1,Accelerometer BACK,212,7.066666666666666
S3-ADL1,Accelerometer BACK,525,17.5
S3-ADL1,Accelerometer BACK,72,2.4
S3-ADL1,Accelerometer BACK,1,0.03333333333333333
S3-ADL1,Accelerometer BACK,72,2.4
S3-ADL1,Accelerometer BACK,2722,90.73333333333333
S3-ADL1,Accelerometer BACK,31,1.0333333333333334
S3-ADL1,Accelerometer BACK,112,3.7333333333333334
S3-ADL1,Accelerometer BACK,394,13.133333333333333
S3-ADL1,Accelerometer BACK,22,0.7333333333333333
S3-ADL1,Accelerometer BACK,183,6.1
S3-ADL1,Accelerometer BACK,1,0.03333333333333333
S3-ADL1,Accelerometer BACK,31,1.0333333333333334
S3-ADL1,Accelerometer BACK,31,1.0333333333333334
S3-ADL1,Accelerometer BACK,283,9.433333333333334
S3-ADL1,Accelerometer BACK,61,2.033333333333333
S3-ADL1,Accelerometer BACK,223,7.433333333333334
S3-ADL1,Accelerometer BACK,122,4.066666666666666
S3-ADL1,Accelerometer BACK,22,0.7333333333333333
S3-ADL1,Accelerometer BACK,31,1.0333333333333334
S3-ADL1,Accelerometer BACK,11,0.36666666666666664
S3-ADL1,Accelerometer BACK,82,2.7333333333333334
S3-ADL1,Accelerometer BACK,20,0.6666666666666666
S3-ADL1,Accelerometer BACK,21,0.7
S3-ADL1,Accelerometer BACK,31,1.0333333333333334
S3-ADL1,Accelerometer BACK,31,1.0333333333333334
S3-ADL1,Accelerometer BACK,11,0.36666666666666664
S3-ADL1,Accelerometer BACK,82,2.7333333333333334
S3-ADL1,Accelerometer BACK,293,9.766666666666667
S3-ADL1,Accelerometer BACK,1419,47.3
S3-ADL1,Accelerometer RKN_,62,2.066666666666667
S3-ADL1,Accelerometer RKN_,31,1.0333333333333334
S3-ADL1,Accelerometer RKN_,11,0.36666666666666664
S3-ADL1,Accelerometer RKN_,31,1.0333333333333334
S3-ADL1,Accelerometer RKN_,82,2.7333333333333334
S3-ADL1,Accelerometer RKN_,12,0.4
S3-ADL1,Accelerometer RKN_,31,1.0333333333333334
S3-ADL1,Accelerometer RKN_,31,1.0333333333333334
S3-ADL1,Accelerometer RKN_,31,1.0333333333333334
S3-ADL1,Accelerometer RKN_,31,1.0333333333333334
S3-ADL1,Accelerometer RKN_,11,0.36666666666666664
S3-ADL1,Accelerometer RKN_,162,5.4
S3-ADL1,Accelerometer RKN_,192,6.4
S3-ADL1,Accelerometer RKN_,1588,52.93333333333333
S3-ADL1,Accelerometer RKN_,594,19.8
S3-ADL1,Accelerometer RKN_,554,18.466666666666665
S3-ADL1,Accelerometer RKN_,734,24.466666666666665
S3-ADL1,Accelerometer RKN_,1,0.03333333333333333
S3-ADL1,Accelerometer RKN_,2371,79.03333333333333
S3-ADL1,Accelerometer RKN_,925,30.833333333333332
S3-ADL1,Accelerometer RKN_,2020,67.33333333333333
S3-ADL1,Accelerometer RKN_,3717,123.9
S3-ADL1,Accelerometer RKN_,564,18.8
S3-ADL1,Accelerometer RKN_,1,0.03333333333333333
S3-ADL1,Accelerometer RKN_,31,1.0333333333333334
S3-ADL1,Accelerometer RKN_,12,0.4
S3-ADL1,Accelerometer RKN_,1518,50.6
S3-ADL1,Accelerometer RKN_,102,3.4
S3-ADL1,Accelerometer RKN_,5414,180.46666666666667
S3-ADL1,Accelerometer RKN_,82,2.7333333333333334
S3-ADL1,Accelerometer RKN_,41,1.3666666666666667
S3-ADL1,Accelerometer RKN_,22,0.7333333333333333
S3-ADL1,Accelerometer RKN_,292,9.733333333333333
S3-ADL1,Accelerometer RKN_,2040,68.0
S3-ADL1,Accelerometer RKN_,82,2.7333333333333334
S3-ADL1,Accelerometer RKN_,584,19.466666666666665
S3-ADL1,Accelerometer RKN_,1,0.03333333333333333
S3-ADL1,Accelerometer RKN_,82,2.7333333333333334
S3-ADL1,Accelerometer RKN_,91,3.033333333333333
S3-ADL1,Accelerometer RKN_,82,2.7333333333333334
S3-ADL1,Accelerometer RKN_,91,3.033333333333333
S3-ADL1,Accelerometer RKN_,82,2.7333333333333334
S3-ADL1,Accelerometer RKN_,31,1.0333333333333334
S3-ADL1,Accelerometer RKN_,31,1.0333333333333334
S3-ADL1,Accelerometer RKN_,323,10.766666666666667
S3-ADL1,Accelerometer RKN_,1,0.03333333333333333
S3-ADL1,Accelerometer RKN_,1126,37.53333333333333
S3-ADL1,Accelerometer RKN_,4270,142.33333333333334
S3-ADL1,Accelerometer RKN_,1035,34.5
S3-ADL1,Accelerometer RWR,162,5.4
S3-ADL1,Accelerometer RWR,11,0.36666666666666664
S3-ADL1,Accelerometer RWR,11,0.36666666666666664
S3-ADL1,Accelerometer RWR,82,2.7333333333333334
S3-ADL1,Accelerometer RWR,10,0.3333333333333333
S3-ADL1,Accelerometer RWR,82,2.7333333333333334
S3-ADL1,Accelerometer RWR,11,0.36666666666666664
S3-ADL1,Accelerometer RWR,172,5.733333333333333
S3-ADL1,Accelerometer RWR,11,0.36666666666666664
S3-ADL1,Accelerometer RWR,12,0.4
S3-ADL1,Accelerometer RWR,25239,841.3
S3-ADL1,Accelerometer RUA^,30,1.0
S3-ADL1,Accelerometer RUA^,180,6.0
S3-ADL1,Accelerometer RUA^,30,1.0
S3-ADL1,Accelerometer RUA^,29,0.9666666666666667
S3-ADL1,Accelerometer RUA^,27,0.9
S3-ADL1,Accelerometer RUA^,25,0.8333333333333334
S3-ADL1,Accelerometer RUA^,35177,1172.5666666666666
S3-ADL1,Accelerometer RUA^,34,1.1333333333333333
S3-ADL1,Accelerometer RUA^,19,0.6333333333333333
S3-ADL1,Accelerometer RUA^,20,0.6666666666666666
S3-ADL1,Accelerometer RUA^,21,0.7
S3-ADL1,Accelerometer RUA^,279,9.3
S3-ADL1,Accelerometer LUA_,335,11.166666666666666
S3-ADL1,Accelerometer LUA_,79,2.6333333333333333
S3-ADL1,Accelerometer LUA_,27,0.9
S3-ADL1,Accelerometer LUA_,24,0.8
S3-ADL1,Accelerometer LUA_,4556,151.86666666666667
S3-ADL1,Accelerometer LUA_,30602,1020.0666666666667
S3-ADL1,Accelerometer LUA_,73,2.433333333333333
S3-ADL1,Accelerometer LUA_,20,0.6666666666666666
S3-ADL1,Accelerometer LUA_,322,10.733333333333333
S3-ADL1,Accelerometer LWR,36,1.2
S3-ADL1,Accelerometer LWR,80,2.6666666666666665
S3-ADL1,Accelerometer LWR,167,5.566666666666666
S3-ADL1,Accelerometer LWR,30,1.0
S3-ADL1,Accelerometer LWR,30,1.0
S3-ADL1,Accelerometer LWR,28,0.9333333333333333
S3-ADL1,Accelerometer LWR,25,0.8333333333333334
S3-ADL1,Accelerometer LWR,4555,151.83333333333334
S3-ADL1,Accelerometer LWR,15750,525.0
S3-ADL1,Accelerometer LWR,5681,189.36666666666667
S3-ADL1,Accelerometer LWR,9132,304.4
S3-ADL1,Accelerometer LWR,34,1.1333333333333333
S3-ADL1,Accelerometer LWR,19,0.6333333333333333
S3-ADL1,Accelerometer LWR,19,0.6333333333333333
S3-ADL1,Accelerometer LWR,323,10.766666666666667
S3-ADL1,Accelerometer RH,1,0.03333333333333333
S3-ADL1,Accelerometer RH,82,2.7333333333333334
S3-ADL1,Accelerometer RH,61,2.033333333333333
S3-ADL1,Accelerometer RH,11,0.36666666666666664
S3-ADL1,Accelerometer RH,82,2.7333333333333334
S3-ADL1,Accelerometer RH,11,0.36666666666666664
S3-ADL1,Accelerometer RH,81,2.7
S3-ADL1,Accelerometer RH,1,0.03333333333333333
S3-ADL1,Accelerometer RH,82,2.7333333333333334
S3-ADL1,Accelerometer RH,11,0.36666666666666664
S3-ADL1,Accelerometer RH,61,2.033333333333333
S3-ADL1,Accelerometer RH,25159,838.6333333333333
S3-ADL2,Accelerometer RKN^,12,0.4
S3-ADL2,Accelerometer RKN^,15,0.5
S3-ADL2,Accelerometer RKN^,13,0.43333333333333335
S3-ADL2,Accelerometer RKN^,12,0.4
S3-ADL2,Accelerometer RKN^,1276,42.53333333333333
S3-ADL2,Accelerometer RKN^,158,5.266666666666667
S3-ADL2,Accelerometer RKN^,1963,65.43333333333334
S3-ADL2,Accelerometer RKN^,1393,46.43333333333333
S3-ADL2,Accelerometer RKN^,26,0.8666666666666667
S3-ADL2,Accelerometer RKN^,19,0.6333333333333333
S3-ADL2,Accelerometer RKN^,18,0.6
S3-ADL2,Accelerometer RKN^,1689,56.3
S3-ADL2,Accelerometer RKN^,15143,504.76666666666665
S3-ADL2,Accelerometer RKN^,4372,145.73333333333332
S3-ADL2,Accelerometer RKN^,1,0.03333333333333333
S3-ADL2,Accelerometer RKN^,24,0.8
S3-ADL2,Accelerometer RKN^,216,7.2
S3-ADL2,Accelerometer LUA^,23469,782.3
S3-ADL2,Accelerometer RUA_,22528,750.9333333333333
S3-ADL2,Accelerometer LH,16,0.5333333333333333
S3-ADL2,Accelerometer LH,15,0.5
S3-ADL2,Accelerometer LH,5,0.16666666666666666
S3-ADL2,Accelerometer LH,14,0.4666666666666667
S3-ADL2,Accelerometer LH,1795,59.833333333333336
S3-ADL2,Accelerometer LH,7,0.23333333333333334
S3-ADL2,Accelerometer LH,2723,90.76666666666667
S3-ADL2,Accelerometer LH,8,0.26666666666666666
S3-ADL2,Accelerometer LH,271,9.033333333333333
S3-ADL2,Accelerometer LH,28,0.9333333333333333
S3-ADL2,Accelerometer LH,24,0.8
S3-ADL2,Accelerometer LH,6362,212.06666666666666
S3-ADL2,Accelerometer LH,218,7.266666666666667
S3-ADL2,Accelerometer LH,10536,351.2
S3-ADL2,Accelerometer LH,2397,79.9
S3-ADL2,Accelerometer LH,1050,35.0
S3-ADL2,Accelerometer LH,699,23.3
S3-ADL2,Accelerometer LH,19,0.6333333333333333
S3-ADL2,Accelerometer LH,14,0.4666666666666667
S3-ADL2,Accelerometer LH,3,0.1
S3-ADL2,Accelerometer LH,3,0.1
S3-ADL2,Accelerometer LH,610,20.333333333333332
S3-ADL2,Accelerometer BACK,11,0.36666666666666664
S3-ADL2,Accelerometer BACK,32,1.0666666666666667
S3-ADL2,Accelerometer BACK,32,1.0666666666666667
S3-ADL2,Accelerometer BACK,32,1.0666666666666667
S3-ADL2,Accelerometer BACK,32,1.0666666666666667
S3-ADL2,Accelerometer BACK,12,0.4
S3-ADL2,Accelerometer BACK,84,2.8
S3-ADL2,Accelerometer BACK,12,0.4
S3-ADL2,Accelerometer BACK,32,1.0666666666666667
S3-ADL2,Accelerometer BACK,116,3.8666666666666667
S3-ADL2,Accelerometer BACK,53,1.7666666666666666
S3-ADL2,Accelerometer BACK,43,1.4333333333333333
S3-ADL2,Accelerometer BACK,1,0.03333333333333333
S3-ADL2,Accelerometer BACK,487,16.233333333333334
S3-ADL2,Accelerometer BACK,12,0.4
S3-ADL2,Accelerometer BACK,32,1.0666666666666667
S3-ADL2,Accelerometer BACK,32,1.0666666666666667
S3-ADL2,Accelerometer BACK,32,1.0666666666666667
S3-ADL2,Accelerometer BACK,32,1.0666666666666667
S3-ADL2,Accelerometer BACK,12,0.4
S3-ADL2,Accelerometer BACK,116,3.8666666666666667
S3-ADL2,Accelerometer BACK,229,7.633333333333334
S3-ADL2,Accelerometer BACK,1,0.03333333333333333
S3-ADL2,Accelerometer BACK,32,1.0666666666666667
S3-ADL2,Accelerometer BACK,32,1.0666666666666667
S3-ADL2,Accelerometer BACK,197,6.566666666666666
S3-ADL2,Accelerometer BACK,12,0.4
S3-ADL2,Accelerometer BACK,23,0.7666666666666667
S3-ADL2,Accelerometer BACK,32,1.0666666666666667
S3-ADL2,Accelerometer BACK,301,10.033333333333333
S3-ADL2,Accelerometer BACK,922,30.733333333333334
S3-ADL2,Accelerometer BACK,52,1.7333333333333334
S3-ADL2,Accelerometer BACK,12,0.4
S3-ADL2,Accelerometer BACK,260,8.666666666666666
S3-ADL2,Accelerometer BACK,12,0.4
S3-ADL2,Accelerometer BACK,259,8.633333333333333
S3-ADL2,Accelerometer BACK,73,2.433333333333333
S3-ADL2,Accelerometer RKN_,343,11.433333333333334
S3-ADL2,Accelerometer RKN_,5688,189.6
S3-ADL2,Accelerometer RKN_,2624,87.46666666666667
S3-ADL2,Accelerometer RKN_,916,30.533333333333335
S3-ADL2,Accelerometer RKN_,1277,42.56666666666667
S3-ADL2,Accelerometer RKN_,1067,35.56666666666667
S3-ADL2,Accelerometer RKN_,814,27.133333333333333
S3-ADL2,Accelerometer RKN_,494,16.466666666666665
S3-ADL2,Accelerometer RKN_,393,13.1
S3-ADL2,Accelerometer RKN_,976,32.53333333333333
S3-ADL2,Accelerometer RKN_,51,1.7
S3-ADL2,Accelerometer RKN_,12,0.4
S3-ADL2,Accelerometer RKN_,82,2.7333333333333334
S3-ADL2,Accelerometer RKN_,61,2.033333333333333
S3-ADL2,Accelerometer RKN_,1,0.03333333333333333
S3-ADL2,Accelerometer RKN_,32,1.0666666666666667
S3-ADL2,Accelerometer RKN_,62,2.066666666666667
S3-ADL2,Accelerometer RKN_,373,12.433333333333334
S3-ADL2,Accelerometer RKN_,82,2.7333333333333334
S3-ADL2,Accelerometer RKN_,22,0.7333333333333333
S3-ADL2,Accelerometer RKN_,102,3.4
S3-ADL2,Accelerometer RKN_,293,9.766666666666667
S3-ADL2,Accelerometer RKN_,1,0.03333333333333333
S3-ADL2,Accelerometer RKN_,31,1.0333333333333334
S3-ADL2,Accelerometer RKN_,11,0.36666666666666664
S3-ADL2,Accelerometer RKN_,31,1.0333333333333334
S3-ADL2,Accelerometer RKN_,82,2.7333333333333334
S3-ADL2,Accelerometer RKN_,11,0.36666666666666664
S3-ADL2,Accelerometer RKN_,1770,59.0
S3-ADL2,Accelerometer RKN_,61,2.033333333333333
S3-ADL2,Accelerometer RKN_,82,2.7333333333333334
S3-ADL2,Accelerometer RKN_,1,0.03333333333333333
S3-ADL2,Accelerometer RKN_,42,1.4
S3-ADL2,Accelerometer RKN_,21,0.7
S3-ADL2,Accelerometer RKN_,11,0.36666666666666664
S3-ADL2,Accelerometer RKN_,62,2.066666666666667
S3-ADL2,Accelerometer RKN_,71,2.3666666666666667
S3-ADL2,Accelerometer RKN_,4231,141.03333333333333
S3-ADL2,Accelerometer RKN_,21,0.7
S3-ADL2,Accelerometer RKN_,2247,74.9
S3-ADL2,Accelerometer RWR,30,1.0
S3-ADL2,Accelerometer RWR,11,0.36666666666666664
S3-ADL2,Accelerometer RWR,30,1.0
S3-ADL2,Accelerometer RWR,11,0.36666666666666664
S3-ADL2,Accelerometer RWR,438,14.6
S3-ADL2,Accelerometer RWR,90,3.0
S3-ADL2,Accelerometer RWR,80,2.6666666666666665
S3-ADL2,Accelerometer RWR,130,4.333333333333333
S3-ADL2,Accelerometer RWR,753,25.1
S3-ADL2,Accelerometer RWR,31,1.0333333333333334
S3-ADL2,Accelerometer RWR,1,0.03333333333333333
S3-ADL2,Accelerometer RWR,159,5.3
S3-ADL2,Accelerometer RWR,60,2.0
S3-ADL2,Accelerometer RWR,268,8.933333333333334
S3-ADL2,Accelerometer RWR,31,1.0333333333333334
S3-ADL2,Accelerometer RWR,31,1.0333333333333334
S3-ADL2,Accelerometer RWR,19479,649.3
S3-ADL2,Accelerometer LUA_,55,1.8333333333333333
S3-ADL2,Accelerometer LUA_,17,0.5666666666666667
S3-ADL2,Accelerometer LUA_,16,0.5333333333333333
S3-ADL2,Accelerometer LUA_,4633,154.43333333333334
S3-ADL2,Accelerometer LUA_,170,5.666666666666667
S3-ADL2,Accelerometer LUA_,61,2.033333333333333
S3-ADL2,Accelerometer LUA_,19684,656.1333333333333
S3-ADL2,Accelerometer LUA_,1751,58.36666666666667
S3-ADL2,Accelerometer LUA_,19,0.6333333333333333
S3-ADL2,Accelerometer LUA_,15,0.5
S3-ADL2,Accelerometer LUA_,16,0.5333333333333333
S3-ADL2,Accelerometer LUA_,15,0.5
S3-ADL2,Accelerometer LUA_,631,21.033333333333335
S3-ADL2,Accelerometer LWR,20,0.6666666666666666
S3-ADL2,Accelerometer LWR,16,0.5333333333333333
S3-ADL2,Accelerometer LWR,17,0.5666666666666667
S3-ADL2,Accelerometer LWR,15,0.5
S3-ADL2,Accelerometer LWR,1796,59.86666666666667
S3-ADL2,Accelerometer LWR,2800,93.33333333333333
S3-ADL2,Accelerometer LWR,169,5.633333333333334
S3-ADL2,Accelerometer LWR,61,2.033333333333333
S3-ADL2,Accelerometer LWR,28,0.9333333333333333
S3-ADL2,Accelerometer LWR,21414,713.8
S3-ADL2,Accelerometer LWR,18,0.6
S3-ADL2,Accelerometer LWR,15,0.5
S3-ADL2,Accelerometer LWR,16,0.5333333333333333
S3-ADL2,Accelerometer LWR,14,0.4666666666666667
S3-ADL2,Accelerometer LWR,631,21.033333333333335
S3-ADL2,Accelerometer RH,82,2.7333333333333334
S3-ADL2,Accelerometer RH,4631,154.36666666666667
S3-ADL3,Accelerometer RKN^,7,0.23333333333333334
S3-ADL3,Accelerometer RKN^,58,1.9333333333333333
S3-ADL3,Accelerometer RKN^,5300,176.66666666666666
S3-ADL3,Accelerometer RKN^,48,1.6
S3-ADL3,Accelerometer RKN^,218,7.266666666666667
S3-ADL3,Accelerometer RKN^,447,14.9
S3-ADL3,Accelerometer RKN^,449,14.966666666666667
S3-ADL3,Accelerometer RKN^,14,0.4666666666666667
S3-ADL3,Accelerometer RKN^,48,1.6
S3-ADL3,Accelerometer RKN^,282,9.4
S3-ADL3,Accelerometer RKN^,44,1.4666666666666666
S3-ADL3,Accelerometer RKN^,119,3.966666666666667
S3-ADL3,Accelerometer RKN^,184,6.133333333333334
S3-ADL3,Accelerometer RKN^,14,0.4666666666666667
S3-ADL3,Accelerometer RKN^,1115,37.166666666666664
S3-ADL3,Accelerometer RKN^,5211,173.7
S3-ADL3,Accelerometer RKN^,5579,185.96666666666667
S3-ADL3,Accelerometer RKN^,918,30.6
S3-ADL3,Accelerometer RKN^,1658,55.266666666666666
S3-ADL3,Accelerometer RKN^,294,9.8
S3-ADL3,Accelerometer RKN^,1769,58.96666666666667
S3-ADL3,Accelerometer RKN^,54,1.8
S3-ADL3,Accelerometer RKN^,89,2.966666666666667
S3-ADL3,Accelerometer HIP,651,21.7
S3-ADL3,Accelerometer HIP,19486,649.5333333333333
S3-ADL3,Accelerometer LUA^,886,29.533333333333335
S3-ADL3,Accelerometer LUA^,61,2.033333333333333
S3-ADL3,Accelerometer LUA^,293,9.766666666666667
S3-ADL3,Accelerometer LUA^,82,2.7333333333333334
S3-ADL3,Accelerometer LUA^,22,0.7333333333333333
S3-ADL3,Accelerometer LUA^,595,19.833333333333332
S3-ADL3,Accelerometer LUA^,13914,463.8
S3-ADL3,Accelerometer LUA^,1147,38.233333333333334
S3-ADL3,Accelerometer LUA^,62,2.066666666666667
S3-ADL3,Accelerometer LUA^,82,2.7333333333333334
S3-ADL3,Accelerometer LUA^,61,2.033333333333333
S3-ADL3,Accelerometer LUA^,1,0.03333333333333333
S3-ADL3,Accelerometer LUA^,41,1.3666666666666667
S3-ADL3,Accelerometer LUA^,22,0.7333333333333333
S3-ADL3,Accelerometer LUA^,203,6.766666666666667
S3-ADL3,Accelerometer LUA^,3030,101.0
S3-ADL3,Accelerometer RUA_,82,2.7333333333333334
S3-ADL3,Accelerometer RUA_,9817,327.23333333333335
S3-ADL3,Accelerometer LH,12,0.4
S3-ADL3,Accelerometer LH,586,19.533333333333335
S3-ADL3,Accelerometer LH,15383,512.7666666666667
S3-ADL3,Accelerometer LH,1,0.03333333333333333
S3-ADL3,Accelerometer LH,82,2.7333333333333334
S3-ADL3,Accelerometer LH,3342,111.4
S3-ADL3,Accelerometer BACK,18601,620.0333333333333
S3-ADL3,Accelerometer RKN_,1,0.03333333333333333
S3-ADL3,Accelerometer RKN_,31,1.0333333333333334
S3-ADL3,Accelerometer RKN_,11,0.36666666666666664
S3-ADL3,Accelerometer RKN_,82,2.7333333333333334
S3-ADL3,Accelerometer RKN_,1358,45.266666666666666
S3-ADL3,Accelerometer RKN_,15274,509.1333333333333
S3-ADL3,Accelerometer RKN_,3101,103.36666666666666
S3-ADL3,Accelerometer RWR,9048,301.6
S3-ADL3,Accelerometer RWR,1849,61.63333333333333
S3-ADL3,Accelerometer RWR,996,33.2
S3-ADL3,Accelerometer RWR,333,11.1
S3-ADL3,Accelerometer RWR,2289,76.3
S3-ADL3,Accelerometer RUA^,8008,266.93333333333334
S3-ADL3,Accelerometer LUA_,142,4.733333333333333
S3-ADL3,Accelerometer LUA_,614,20.466666666666665
S3-ADL3,Accelerometer LUA_,15225,507.5
S3-ADL3,Accelerometer LUA_,11,0.36666666666666664
S3-ADL3,Accelerometer LUA_,1,0.03333333333333333
S3-ADL3,Accelerometer LUA_,31,1.0333333333333334
S3-ADL3,Accelerometer LUA_,12,0.4
S3-ADL3,Accelerometer LUA_,82,2.7333333333333334
S3-ADL3,Accelerometer LUA_,11,0.36666666666666664
S3-ADL3,Accelerometer LUA_,31,1.0333333333333334
S3-ADL3,Accelerometer LUA_,3403,113.43333333333334
S3-ADL3,Accelerometer LWR,82,2.7333333333333334
S3-ADL3,Accelerometer LWR,896,29.866666666666667
S3-ADL3,Accelerometer LWR,31,1.0333333333333334
S3-ADL3,Accelerometer LWR,31,1.0333333333333334
S3-ADL3,Accelerometer LWR,62,2.066666666666667
S3-ADL3,Accelerometer LWR,182,6.066666666666666
S3-ADL3,Accelerometer LWR,61,2.033333333333333
S3-ADL3,Accelerometer LWR,11,0.36666666666666664
S3-ADL3,Accelerometer LWR,31,1.0333333333333334
S3-ADL3,Accelerometer LWR,82,2.7333333333333334
S3-ADL3,Accelerometer LWR,22,0.7333333333333333
S3-ADL3,Accelerometer LWR,293,9.766666666666667
S3-ADL3,Accelerometer LWR,4627,154.23333333333332
S3-ADL3,Accelerometer LWR,62,2.066666666666667
S3-ADL3,Accelerometer LWR,122,4.066666666666666
S3-ADL3,Accelerometer LWR,565,18.833333333333332
S3-ADL3,Accelerometer LWR,61,2.033333333333333
S3-ADL3,Accelerometer LWR,1,0.03333333333333333
S3-ADL3,Accelerometer LWR,31,1.0333333333333334
S3-ADL3,Accelerometer LWR,31,1.0333333333333334
S3-ADL3,Accelerometer LWR,11,0.36666666666666664
S3-ADL3,Accelerometer LWR,61,2.033333333333333
S3-ADL3,Accelerometer LWR,113,3.7666666666666666
S3-ADL3,Accelerometer LWR,475,15.833333333333334
S3-ADL3,Accelerometer LWR,7059,235.3
S3-ADL3,Accelerometer LWR,1,0.03333333333333333
S3-ADL3,Accelerometer LWR,31,1.0333333333333334
S3-ADL3,Accelerometer LWR,31,1.0333333333333334
S3-ADL3,Accelerometer LWR,11,0.36666666666666664
S3-ADL3,Accelerometer LWR,62,2.066666666666667
S3-ADL3,Accelerometer LWR,112,3.7333333333333334
S3-ADL3,Accelerometer LWR,524,17.466666666666665
S3-ADL3,Accelerometer LWR,82,2.7333333333333334
S3-ADL3,Accelerometer LWR,11,0.36666666666666664
S3-ADL3,Accelerometer LWR,31,1.0333333333333334
S3-ADL3,Accelerometer LWR,32,1.0666666666666667
S3-ADL3,Accelerometer LWR,31,1.0333333333333334
S3-ADL3,Accelerometer LWR,11,0.36666666666666664
S3-ADL3,Accelerometer LWR,31,1.0333333333333334
S3-ADL3,Accelerometer LWR,31,1.0333333333333334
S3-ADL3,Accelerometer LWR,61,2.033333333333333
S3-ADL3,Accelerometer LWR,91,3.033333333333333
S3-ADL3,Accelerometer LWR,72,2.4
S3-ADL3,Accelerometer LWR,11,0.36666666666666664
S3-ADL3,Accelerometer LWR,2895,96.5
S3-ADL3,Accelerometer RH,16,0.5333333333333333
S3-ADL3,Accelerometer RH,11,0.36666666666666664
S3-ADL3,Accelerometer RH,2050,68.33333333333333
S3-ADL3,Accelerometer RH,1097,36.56666666666667
S3-ADL3,Accelerometer RH,92,3.066666666666667
S3-ADL3,Accelerometer RH,41,1.3666666666666667
S3-ADL3,Accelerometer RH,4184,139.46666666666667
S3-ADL3,Accelerometer RH,93,3.1
S3-ADL3,Accelerometer RH,13,0.43333333333333335
S3-ADL3,Accelerometer RH,5420,180.66666666666666
S3-ADL3,Accelerometer RH,169,5.633333333333334
S3-ADL4,Accelerometer RKN^,22,0.7333333333333333
S3-ADL4,Accelerometer RKN^,31,1.0333333333333334
S3-ADL4,Accelerometer RKN^,31,1.0333333333333334
S3-ADL4,Accelerometer RKN^,12,0.4
S3-ADL4,Accelerometer RKN^,31,1.0333333333333334
S3-ADL4,Accelerometer RKN^,31,1.0333333333333334
S3-ADL4,Accelerometer RKN^,31,1.0333333333333334
S3-ADL4,Accelerometer RKN^,32,1.0666666666666667
S3-ADL4,Accelerometer RKN^,11,0.36666666666666664
S3-ADL4,Accelerometer RKN^,31,1.0333333333333334
S3-ADL4,Accelerometer RKN^,31,1.0333333333333334
S3-ADL4,Accelerometer RKN^,10,0.3333333333333333
S3-ADL4,Accelerometer RKN^,885,29.5
S3-ADL4,Accelerometer RKN^,11,0.36666666666666664
S3-ADL4,Accelerometer RKN^,1,0.03333333333333333
S3-ADL4,Accelerometer RKN^,61,2.033333333333333
S3-ADL4,Accelerometer RKN^,82,2.7333333333333334
S3-ADL4,Accelerometer RKN^,11,0.36666666666666664
S3-ADL4,Accelerometer RKN^,312,10.4
S3-ADL4,Accelerometer RKN^,11,0.36666666666666664
S3-ADL4,Accelerometer RKN^,7203,240.1
S3-ADL4,Accelerometer RKN^,192,6.4
S3-ADL4,Accelerometer RKN^,82,2.7333333333333334
S3-ADL4,Accelerometer RKN^,181,6.033333333333333
S3-ADL4,Accelerometer RKN^,192,6.4
S3-ADL4,Accelerometer RKN^,11,0.36666666666666664
S3-ADL4,Accelerometer RKN^,31,1.0333333333333334
S3-ADL4,Accelerometer RKN^,11,0.36666666666666664
S3-ADL4,Accelerometer RKN^,31,1.0333333333333334
S3-ADL4,Accelerometer RKN^,31,1.0333333333333334
S3-ADL4,Accelerometer RKN^,212,7.066666666666666
S3-ADL4,Accelerometer RKN^,11,0.36666666666666664
S3-ADL4,Accelerometer RKN^,1,0.03333333333333333
S3-ADL4,Accelerometer RKN^,142,4.733333333333333
S3-ADL4,Accelerometer RKN^,6539,217.96666666666667
S3-ADL4,Accelerometer HIP,122,4.066666666666666
S3-ADL4,Accelerometer HIP,112,3.7333333333333334
S3-ADL4,Accelerometer HIP,61,2.033333333333333
S3-ADL4,Accelerometer HIP,131,4.366666666666666
S3-ADL4,Accelerometer HIP,192,6.4
S3-ADL4,Accelerometer HIP,9981,332.7
S3-ADL4,Accelerometer HIP,343,11.433333333333334
S3-ADL4,Accelerometer HIP,7120,237.33333333333334
S3-ADL4,Accelerometer LUA^,16,0.5333333333333333
S3-ADL4,Accelerometer LUA^,13,0.43333333333333335
S3-ADL4,Accelerometer LUA^,14,0.4666666666666667
S3-ADL4,Accelerometer LUA^,14,0.4666666666666667
S3-ADL4,Accelerometer LUA^,114,3.8
S3-ADL4,Accelerometer LUA^,26496,883.2
S3-ADL4,Accelerometer LUA^,15,0.5
S3-ADL4,Accelerometer LUA^,13,0.43333333333333335
S3-ADL4,Accelerometer LUA^,12,0.4
S3-ADL4,Accelerometer LUA^,13,0.43333333333333335
S3-ADL4,Accelerometer LUA^,387,12.9
S3-ADL4,Accelerometer RUA_,31,1.0333333333333334
S3-ADL4,Accelerometer RUA_,31,1.0333333333333334
S3-ADL4,Accelerometer RUA_,31,1.0333333333333334
S3-ADL4,Accelerometer RUA_,31,1.0333333333333334
S3-ADL4,Accelerometer RUA_,10,0.3333333333333333
S3-ADL4,Accelerometer RUA_,82,2.7333333333333334
S3-ADL4,Accelerometer RUA_,11,0.36666666666666664
S3-ADL4,Accelerometer RUA_,22115,737.1666666666666
S3-ADL4,Accelerometer RUA_,51,1.7
S3-ADL4,Accelerometer RUA_,12,0.4
S3-ADL4,Accelerometer RUA_,1376,45.86666666666667
S3-ADL4,Accelerometer LH,14,0.4666666666666667
S3-ADL4,Accelerometer LH,7,0.23333333333333334
S3-ADL4,Accelerometer LH,4,0.13333333333333333
S3-ADL4,Accelerometer LH,6,0.2
S3-ADL4,Accelerometer LH,3568,118.93333333333334
S3-ADL4,Accelerometer LH,3297,109.9
S3-ADL4,Accelerometer LH,108,3.6
S3-ADL4,Accelerometer LH,27,0.9
S3-ADL4,Accelerometer LH,1025,34.166666666666664
S3-ADL4,Accelerometer LH,3586,119.53333333333333
S3-ADL4,Accelerometer LH,3705,123.5
S3-ADL4,Accelerometer LH,167,5.566666666666666
S3-ADL4,Accelerometer LH,3298,109.93333333333334
S3-ADL4,Accelerometer LH,1057,35.233333333333334
S3-ADL4,Accelerometer LH,2,0.06666666666666667
S3-ADL4,Accelerometer LH,6534,217.8
S3-ADL4,Accelerometer LH,13,0.43333333333333335
S3-ADL4,Accelerometer LH,10,0.3333333333333333
S3-ADL4,Accelerometer LH,2,0.06666666666666667
S3-ADL4,Accelerometer LH,376,12.533333333333333
S3-ADL4,Accelerometer RKN_,273,9.1
S3-ADL4,Accelerometer RKN_,1,0.03333333333333333
S3-ADL4,Accelerometer RKN_,82,2.7333333333333334
S3-ADL4,Accelerometer RKN_,81,2.7
S3-ADL4,Accelerometer RKN_,92,3.066666666666667
S3-ADL4,Accelerometer RKN_,182,6.066666666666666
S3-ADL4,Accelerometer RKN_,92,3.066666666666667
S3-ADL4,Accelerometer RKN_,82,2.7333333333333334
S3-ADL4,Accelerometer RKN_,61,2.033333333333333
S3-ADL4,Accelerometer RKN_,1,0.03333333333333333
S3-ADL4,Accelerometer RKN_,31,1.0333333333333334
S3-ADL4,Accelerometer RKN_,31,1.0333333333333334
S3-ADL4,Accelerometer RKN_,11,0.36666666666666664
S3-ADL4,Accelerometer RKN_,31,1.0333333333333334
S3-ADL4,Accelerometer RKN_,12,0.4
S3-ADL4,Accelerometer RKN_,31,1.0333333333333334
S3-ADL4,Accelerometer RKN_,111,3.7
S3-ADL4,Accelerometer RKN_,62,2.066666666666667
S3-ADL4,Accelerometer RKN_,112,3.7333333333333334
S3-ADL4,Accelerometer RKN_,1,0.03333333333333333
S3-ADL4,Accelerometer RKN_,4339,144.63333333333333
S3-ADL4,Accelerometer RKN_,92,3.066666666666667
S3-ADL4,Accelerometer RKN_,31,1.0333333333333334
S3-ADL4,Accelerometer RKN_,283,9.433333333333334
S3-ADL4,Accelerometer RKN_,92,3.066666666666667
S3-ADL4,Accelerometer RKN_,11,0.36666666666666664
S3-ADL4,Accelerometer RKN_,625,20.833333333333332
S3-ADL4,Accelerometer RKN_,82,2.7333333333333334
S3-ADL4,Accelerometer RKN_,11,0.36666666666666664
S3-ADL4,Accelerometer RKN_,31,1.0333333333333334
S3-ADL4,Accelerometer RKN_,11,0.36666666666666664
S3-ADL4,Accelerometer RKN_,82,2.7333333333333334
S3-ADL4,Accelerometer RKN_,22,0.7333333333333333
S3-ADL4,Accelerometer RKN_,173,5.766666666666667
S3-ADL4,Accelerometer RKN_,162,5.4
S3-ADL4,Accelerometer RKN_,92,3.066666666666667
S3-ADL4,Accelerometer RKN_,2,0.06666666666666667
S3-ADL4,Accelerometer RKN_,31,1.0333333333333334
S3-ADL4,Accelerometer RKN_,11,0.36666666666666664
S3-ADL4,Accelerometer RKN_,31,1.0333333333333334
S3-ADL4,Accelerometer RKN_,31,1.0333333333333334
S3-ADL4,Accelerometer RKN_,31,1.0333333333333334
S3-ADL4,Accelerometer RKN_,11,0.36666666666666664
S3-ADL4,Accelerometer RKN_,31,1.0333333333333334
S3-ADL4,Accelerometer RKN_,11,0.36666666666666664
S3-ADL4,Accelerometer RKN_,31,1.0333333333333334
S3-ADL4,Accelerometer RKN_,31,1.0333333333333334
S3-ADL4,Accelerometer RKN_,5848,194.93333333333334
S3-ADL4,Accelerometer RKN_,113,3.7666666666666666
S3-ADL4,Accelerometer RKN_,82,2.7333333333333334
S3-ADL4,Accelerometer RKN_,1,0.03333333333333333
S3-ADL4,Accelerometer RKN_,41,1.3666666666666667
S3-ADL4,Accelerometer RKN_,21,0.7
S3-ADL4,Accelerometer RKN_,11,0.36666666666666664
S3-ADL4,Accelerometer RKN_,31,1.0333333333333334
S3-ADL4,Accelerometer RKN_,11,0.36666666666666664
S3-ADL4,Accelerometer RKN_,31,1.0333333333333334
S3-ADL4,Accelerometer RKN_,31,1.0333333333333334
S3-ADL4,Accelerometer RKN_,11,0.36666666666666664
S3-ADL4,Accelerometer RKN_,31,1.0333333333333334
S3-ADL4,Accelerometer RKN_,11,0.36666666666666664
S3-ADL4,Accelerometer RKN_,31,1.0333333333333334
S3-ADL4,Accelerometer RKN_,31,1.0333333333333334
S3-ADL4,Accelerometer RKN_,31,1.0333333333333334
S3-ADL4,Accelerometer RKN_,32,1.0666666666666667
S3-ADL4,Accelerometer RKN_,12,0.4
S3-ADL4,Accelerometer RKN_,32,1.0666666666666667
S3-ADL4,Accelerometer RKN_,60,2.0
S3-ADL4,Accelerometer RKN_,32,1.0666666666666667
S3-ADL4,Accelerometer RKN_,31,1.0333333333333334
S3-ADL4,Accelerometer RKN_,31,1.0333333333333334
S3-ADL4,Accelerometer RKN_,31,1.0333333333333334
S3-ADL4,Accelerometer RKN_,11,0.36666666666666664
S3-ADL4,Accelerometer RKN_,6191,206.36666666666667
S3-ADL4,Accelerometer RWR,17,0.5666666666666667
S3-ADL4,Accelerometer RWR,13,0.43333333333333335
S3-ADL4,Accelerometer RWR,14,0.4666666666666667
S3-ADL4,Accelerometer RWR,15,0.5
S3-ADL4,Accelerometer RWR,24311,810.3666666666667
S3-ADL4,Accelerometer RWR,2302,76.73333333333333
S3-ADL4,Accelerometer RWR,15,0.5
S3-ADL4,Accelerometer RWR,13,0.43333333333333335
S3-ADL4,Accelerometer RWR,12,0.4
S3-ADL4,Accelerometer RWR,14,0.4666666666666667
S3-ADL4,Accelerometer RWR,379,12.633333333333333
S3-ADL4,Accelerometer RUA^,16,0.5333333333333333
S3-ADL4,Accelerometer RUA^,14,0.4666666666666667
S3-ADL4,Accelerometer RUA^,15,0.5
S3-ADL4,Accelerometer RUA^,14,0.4666666666666667
S3-ADL4,Accelerometer RUA^,26637,887.9
S3-ADL4,Accelerometer RUA^,15,0.5
S3-ADL4,Accelerometer RUA^,12,0.4
S3-ADL4,Accelerometer RUA^,12,0.4
S3-ADL4,Accelerometer RUA^,13,0.43333333333333335
S3-ADL4,Accelerometer RUA^,383,12.766666666666667
S3-ADL4,Accelerometer LUA_,14,0.4666666666666667
S3-ADL4,Accelerometer LUA_,15,0.5
S3-ADL4,Accelerometer LUA_,14,0.4666666666666667
S3-ADL4,Accelerometer LUA_,3906,130.2
S3-ADL4,Accelerometer LUA_,22703,756.7666666666667
S3-ADL4,Accelerometer LUA_,13,0.43333333333333335
S3-ADL4,Accelerometer LUA_,12,0.4
S3-ADL4,Accelerometer LUA_,11,0.36666666666666664
S3-ADL4,Accelerometer LUA_,12,0.4
S3-ADL4,Accelerometer LUA_,394,13.133333333333333
S3-ADL4,Accelerometer LWR,16,0.5333333333333333
S3-ADL4,Accelerometer LWR,14,0.4666666666666667
S3-ADL4,Accelerometer LWR,48,1.6
S3-ADL4,Accelerometer LWR,3749,124.96666666666667
S3-ADL4,Accelerometer LWR,3137,104.56666666666666
S3-ADL4,Accelerometer LWR,120,4.0
S3-ADL4,Accelerometer LWR,29,0.9666666666666667
S3-ADL4,Accelerometer LWR,12962,432.06666666666666
S3-ADL4,Accelerometer LWR,6533,217.76666666666668
S3-ADL4,Accelerometer LWR,14,0.4666666666666667
S3-ADL4,Accelerometer LWR,12,0.4
S3-ADL4,Accelerometer LWR,11,0.36666666666666664
S3-ADL4,Accelerometer LWR,13,0.43333333333333335
S3-ADL4,Accelerometer LWR,384,12.8
S3-ADL4,Accelerometer RH,13,0.43333333333333335
S3-ADL4,Accelerometer RH,10,0.3333333333333333
S3-ADL4,Accelerometer RH,12,0.4
S3-ADL4,Accelerometer RH,10,0.3333333333333333
S3-ADL4,Accelerometer RH,3495,116.5
S3-ADL4,Accelerometer RH,42,1.4
S3-ADL4,Accelerometer RH,4169,138.96666666666667
S3-ADL4,Accelerometer RH,2443,81.43333333333334
S3-ADL4,Accelerometer RH,5639,187.96666666666667
S3-ADL4,Accelerometer RH,234,7.8
S3-ADL4,Accelerometer RH,1523,50.766666666666666
S3-ADL4,Accelerometer RH,1280,42.666666666666664
S3-ADL4,Accelerometer RH,981,32.7
S3-ADL4,Accelerometer RH,1688,56.266666666666666
S3-ADL4,Accelerometer RH,1094,36.46666666666667
S3-ADL5,Accelerometer RKN^,242,8.066666666666666
S3-ADL5,Accelerometer RKN^,72,2.4
S3-ADL5,Accelerometer RKN^,72,2.4
S3-ADL5,Accelerometer RKN^,1,0.03333333333333333
S3-ADL5,Accelerometer RKN^,11,0.36666666666666664
S3-ADL5,Accelerometer RKN^,212,7.066666666666666
S3-ADL5,Accelerometer RKN^,82,2.7333333333333334
S3-ADL5,Accelerometer RKN^,81,2.7
S3-ADL5,Accelerometer RKN^,82,2.7333333333333334
S3-ADL5,Accelerometer RKN^,21,0.7
S3-ADL5,Accelerometer RKN^,32,1.0666666666666667
S3-ADL5,Accelerometer RKN^,31,1.0333333333333334
S3-ADL5,Accelerometer RKN^,82,2.7333333333333334
S3-ADL5,Accelerometer RKN^,11,0.36666666666666664
S3-ADL5,Accelerometer RKN^,8140,271.3333333333333
S3-ADL5,Accelerometer RKN^,1,0.03333333333333333
S3-ADL5,Accelerometer RKN^,9075,302.5
S3-ADL5,Accelerometer RKN^,162,5.4
S3-ADL5,Accelerometer RKN^,41,1.3666666666666667
S3-ADL5,Accelerometer RKN^,21,0.7
S3-ADL5,Accelerometer RKN^,12,0.4
S3-ADL5,Accelerometer RKN^,31,1.0333333333333334
S3-ADL5,Accelerometer RKN^,12,0.4
S3-ADL5,Accelerometer RKN^,82,2.7333333333333334
S3-ADL5,Accelerometer RKN^,12,0.4
S3-ADL5,Accelerometer RKN^,175,5.833333333333333
S3-ADL5,Accelerometer HIP,1,0.03333333333333333
S3-ADL5,Accelerometer HIP,82,2.7333333333333334
S3-ADL5,Accelerometer HIP,11,0.36666666666666664
S3-ADL5,Accelerometer HIP,61,2.033333333333333
S3-ADL5,Accelerometer HIP,122,4.066666666666666
S3-ADL5,Accelerometer HIP,21,0.7
S3-ADL5,Accelerometer HIP,82,2.7333333333333334
S3-ADL5,Accelerometer HIP,12,0.4
S3-ADL5,Accelerometer HIP,31,1.0333333333333334
S3-ADL5,Accelerometer HIP,31,1.0333333333333334
S3-ADL5,Accelerometer HIP,17863,595.4333333333333
S3-ADL5,Accelerometer HIP,61,2.033333333333333
S3-ADL5,Accelerometer HIP,1,0.03333333333333333
S3-ADL5,Accelerometer HIP,638,21.266666666666666
S3-ADL5,Accelerometer LUA^,869,28.966666666666665
S3-ADL5,Accelerometer RUA_,31,1.0333333333333334
S3-ADL5,Accelerometer RUA_,11,0.36666666666666664
S3-ADL5,Accelerometer RUA_,22132,737.7333333333333
S3-ADL5,Accelerometer RUA_,1302,43.4
S3-ADL5,Accelerometer LH,14,0.4666666666666667
S3-ADL5,Accelerometer LH,15,0.5
S3-ADL5,Accelerometer LH,5,0.16666666666666666
S3-ADL5,Accelerometer LH,12,0.4
S3-ADL5,Accelerometer LH,2623,87.43333333333334
S3-ADL5,Accelerometer LH,5966,198.86666666666667
S3-ADL5,Accelerometer LH,5481,182.7
S3-ADL5,Accelerometer LH,582,19.4
S3-ADL5,Accelerometer LH,2808,93.6
S3-ADL5,Accelerometer LH,4,0.13333333333333333
S3-ADL5,Accelerometer LH,5597,186.56666666666666
S3-ADL5,Accelerometer LH,2171,72.36666666666666
S3-ADL5,Accelerometer LH,15,0.5
S3-ADL5,Accelerometer LH,13,0.43333333333333335
S3-ADL5,Accelerometer LH,4,0.13333333333333333
S3-ADL5,Accelerometer LH,15,0.5
S3-ADL5,Accelerometer LH,395,13.166666666666666
S3-ADL5,Accelerometer BACK,25971,865.7
S3-ADL5,Accelerometer RKN_,72,2.4
S3-ADL5,Accelerometer RKN_,31,1.0333333333333334
S3-ADL5,Accelerometer RKN_,31,1.0333333333333334
S3-ADL5,Accelerometer RKN_,11,0.36666666666666664
S3-ADL5,Accelerometer RKN_,31,1.0333333333333334
S3-ADL5,Accelerometer RKN_,32,1.0666666666666667
S3-ADL5,Accelerometer RKN_,31,1.0333333333333334
S3-ADL5,Accelerometer RKN_,31,1.0333333333333334
S3-ADL5,Accelerometer RKN_,11,0.36666666666666664
S3-ADL5,Accelerometer RKN_,32,1.0666666666666667
S3-ADL5,Accelerometer RKN_,11,0.36666666666666664
S3-ADL5,Accelerometer RKN_,83,2.7666666666666666
S3-ADL5,Accelerometer RKN_,5589,186.3
S3-ADL5,Accelerometer RKN_,970,32.333333333333336
S3-ADL5,Accelerometer RKN_,82,2.7333333333333334
S3-ADL5,Accelerometer RKN_,22,0.7333333333333333
S3-ADL5,Accelerometer RKN_,22,0.7333333333333333
S3-ADL5,Accelerometer RKN_,83,2.7666666666666666
S3-ADL5,Accelerometer RKN_,11,0.36666666666666664
S3-ADL5,Accelerometer RKN_,82,2.7333333333333334
S3-ADL5,Accelerometer RKN_,11,0.36666666666666664
S3-ADL5,Accelerometer RKN_,31,1.0333333333333334
S3-ADL5,Accelerometer RKN_,31,1.0333333333333334
S3-ADL5,Accelerometer RKN_,61,2.033333333333333
S3-ADL5,Accelerometer RKN_,82,2.7333333333333334
S3-ADL5,Accelerometer RKN_,72,2.4
S3-ADL5,Accelerometer RKN_,52,1.7333333333333334
S3-ADL5,Accelerometer RKN_,12,0.4
S3-ADL5,Accelerometer RKN_,21,0.7
S3-ADL5,Accelerometer RKN_,31,1.0333333333333334
S3-ADL5,Accelerometer RKN_,11,0.36666666666666664
S3-ADL5,Accelerometer RKN_,31,1.0333333333333334
S3-ADL5,Accelerometer RKN_,31,1.0333333333333334
S3-ADL5,Accelerometer RKN_,12,0.4
S3-ADL5,Accelerometer RKN_,6527,217.56666666666666
S3-ADL5,Accelerometer RKN_,101,3.3666666666666667
S3-ADL5,Accelerometer RKN_,82,2.7333333333333334
S3-ADL5,Accelerometer RKN_,11,0.36666666666666664
S3-ADL5,Accelerometer RKN_,62,2.066666666666667
S3-ADL5,Accelerometer RKN_,83,2.7666666666666666
S3-ADL5,Accelerometer RKN_,11,0.36666666666666664
S3-ADL5,Accelerometer RKN_,61,2.033333333333333
S3-ADL5,Accelerometer RKN_,112,3.7333333333333334
S3-ADL5,Accelerometer RKN_,82,2.7333333333333334
S3-ADL5,Accelerometer RKN_,1,0.03333333333333333
S3-ADL5,Accelerometer RKN_,92,3.066666666666667
S3-ADL5,Accelerometer RKN_,31,1.0333333333333334
S3-ADL5,Accelerometer RKN_,31,1.0333333333333334
S3-ADL5,Accelerometer RKN_,31,1.0333333333333334
S3-ADL5,Accelerometer RKN_,11,0.36666666666666664
S3-ADL5,Accelerometer RKN_,31,1.0333333333333334
S3-ADL5,Accelerometer RKN_,31,1.0333333333333334
S3-ADL5,Accelerometer RKN_,31,1.0333333333333334
S3-ADL5,Accelerometer RKN_,12,0.4
S3-ADL5,Accelerometer RKN_,116,3.8666666666666667
S3-ADL5,Accelerometer RWR,72,2.4
S3-ADL5,Accelerometer RWR,91,3.033333333333333
S3-ADL5,Accelerometer RWR,23474,782.4666666666667
S3-ADL5,Accelerometer RUA^,16,0.5333333333333333
S3-ADL5,Accelerometer RUA^,15,0.5
S3-ADL5,Accelerometer RUA^,14,0.4666666666666667
S3-ADL5,Accelerometer RUA^,15,0.5
S3-ADL5,Accelerometer RUA^,25403,846.7666666666667
S3-ADL5,Accelerometer RUA^,15,0.5
S3-ADL5,Accelerometer RUA^,14,0.4666666666666667
S3-ADL5,Accelerometer RUA^,14,0.4666666666666667
S3-ADL5,Accelerometer RUA^,15,0.5
S3-ADL5,Accelerometer RUA^,409,13.633333333333333
S3-ADL5,Accelerometer LUA_,51,1.7
S3-ADL5,Accelerometer LUA_,14,0.4666666666666667
S3-ADL5,Accelerometer LUA_,14,0.4666666666666667
S3-ADL5,Accelerometer LUA_,25402,846.7333333333333
S3-ADL5,Accelerometer LUA_,15,0.5
S3-ADL5,Accelerometer LUA_,13,0.43333333333333335
S3-ADL5,Accelerometer LUA_,50,1.6666666666666667
S3-ADL5,Accelerometer LUA_,409,13.633333333333333
S3-ADL5,Accelerometer RH,11,0.36666666666666664
S3-ADL5,Accelerometer RH,15,0.5
S3-ADL5,Accelerometer RH,12,0.4
S3-ADL5,Accelerometer RH,10,0.3333333333333333
S3-ADL5,Accelerometer RH,2640,88.0
S3-ADL5,Accelerometer RH,395,13.166666666666666
S3-ADL5,Accelerometer RH,209,6.966666666666667
S3-ADL5,Accelerometer RH,3936,131.2
S3-ADL5,Accelerometer RH,362,12.066666666666666
S3-ADL5,Accelerometer RH,1727,57.56666666666667
S3-ADL5,Accelerometer RH,3729,124.3
S3-ADL5,Accelerometer RH,1137,37.9
S3-ADL5,Accelerometer RH,2336,77.86666666666666
S3-ADL5,Accelerometer RH,5680,189.33333333333334
S3-ADL5,Accelerometer RH,963,32.1
S3-ADL5,Accelerometer RH,63,2.1
S3-ADL5,Accelerometer RH,334,11.133333333333333
S3-ADL5,Accelerometer RH,115,3.8333333333333335
S3-ADL5,Accelerometer RH,32,1.0666666666666667
S3-ADL5,Accelerometer RH,1402,46.733333333333334
S3-ADL5,Accelerometer RH,13,0.43333333333333335
S3-ADL5,Accelerometer RH,1,0.03333333333333333
S3-ADL5,Accelerometer RH,3,0.1
S3-ADL5,Accelerometer RH,14,0.4666666666666667
S3-ADL5,Accelerometer RH,397,13.233333333333333
S3-Drill,Accelerometer RKN^,11,0.36666666666666664
S3-Drill,Accelerometer RKN^,786,26.2
S3-Drill,Accelerometer RKN^,4253,141.76666666666668
S3-Drill,Accelerometer RKN^,8186,272.8666666666667
S3-Drill,Accelerometer RKN^,272,9.066666666666666
S3-Drill,Accelerometer RKN^,111,3.7
S3-Drill,Accelerometer RKN^,61,2.033333333333333
S3-Drill,Accelerometer RKN^,4293,143.1
S3-Drill,Accelerometer RKN^,3615,120.5
S3-Drill,Accelerometer RKN^,22,0.7333333333333333
S3-Drill,Accelerometer RKN^,4134,137.8
S3-Drill,Accelerometer RKN^,3204,106.8
S3-Drill,Accelerometer RKN^,384,12.8
S3-Drill,Accelerometer RKN^,2416,80.53333333333333
S3-Drill,Accelerometer RKN^,1,0.03333333333333333
S3-Drill,Accelerometer RKN^,81,2.7
S3-Drill,Accelerometer RKN^,542,18.066666666666666
S3-Drill,Accelerometer RKN^,8587,286.23333333333335
S3-Drill,Accelerometer RKN^,61,2.033333333333333
S3-Drill,Accelerometer RKN^,1,0.03333333333333333
S3-Drill,Accelerometer RKN^,2596,86.53333333333333
S3-Drill,Accelerometer RKN^,4153,138.43333333333334
S3-Drill,Accelerometer RKN^,518,17.266666666666666
S3-Drill,Accelerometer RKN^,1300,43.333333333333336
S3-Drill,Accelerometer RKN^,20,0.6666666666666666
S3-Drill,Accelerometer RKN^,21,0.7
S3-Drill,Accelerometer RKN^,31,1.0333333333333334
S3-Drill,Accelerometer RKN^,32,1.0666666666666667
S3-Drill,Accelerometer RKN^,10,0.3333333333333333
S3-Drill,Accelerometer RKN^,81,2.7
S3-Drill,Accelerometer RKN^,61,2.033333333333333
S3-Drill,Accelerometer RKN^,11,0.36666666666666664
S3-Drill,Accelerometer RKN^,31,1.0333333333333334
S3-Drill,Accelerometer RKN^,30,1.0
S3-Drill,Accelerometer RKN^,31,1.0333333333333334
S3-Drill,Accelerometer RKN^,81,2.7
S3-Drill,Accelerometer RKN^,31,1.0333333333333334
S3-Drill,Accelerometer RKN^,11,0.36666666666666664
S3-Drill,Accelerometer RKN^,162,5.4
S3-Drill,Accelerometer RKN^,809,26.966666666666665
S3-Drill,Accelerometer RKN^,3743,124.76666666666667
S3-Drill,Accelerometer RKN^,2810,93.66666666666667
S3-Drill,Accelerometer RKN^,1256,41.86666666666667
S3-Drill,Accelerometer RKN^,2410,80.33333333333333
S3-Drill,Accelerometer RKN^,3575,119.16666666666667
S3-Drill,Accelerometer RKN^,1856,61.86666666666667
S3-Drill,Accelerometer RKN^,19,0.6333333333333333
S3-Drill,Accelerometer RKN^,577,19.233333333333334
S3-Drill,Accelerometer RKN^,20,0.6666666666666666
S3-Drill,Accelerometer RKN^,31,1.0333333333333334
S3-Drill,Accelerometer RKN^,15,0.5
S3-Drill,Accelerometer HIP,81,2.7
S3-Drill,Accelerometer HIP,61,2.033333333333333
S3-Drill,Accelerometer HIP,18222,607.4
S3-Drill,Accelerometer HIP,1,0.03333333333333333
S3-Drill,Accelerometer HIP,180,6.0
S3-Drill,Accelerometer LUA^,19,0.6333333333333333
S3-Drill,Accelerometer LUA^,19,0.6333333333333333
S3-Drill,Accelerometer LUA^,18,0.6
S3-Drill,Accelerometer LUA^,19,0.6333333333333333
S3-Drill,Accelerometer LUA^,50884,1696.1333333333334
S3-Drill,Accelerometer LUA^,17405,580.1666666666666
S3-Drill,Accelerometer RUA_,19,0.6333333333333333
S3-Drill,Accelerometer RUA_,19,0.6333333333333333
S3-Drill,Accelerometer RUA_,17,0.5666666666666667
S3-Drill,Accelerometer RUA_,20,0.6666666666666666
S3-Drill,Accelerometer RUA_,12680,422.6666666666667
S3-Drill,Accelerometer RUA_,14402,480.06666666666666
S3-Drill,Accelerometer RUA_,3635,121.16666666666667
S3-Drill,Accelerometer RUA_,3670,122.33333333333333
S3-Drill,Accelerometer RUA_,11287,376.23333333333335
S3-Drill,Accelerometer RUA_,3775,125.83333333333333
S3-Drill,Accelerometer RUA_,11158,371.93333333333334
S3-Drill,Accelerometer RUA_,8714,290.46666666666664
S3-Drill,Accelerometer RUA_,14,0.4666666666666667
S3-Drill,Accelerometer RUA_,13,0.43333333333333335
S3-Drill,Accelerometer RUA_,14,0.4666666666666667
S3-Drill,Accelerometer RUA_,15,0.5
S3-Drill,Accelerometer RUA_,476,15.866666666666667
S3-Drill,Accelerometer LH,17,0.5666666666666667
S3-Drill,Accelerometer LH,15,0.5
S3-Drill,Accelerometer LH,15,0.5
S3-Drill,Accelerometer LH,19,0.6333333333333333
S3-Drill,Accelerometer LH,888,29.6
S3-Drill,Accelerometer LH,3264,108.8
S3-Drill,Accelerometer LH,8891,296.3666666666667
S3-Drill,Accelerometer LH,7124,237.46666666666667
S3-Drill,Accelerometer LH,7129,237.63333333333333
S3-Drill,Accelerometer LH,3714,123.8
S3-Drill,Accelerometer LH,11214,373.8
S3-Drill,Accelerometer LH,25,0.8333333333333334
S3-Drill,Accelerometer LH,11063,368.76666666666665
S3-Drill,Accelerometer LH,16,0.5333333333333333
S3-Drill,Accelerometer LH,11181,372.7
S3-Drill,Accelerometer LH,3990,133.0
S3-Drill,Accelerometer LH,14,0.4666666666666667
S3-Drill,Accelerometer LH,13,0.43333333333333335
S3-Drill,Accelerometer LH,4,0.13333333333333333
S3-Drill,Accelerometer LH,13,0.43333333333333335
S3-Drill,Accelerometer LH,444,14.8
S3-Drill,Accelerometer BACK,14,0.4666666666666667
S3-Drill,Accelerometer BACK,577,19.233333333333334
S3-Drill,Accelerometer RKN_,13,0.43333333333333335
S3-Drill,Accelerometer RKN_,12,0.4
S3-Drill,Accelerometer RKN_,13,0.43333333333333335
S3-Drill,Accelerometer RKN_,1622,54.06666666666667
S3-Drill,Accelerometer RKN_,318,10.6
S3-Drill,Accelerometer RKN_,1779,59.3
S3-Drill,Accelerometer RKN_,21,0.7
S3-Drill,Accelerometer RKN_,31,1.0333333333333334
S3-Drill,Accelerometer RKN_,31,1.0333333333333334
S3-Drill,Accelerometer RKN_,31,1.0333333333333334
S3-Drill,Accelerometer RKN_,11,0.36666666666666664
S3-Drill,Accelerometer RKN_,30,1.0
S3-Drill,Accelerometer RKN_,31,1.0333333333333334
S3-Drill,Accelerometer RKN_,31,1.0333333333333334
S3-Drill,Accelerometer RKN_,11,0.36666666666666664
S3-Drill,Accelerometer RKN_,112,3.7333333333333334
S3-Drill,Accelerometer RKN_,346,11.533333333333333
S3-Drill,Accelerometer RKN_,742,24.733333333333334
S3-Drill,Accelerometer RKN_,4787,159.56666666666666
S3-Drill,Accelerometer RKN_,334,11.133333333333333
S3-Drill,Accelerometer RKN_,11,0.36666666666666664
S3-Drill,Accelerometer RKN_,42,1.4
S3-Drill,Accelerometer RKN_,31,1.0333333333333334
S3-Drill,Accelerometer RKN_,31,1.0333333333333334
S3-Drill,Accelerometer RKN_,11,0.36666666666666664
S3-Drill,Accelerometer RKN_,61,2.033333333333333
S3-Drill,Accelerometer RKN_,31,1.0333333333333334
S3-Drill,Accelerometer RKN_,32,1.0666666666666667
S3-Drill,Accelerometer RKN_,31,1.0333333333333334
S3-Drill,Accelerometer RKN_,31,1.0333333333333334
S3-Drill,Accelerometer RKN_,11,0.36666666666666664
S3-Drill,Accelerometer RKN_,31,1.0333333333333334
S3-Drill,Accelerometer RKN_,11,0.36666666666666664
S3-Drill,Accelerometer RKN_,81,2.7
S3-Drill,Accelerometer RKN_,80,2.6666666666666665
S3-Drill,Accelerometer RKN_,12,0.4
S3-Drill,Accelerometer RKN_,31,1.0333333333333334
S3-Drill,Accelerometer RKN_,31,1.0333333333333334
S3-Drill,Accelerometer RKN_,12,0.4
S3-Drill,Accelerometer RKN_,31,1.0333333333333334
S3-Drill,Accelerometer RKN_,31,1.0333333333333334
S3-Drill,Accelerometer RKN_,31,1.0333333333333334
S3-Drill,Accelerometer RKN_,11,0.36666666666666664
S3-Drill,Accelerometer RKN_,90,3.0
S3-Drill,Accelerometer RKN_,102,3.4
S3-Drill,Accelerometer RKN_,258,8.6
S3-Drill,Accelerometer RKN_,511,17.033333333333335
S3-Drill,Accelerometer RKN_,238,7.933333333333334
S3-Drill,Accelerometer RKN_,2630,87.66666666666667
S3-Drill,Accelerometer RKN_,369,12.3
S3-Drill,Accelerometer RKN_,2094,69.8
S3-Drill,Accelerometer RKN_,111,3.7
S3-Drill,Accelerometer RKN_,1,0.03333333333333333
S3-Drill,Accelerometer RKN_,242,8.066666666666666
S3-Drill,Accelerometer RKN_,71,2.3666666666666667
S3-Drill,Accelerometer RKN_,352,11.733333333333333
S3-Drill,Accelerometer RKN_,92,3.066666666666667
S3-Drill,Accelerometer RKN_,71,2.3666666666666667
S3-Drill,Accelerometer RKN_,121,4.033333333333333
S3-Drill,Accelerometer RKN_,31,1.0333333333333334
S3-Drill,Accelerometer RKN_,10,0.3333333333333333
S3-Drill,Accelerometer RKN_,13,0.43333333333333335
S3-Drill,Accelerometer RKN_,212,7.066666666666666
S3-Drill,Accelerometer RKN_,12,0.4
S3-Drill,Accelerometer RKN_,81,2.7
S3-Drill,Accelerometer RKN_,9,0.3
S3-Drill,Accelerometer RKN_,91,3.033333333333333
S3-Drill,Accelerometer RKN_,65,2.1666666666666665
S3-Drill,Accelerometer RKN_,1108,36.93333333333333
S3-Drill,Accelerometer RKN_,321,10.7
S3-Drill,Accelerometer RKN_,969,32.3
S3-Drill,Accelerometer RKN_,905,30.166666666666668
S3-Drill,Accelerometer RKN_,2695,89.83333333333333
S3-Drill,Accelerometer RKN_,23,0.7666666666666667
S3-Drill,Accelerometer RKN_,959,31.966666666666665
S3-Drill,Accelerometer RKN_,1276,42.53333333333333
S3-Drill,Accelerometer RKN_,72,2.4
S3-Drill,Accelerometer RKN_,81,2.7
S3-Drill,Accelerometer RKN_,20,0.6666666666666666
S3-Drill,Accelerometer RKN_,31,1.0333333333333334
S3-Drill,Accelerometer RKN_,11,0.36666666666666664
S3-Drill,Accelerometer RKN_,31,1.0333333333333334
S3-Drill,Accelerometer RKN_,32,1.0666666666666667
S3-Drill,Accelerometer RKN_,31,1.0333333333333334
S3-Drill,Accelerometer RKN_,11,0.36666666666666664
S3-Drill,Accelerometer RKN_,1142,38.06666666666667
S3-Drill,Accelerometer RKN_,4945,164.83333333333334
S3-Drill,Accelerometer RKN_,483,16.1
S3-Drill,Accelerometer RKN_,11,0.36666666666666664
S3-Drill,Accelerometer RKN_,1,0.03333333333333333
S3-Drill,Accelerometer RKN_,61,2.033333333333333
S3-Drill,Accelerometer RKN_,81,2.7
S3-Drill,Accelerometer RKN_,11,0.36666666666666664
S3-Drill,Accelerometer RKN_,111,3.7
S3-Drill,Accelerometer RKN_,1,0.03333333333333333
S3-Drill,Accelerometer RKN_,31,1.0333333333333334
S3-Drill,Accelerometer RKN_,12,0.4
S3-Drill,Accelerometer RKN_,81,2.7
S3-Drill,Accelerometer RKN_,12,0.4
S3-Drill,Accelerometer RKN_,81,2.7
S3-Drill,Accelerometer RKN_,11,0.36666666666666664
S3-Drill,Accelerometer RKN_,81,2.7
S3-Drill,Accelerometer RKN_,31,1.0333333333333334
S3-Drill,Accelerometer RKN_,60,2.0
S3-Drill,Accelerometer RKN_,31,1.0333333333333334
S3-Drill,Accelerometer RKN_,30,1.0
S3-Drill,Accelerometer RKN_,12,0.4
S3-Drill,Accelerometer RKN_,81,2.7
S3-Drill,Accelerometer RKN_,21,0.7
S3-Drill,Accelerometer RKN_,121,4.033333333333333
S3-Drill,Accelerometer RKN_,31,1.0333333333333334
S3-Drill,Accelerometer RKN_,11,0.36666666666666664
S3-Drill,Accelerometer RKN_,31,1.0333333333333334
S3-Drill,Accelerometer RKN_,31,1.0333333333333334
S3-Drill,Accelerometer RKN_,11,0.36666666666666664
S3-Drill,Accelerometer RKN_,13,0.43333333333333335
S3-Drill,Accelerometer RKN_,6083,202.76666666666668
S3-Drill,Accelerometer RKN_,82,2.7333333333333334
S3-Drill,Accelerometer RKN_,81,2.7
S3-Drill,Accelerometer RKN_,11,0.36666666666666664
S3-Drill,Accelerometer RKN_,61,2.033333333333333
S3-Drill,Accelerometer RKN_,81,2.7
S3-Drill,Accelerometer RKN_,3,0.1
S3-Drill,Accelerometer RKN_,20,0.6666666666666666
S3-Drill,Accelerometer RKN_,81,2.7
S3-Drill,Accelerometer RKN_,11,0.36666666666666664
S3-Drill,Accelerometer RKN_,111,3.7
S3-Drill,Accelerometer RKN_,111,3.7
S3-Drill,Accelerometer RKN_,81,2.7
S3-Drill,Accelerometer RKN_,11,0.36666666666666664
S3-Drill,Accelerometer RKN_,102,3.4
S3-Drill,Accelerometer RKN_,343,11.433333333333334
S3-Drill,Accelerometer RKN_,41,1.3666666666666667
S3-Drill,Accelerometer RKN_,21,0.7
S3-Drill,Accelerometer RKN_,11,0.36666666666666664
S3-Drill,Accelerometer RKN_,31,1.0333333333333334
S3-Drill,Accelerometer RKN_,12,0.4
S3-Drill,Accelerometer RKN_,31,1.0333333333333334
S3-Drill,Accelerometer RKN_,31,1.0333333333333334
S3-Drill,Accelerometer RKN_,11,0.36666666666666664
S3-Drill,Accelerometer RKN_,1190,39.666666666666664
S3-Drill,Accelerometer RKN_,912,30.4
S3-Drill,Accelerometer RKN_,1987,66.23333333333333
S3-Drill,Accelerometer RKN_,1453,48.43333333333333
S3-Drill,Accelerometer RKN_,577,19.233333333333334
S3-Drill,Accelerometer RKN_,624,20.8
S3-Drill,Accelerometer RKN_,81,2.7
S3-Drill,Accelerometer RKN_,12,0.4
S3-Drill,Accelerometer RKN_,261,8.7
S3-Drill,Accelerometer RKN_,36,1.2
S3-Drill,Accelerometer RKN_,5,0.16666666666666666
S3-Drill,Accelerometer RKN_,60,2.0
S3-Drill,Accelerometer RKN_,81,2.7
S3-Drill,Accelerometer RKN_,81,2.7
S3-Drill,Accelerometer RKN_,81,2.7
S3-Drill,Accelerometer RKN_,11,0.36666666666666664
S3-Drill,Accelerometer RKN_,141,4.7
S3-Drill,Accelerometer RKN_,92,3.066666666666667
S3-Drill,Accelerometer RKN_,31,1.0333333333333334
S3-Drill,Accelerometer RKN_,31,1.0333333333333334
S3-Drill,Accelerometer RKN_,31,1.0333333333333334
S3-Drill,Accelerometer RKN_,31,1.0333333333333334
S3-Drill,Accelerometer RKN_,11,0.36666666666666664
S3-Drill,Accelerometer RKN_,81,2.7
S3-Drill,Accelerometer RKN_,12,0.4
S3-Drill,Accelerometer RKN_,81,2.7
S3-Drill,Accelerometer RKN_,31,1.0333333333333334
S3-Drill,Accelerometer RKN_,11,0.36666666666666664
S3-Drill,Accelerometer RKN_,1788,59.6
S3-Drill,Accelerometer RKN_,451,15.033333333333333
S3-Drill,Accelerometer RKN_,4112,137.06666666666666
S3-Drill,Accelerometer RKN_,283,9.433333333333334
S3-Drill,Accelerometer RKN_,22,0.7333333333333333
S3-Drill,Accelerometer RKN_,1019,33.96666666666667
S3-Drill,Accelerometer RKN_,42,1.4
S3-Drill,Accelerometer RWR,19,0.6333333333333333
S3-Drill,Accelerometer RWR,18,0.6
S3-Drill,Accelerometer RWR,18,0.6
S3-Drill,Accelerometer RWR,3071,102.36666666666666
S3-Drill,Accelerometer RWR,59,1.9666666666666666
S3-Drill,Accelerometer RWR,3439,114.63333333333334
S3-Drill,Accelerometer RWR,3520,117.33333333333333
S3-Drill,Accelerometer RWR,5795,193.16666666666666
S3-Drill,Accelerometer RWR,3769,125.63333333333334
S3-Drill,Accelerometer RWR,3704,123.46666666666667
S3-Drill,Accelerometer RWR,4,0.13333333333333333
S3-Drill,Accelerometer RWR,3591,119.7
S3-Drill,Accelerometer RWR,10,0.3333333333333333
S3-Drill,Accelerometer RWR,3583,119.43333333333334
S3-Drill,Accelerometer RWR,7,0.23333333333333334
S3-Drill,Accelerometer RWR,3636,121.2
S3-Drill,Accelerometer RWR,36,1.2
S3-Drill,Accelerometer RWR,8,0.26666666666666666
S3-Drill,Accelerometer RWR,2398,79.93333333333334
S3-Drill,Accelerometer RWR,1312,43.733333333333334
S3-Drill,Accelerometer RWR,11,0.36666666666666664
S3-Drill,Accelerometer RWR,3645,121.5
S3-Drill,Accelerometer RWR,3010,100.33333333333333
S3-Drill,Accelerometer RWR,702,23.4
S3-Drill,Accelerometer RWR,8,0.26666666666666666
S3-Drill,Accelerometer RWR,3727,124.23333333333333
S3-Drill,Accelerometer RWR,6,0.2
S3-Drill,Accelerometer RWR,3640,121.33333333333333
S3-Drill,Accelerometer RWR,11,0.36666666666666664
S3-Drill,Accelerometer RWR,3748,124.93333333333334
S3-Drill,Accelerometer RWR,3645,121.5
S3-Drill,Accelerometer RWR,4,0.13333333333333333
S3-Drill,Accelerometer RWR,3654,121.8
S3-Drill,Accelerometer RWR,2,0.06666666666666667
S3-Drill,Accelerometer RWR,3569,118.96666666666667
S3-Drill,Accelerometer RWR,8,0.26666666666666666
S3-Drill,Accelerometer RWR,1332,44.4
S3-Drill,Accelerometer RWR,13,0.43333333333333335
S3-Drill,Accelerometer RWR,49,1.6333333333333333
S3-Drill,Accelerometer RWR,15,0.5
S3-Drill,Accelerometer RWR,476,15.866666666666667
S3-Drill,Accelerometer RUA^,18,0.6
S3-Drill,Accelerometer RUA^,18,0.6
S3-Drill,Accelerometer RUA^,17,0.5666666666666667
S3-Drill,Accelerometer RUA^,20,0.6666666666666666
S3-Drill,Accelerometer RUA^,95,3.1666666666666665
S3-Drill,Accelerometer RUA^,11,0.36666666666666664
S3-Drill,Accelerometer RUA^,68286,2276.2
S3-Drill,Accelerometer RUA^,13,0.43333333333333335
S3-Drill,Accelerometer RUA^,14,0.4666666666666667
S3-Drill,Accelerometer RUA^,14,0.4666666666666667
S3-Drill,Accelerometer RUA^,15,0.5
S3-Drill,Accelerometer RUA^,476,15.866666666666667
S3-Drill,Accelerometer LUA_,18,0.6
S3-Drill,Accelerometer LUA_,18,0.6
S3-Drill,Accelerometer LUA_,17,0.5666666666666667
S3-Drill,Accelerometer LUA_,21,0.7
S3-Drill,Accelerometer LUA_,5291,176.36666666666667
S3-Drill,Accelerometer LUA_,37421,1247.3666666666666
S3-Drill,Accelerometer LUA_,19425,647.5
S3-Drill,Accelerometer LUA_,7291,243.03333333333333
S3-Drill,Accelerometer LUA_,13,0.43333333333333335
S3-Drill,Accelerometer LUA_,14,0.4666666666666667
S3-Drill,Accelerometer LUA_,14,0.4666666666666667
S3-Drill,Accelerometer LUA_,15,0.5
S3-Drill,Accelerometer LUA_,415,13.833333333333334
S3-Drill,Accelerometer LWR,19,0.6333333333333333
S3-Drill,Accelerometer LWR,19,0.6333333333333333
S3-Drill,Accelerometer LWR,16,0.5333333333333333
S3-Drill,Accelerometer LWR,19,0.6333333333333333
S3-Drill,Accelerometer LWR,69491,2316.366666666667
S3-Drill,Accelerometer LWR,13,0.43333333333333335
S3-Drill,Accelerometer LWR,48,1.6
S3-Drill,Accelerometer LWR,15,0.5
S3-Drill,Accelerometer LWR,417,13.9
S3-Drill,Accelerometer RH,14,0.4666666666666667
S3-Drill,Accelerometer RH,14,0.4666666666666667
S3-Drill,Accelerometer RH,15,0.5
S3-Drill,Accelerometer RH,17,0.5666666666666667
S3-Drill,Accelerometer RH,2150,71.66666666666667
S3-Drill,Accelerometer RH,256,8.533333333333333
S3-Drill,Accelerometer RH,56,1.8666666666666667
S3-Drill,Accelerometer RH,81,2.7
S3-Drill,Accelerometer RH,501,16.7
S3-Drill,Accelerometer RH,685,22.833333333333332
S3-Drill,Accelerometer RH,1669,55.63333333333333
S3-Drill,Accelerometer RH,289,9.633333333333333
S3-Drill,Accelerometer RH,90,3.0
S3-Drill,Accelerometer RH,543,18.1
S3-Drill,Accelerometer RH,4,0.13333333333333333
S3-Drill,Accelerometer RH,2414,80.46666666666667
S3-Drill,Accelerometer RH,441,14.7
S3-Drill,Accelerometer RH,85,2.8333333333333335
S3-Drill,Accelerometer RH,201,6.7
S3-Drill,Accelerometer RH,236,7.866666666666666
S3-Drill,Accelerometer RH,4,0.13333333333333333
S3-Drill,Accelerometer RH,4482,149.4
S3-Drill,Accelerometer RH,52,1.7333333333333334
S3-Drill,Accelerometer RH,75,2.5
S3-Drill,Accelerometer RH,443,14.766666666666667
S3-Drill,Accelerometer RH,79,2.6333333333333333
S3-Drill,Accelerometer RH,509,16.966666666666665
S3-Drill,Accelerometer RH,2477,82.56666666666666
S3-Drill,Accelerometer RH,42,1.4
S3-Drill,Accelerometer RH,68,2.2666666666666666
S3-Drill,Accelerometer RH,438,14.6
S3-Drill,Accelerometer RH,86,2.8666666666666667
S3-Drill,Accelerometer RH,500,16.666666666666668
S3-Drill,Accelerometer RH,15,0.5
S3-Drill,Accelerometer RH,469,15.633333333333333
S3-Drill,Accelerometer RH,229,7.633333333333334
S3-Drill,Accelerometer RH,945,31.5
S3-Drill,Accelerometer RH,854,28.466666666666665
S3-Drill,Accelerometer RH,82,2.7333333333333334
S3-Drill,Accelerometer RH,170,5.666666666666667
S3-Drill,Accelerometer RH,54,1.8
S3-Drill,Accelerometer RH,87,2.9
S3-Drill,Accelerometer RH,99,3.3
S3-Drill,Accelerometer RH,498,16.6
S3-Drill,Accelerometer RH,1219,40.63333333333333
S3-Drill,Accelerometer RH,1111,37.03333333333333
S3-Drill,Accelerometer RH,52,1.7333333333333334
S3-Drill,Accelerometer RH,83,2.7666666666666666
S3-Drill,Accelerometer RH,66,2.2
S3-Drill,Accelerometer RH,345,11.5
S3-Drill,Accelerometer RH,73,2.433333333333333
S3-Drill,Accelerometer RH,476,15.866666666666667
S3-Drill,Accelerometer RH,3,0.1
S3-Drill,Accelerometer RH,2327,77.56666666666666
S3-Drill,Accelerometer RH,50,1.6666666666666667
S3-Drill,Accelerometer RH,76,2.533333333333333
S3-Drill,Accelerometer RH,69,2.3
S3-Drill,Accelerometer RH,244,8.133333333333333
S3-Drill,Accelerometer RH,96,3.2
S3-Drill,Accelerometer RH,87,2.9
S3-Drill,Accelerometer RH,478,15.933333333333334
S3-Drill,Accelerometer RH,4,0.13333333333333333
S3-Drill,Accelerometer RH,1580,52.666666666666664
S3-Drill,Accelerometer RH,799,26.633333333333333
S3-Drill,Accelerometer RH,68,2.2666666666666666
S3-Drill,Accelerometer RH,77,2.566666666666667
S3-Drill,Accelerometer RH,248,8.266666666666667
S3-Drill,Accelerometer RH,105,3.5
S3-Drill,Accelerometer RH,83,2.7666666666666666
S3-Drill,Accelerometer RH,486,16.2
S3-Drill,Accelerometer RH,17,0.5666666666666667
S3-Drill,Accelerometer RH,2460,82.0
S3-Drill,Accelerometer RH,78,2.6
S3-Drill,Accelerometer RH,84,2.8
S3-Drill,Accelerometer RH,190,6.333333333333333
S3-Drill,Accelerometer RH,55,1.8333333333333333
S3-Drill,Accelerometer RH,84,2.8
S3-Drill,Accelerometer RH,90,3.0
S3-Drill,Accelerometer RH,531,17.7
S3-Drill,Accelerometer RH,1,0.03333333333333333
S3-Drill,Accelerometer RH,1323,44.1
S3-Drill,Accelerometer RH,1002,33.4
S3-Drill,Accelerometer RH,134,4.466666666666667
S3-Drill,Accelerometer RH,80,2.6666666666666665
S3-Drill,Accelerometer RH,265,8.833333333333334
S3-Drill,Accelerometer RH,85,2.8333333333333335
S3-Drill,Accelerometer RH,573,19.1
S3-Drill,Accelerometer RH,4,0.13333333333333333
S3-Drill,Accelerometer RH,1432,47.733333333333334
S3-Drill,Accelerometer RH,1091,36.36666666666667
S3-Drill,Accelerometer RH,70,2.3333333333333335
S3-Drill,Accelerometer RH,345,11.5
S3-Drill,Accelerometer RH,96,3.2
S3-Drill,Accelerometer RH,77,2.566666666666667
S3-Drill,Accelerometer RH,476,15.866666666666667
S3-Drill,Accelerometer RH,2384,79.46666666666667
S3-Drill,Accelerometer RH,150,5.0
S3-Drill,Accelerometer RH,294,9.8
S3-Drill,Accelerometer RH,171,5.7
S3-Drill,Accelerometer RH,593,19.766666666666666
S3-Drill,Accelerometer RH,666,22.2
S3-Drill,Accelerometer RH,143,4.766666666666667
S3-Drill,Accelerometer RH,325,10.833333333333334
S3-Drill,Accelerometer RH,1137,37.9
S3-Drill,Accelerometer RH,29,0.9666666666666667
S3-Drill,Accelerometer RH,80,2.6666666666666665
S3-Drill,Accelerometer RH,368,12.266666666666667
S3-Drill,Accelerometer RH,85,2.8333333333333335
S3-Drill,Accelerometer RH,608,20.266666666666666
S3-Drill,Accelerometer RH,648,21.6
S3-Drill,Accelerometer RH,1698,56.6
S3-Drill,Accelerometer RH,162,5.4
S3-Drill,Accelerometer RH,379,12.633333333333333
S3-Drill,Accelerometer RH,81,2.7
S3-Drill,Accelerometer RH,81,2.7
S3-Drill,Accelerometer RH,525,17.5
S3-Drill,Accelerometer RH,633,21.1
S3-Drill,Accelerometer RH,1525,50.833333333333336
S3-Drill,Accelerometer RH,122,4.066666666666666
S3-Drill,Accelerometer RH,159,5.3
S3-Drill,Accelerometer RH,380,12.666666666666666
S3-Drill,Accelerometer RH,76,2.533333333333333
S3-Drill,Accelerometer RH,622,20.733333333333334
S3-Drill,Accelerometer RH,2356,78.53333333333333
S3-Drill,Accelerometer RH,53,1.7666666666666666
S3-Drill,Accelerometer RH,78,2.6
S3-Drill,Accelerometer RH,90,3.0
S3-Drill,Accelerometer RH,245,8.166666666666666
S3-Drill,Accelerometer RH,101,3.3666666666666667
S3-Drill,Accelerometer RH,576,19.2
S3-Drill,Accelerometer RH,701,23.366666666666667
S3-Drill,Accelerometer RH,1565,52.166666666666664
S3-Drill,Accelerometer RH,54,1.8
S3-Drill,Accelerometer RH,70,2.3333333333333335
S3-Drill,Accelerometer RH,350,11.666666666666666
S3-Drill,Accelerometer RH,86,2.8666666666666667
S3-Drill,Accelerometer RH,86,2.8666666666666667
S3-Drill,Accelerometer RH,502,16.733333333333334
S3-Drill,Accelerometer RH,3,0.1
S3-Drill,Accelerometer RH,1307,43.56666666666667
S3-Drill,Accelerometer RH,7,0.23333333333333334
S3-Drill,Accelerometer RH,12,0.4
S3-Drill,Accelerometer RH,12,0.4
S3-Drill,Accelerometer RH,11,0.36666666666666664
S3-Drill,Accelerometer RH,471,15.7
S4-ADL1,Accelerometer RKN^,8931,297.7
S4-ADL1,Accelerometer RKN^,12,0.4
S4-ADL1,Accelerometer RKN^,243,8.1
S4-ADL1,Accelerometer RKN^,6887,229.56666666666666
S4-ADL1,Accelerometer RKN^,82,2.7333333333333334
S4-ADL1,Accelerometer RKN^,12,0.4
S4-ADL1,Accelerometer RKN^,212,7.066666666666666
S4-ADL1,Accelerometer RKN^,12,0.4
S4-ADL1,Accelerometer RKN^,625,20.833333333333332
S4-ADL1,Accelerometer RKN^,81,2.7
S4-ADL1,Accelerometer RKN^,41,1.3666666666666667
S4-ADL1,Accelerometer RKN^,22,0.7333333333333333
S4-ADL1,Accelerometer RKN^,11,0.36666666666666664
S4-ADL1,Accelerometer RKN^,61,2.033333333333333
S4-ADL1,Accelerometer RKN^,82,2.7333333333333334
S4-ADL1,Accelerometer RKN^,11,0.36666666666666664
S4-ADL1,Accelerometer RKN^,61,2.033333333333333
S4-ADL1,Accelerometer RKN^,21,0.7
S4-ADL1,Accelerometer RKN^,11,0.36666666666666664
S4-ADL1,Accelerometer RKN^,61,2.033333333333333
S4-ADL1,Accelerometer RKN^,7612,253.73333333333332
S4-ADL1,Accelerometer RKN^,31,1.0333333333333334
S4-ADL1,Accelerometer RKN^,32,1.0666666666666667
S4-ADL1,Accelerometer RKN^,11,0.36666666666666664
S4-ADL1,Accelerometer RKN^,62,2.066666666666667
S4-ADL1,Accelerometer RKN^,31,1.0333333333333334
S4-ADL1,Accelerometer RKN^,12,0.4
S4-ADL1,Accelerometer RKN^,92,3.066666666666667
S4-ADL1,Accelerometer RKN^,21,0.7
S4-ADL1,Accelerometer RKN^,82,2.7333333333333334
S4-ADL1,Accelerometer RKN^,12,0.4
S4-ADL1,Accelerometer RKN^,82,2.7333333333333334
S4-ADL1,Accelerometer RKN^,736,24.533333333333335
S4-ADL1,Accelerometer RKN^,867,28.9
S4-ADL1,Accelerometer RKN^,31,1.0333333333333334
S4-ADL1,Accelerometer RKN^,31,1.0333333333333334
S4-ADL1,Accelerometer RKN^,3745,124.83333333333333
S4-ADL1,Accelerometer RKN^,1,0.03333333333333333
S4-ADL1,Accelerometer RKN^,424,14.133333333333333
S4-ADL1,Accelerometer RKN^,62,2.066666666666667
S4-ADL1,Accelerometer RKN^,1,0.03333333333333333
S4-ADL1,Accelerometer RKN^,72,2.4
S4-ADL1,Accelerometer RKN^,1,0.03333333333333333
S4-ADL1,Accelerometer RKN^,31,1.0333333333333334
S4-ADL1,Accelerometer RKN^,31,1.0333333333333334
S4-ADL1,Accelerometer RKN^,31,1.0333333333333334
S4-ADL1,Accelerometer RKN^,11,0.36666666666666664
S4-ADL1,Accelerometer RKN^,31,1.0333333333333334
S4-ADL1,Accelerometer RKN^,31,1.0333333333333334
S4-ADL1,Accelerometer RKN^,31,1.0333333333333334
S4-ADL1,Accelerometer RKN^,12,0.4
S4-ADL1,Accelerometer RKN^,82,2.7333333333333334
S4-ADL1,Accelerometer RKN^,32,1.0666666666666667
S4-ADL1,Accelerometer RKN^,12,0.4
S4-ADL1,Accelerometer RKN^,82,2.7333333333333334
S4-ADL1,Accelerometer RKN^,11,0.36666666666666664
S4-ADL1,Accelerometer RKN^,32,1.0666666666666667
S4-ADL1,Accelerometer RKN^,31,1.0333333333333334
S4-ADL1,Accelerometer RKN^,31,1.0333333333333334
S4-ADL1,Accelerometer RKN^,62,2.066666666666667
S4-ADL1,Accelerometer RKN^,11,0.36666666666666664
S4-ADL1,Accelerometer RKN^,31,1.0333333333333334
S4-ADL1,Accelerometer RKN^,82,2.7333333333333334
S4-ADL1,Accelerometer RKN^,31,1.0333333333333334
S4-ADL1,Accelerometer RKN^,12,0.4
S4-ADL1,Accelerometer RKN^,575,19.166666666666668
S4-ADL1,Accelerometer RKN^,193,6.433333333333334
S4-ADL1,Accelerometer RKN^,182,6.066666666666666
S4-ADL1,Accelerometer RKN^,122,4.066666666666666
S4-ADL1,Accelerometer RKN^,102,3.4
S4-ADL1,Accelerometer RKN^,132,4.4
S4-ADL1,Accelerometer RKN^,51,1.7
S4-ADL1,Accelerometer HIP,121,4.033333333333333
S4-ADL1,Accelerometer HIP,71,2.3666666666666667
S4-ADL1,Accelerometer HIP,11,0.36666666666666664
S4-ADL1,Accelerometer HIP,72,2.4
S4-ADL1,Accelerometer HIP,122,4.066666666666666
S4-ADL1,Accelerometer HIP,1802,60.06666666666667
S4-ADL1,Accelerometer HIP,31,1.0333333333333334
S4-ADL1,Accelerometer HIP,31,1.0333333333333334
S4-ADL1,Accelerometer HIP,6075,202.5
S4-ADL1,Accelerometer HIP,132,4.4
S4-ADL1,Accelerometer HIP,11,0.36666666666666664
S4-ADL1,Accelerometer HIP,102,3.4
S4-ADL1,Accelerometer HIP,11,0.36666666666666664
S4-ADL1,Accelerometer HIP,584,19.466666666666665
S4-ADL1,Accelerometer HIP,122,4.066666666666666
S4-ADL1,Accelerometer HIP,203,6.766666666666667
S4-ADL1,Accelerometer HIP,102,3.4
S4-ADL1,Accelerometer HIP,11,0.36666666666666664
S4-ADL1,Accelerometer HIP,92,3.066666666666667
S4-ADL1,Accelerometer HIP,82,2.7333333333333334
S4-ADL1,Accelerometer HIP,1,0.03333333333333333
S4-ADL1,Accelerometer HIP,1872,62.4
S4-ADL1,Accelerometer HIP,117,3.9
S4-ADL1,Accelerometer LUA^,39,1.3
S4-ADL1,Accelerometer LUA^,38,1.2666666666666666
S4-ADL1,Accelerometer LUA^,36,1.2
S4-ADL1,Accelerometer LUA^,34,1.1333333333333333
S4-ADL1,Accelerometer LUA^,36849,1228.3
S4-ADL1,Accelerometer LUA^,2378,79.26666666666667
S4-ADL1,Accelerometer LUA^,37,1.2333333333333334
S4-ADL1,Accelerometer LUA^,38,1.2666666666666666
S4-ADL1,Accelerometer LUA^,38,1.2666666666666666
S4-ADL1,Accelerometer LUA^,42,1.4
S4-ADL1,Accelerometer LUA^,572,19.066666666666666
S4-ADL1,Accelerometer RUA_,37,1.2333333333333334
S4-ADL1,Accelerometer RUA_,38,1.2666666666666666
S4-ADL1,Accelerometer RUA_,36,1.2
S4-ADL1,Accelerometer RUA_,34,1.1333333333333333
S4-ADL1,Accelerometer RUA_,35776,1192.5333333333333
S4-ADL1,Accelerometer RUA_,3,0.1
S4-ADL1,Accelerometer RUA_,3404,113.46666666666667
S4-ADL1,Accelerometer RUA_,37,1.2333333333333334
S4-ADL1,Accelerometer RUA_,38,1.2666666666666666
S4-ADL1,Accelerometer RUA_,38,1.2666666666666666
S4-ADL1,Accelerometer RUA_,650,21.666666666666668
S4-ADL1,Accelerometer LH,35,1.1666666666666667
S4-ADL1,Accelerometer LH,32,1.0666666666666667
S4-ADL1,Accelerometer LH,6855,228.5
S4-ADL1,Accelerometer LH,639,21.3
S4-ADL1,Accelerometer LH,2851,95.03333333333333
S4-ADL1,Accelerometer LH,5273,175.76666666666668
S4-ADL1,Accelerometer LH,6695,223.16666666666666
S4-ADL1,Accelerometer LH,237,7.9
S4-ADL1,Accelerometer LH,686,22.866666666666667
S4-ADL1,Accelerometer LH,1471,49.03333333333333
S4-ADL1,Accelerometer LH,1200,40.0
S4-ADL1,Accelerometer LH,2474,82.46666666666667
S4-ADL1,Accelerometer LH,1421,47.36666666666667
S4-ADL1,Accelerometer LH,1318,43.93333333333333
S4-ADL1,Accelerometer LH,2171,72.36666666666666
S4-ADL1,Accelerometer LH,563,18.766666666666666
S4-ADL1,Accelerometer LH,162,5.4
S4-ADL1,Accelerometer LH,135,4.5
S4-ADL1,Accelerometer LH,242,8.066666666666666
S4-ADL1,Accelerometer LH,135,4.5
S4-ADL1,Accelerometer LH,302,10.066666666666666
S4-ADL1,Accelerometer LH,74,2.466666666666667
S4-ADL1,Accelerometer LH,15,0.5
S4-ADL1,Accelerometer LH,77,2.566666666666667
S4-ADL1,Accelerometer LH,1222,40.733333333333334
S4-ADL1,Accelerometer LH,35,1.1666666666666667
S4-ADL1,Accelerometer LH,1,0.03333333333333333
S4-ADL1,Accelerometer RKN_,82,2.7333333333333334
S4-ADL1,Accelerometer RKN_,12,0.4
S4-ADL1,Accelerometer RKN_,152,5.066666666666666
S4-ADL1,Accelerometer RKN_,9681,322.7
S4-ADL1,Accelerometer RKN_,11,0.36666666666666664
S4-ADL1,Accelerometer RKN_,112,3.7333333333333334
S4-ADL1,Accelerometer RKN_,6911,230.36666666666667
S4-ADL1,Accelerometer RKN_,1,0.03333333333333333
S4-ADL1,Accelerometer RKN_,223,7.433333333333334
S4-ADL1,Accelerometer RKN_,706,23.533333333333335
S4-ADL1,Accelerometer RKN_,52,1.7333333333333334
S4-ADL1,Accelerometer RKN_,11,0.36666666666666664
S4-ADL1,Accelerometer RKN_,31,1.0333333333333334
S4-ADL1,Accelerometer RKN_,31,1.0333333333333334
S4-ADL1,Accelerometer RKN_,11,0.36666666666666664
S4-ADL1,Accelerometer RKN_,82,2.7333333333333334
S4-ADL1,Accelerometer RKN_,11,0.36666666666666664
S4-ADL1,Accelerometer RKN_,71,2.3666666666666667
S4-ADL1,Accelerometer RKN_,8352,278.4
S4-ADL1,Accelerometer RKN_,112,3.7333333333333334
S4-ADL1,Accelerometer RKN_,12,0.4
S4-ADL1,Accelerometer RKN_,82,2.7333333333333334
S4-ADL1,Accelerometer RKN_,163,5.433333333333334
S4-ADL1,Accelerometer RKN_,11,0.36666666666666664
S4-ADL1,Accelerometer RKN_,1926,64.2
S4-ADL1,Accelerometer RKN_,12,0.4
S4-ADL1,Accelerometer RKN_,31,1.0333333333333334
S4-ADL1,Accelerometer RKN_,4323,144.1
S4-ADL1,Accelerometer RKN_,61,2.033333333333333
S4-ADL1,Accelerometer RKN_,1,0.03333333333333333
S4-ADL1,Accelerometer RKN_,32,1.0666666666666667
S4-ADL1,Accelerometer RKN_,31,1.0333333333333334
S4-ADL1,Accelerometer RKN_,11,0.36666666666666664
S4-ADL1,Accelerometer RKN_,31,1.0333333333333334
S4-ADL1,Accelerometer RKN_,11,0.36666666666666664
S4-ADL1,Accelerometer RKN_,32,1.0666666666666667
S4-ADL1,Accelerometer RKN_,31,1.0333333333333334
S4-ADL1,Accelerometer RKN_,31,1.0333333333333334
S4-ADL1,Accelerometer RKN_,12,0.4
S4-ADL1,Accelerometer RKN_,82,2.7333333333333334
S4-ADL1,Accelerometer RKN_,11,0.36666666666666664
S4-ADL1,Accelerometer RKN_,82,2.7333333333333334
S4-ADL1,Accelerometer RKN_,132,4.4
S4-ADL1,Accelerometer RKN_,72,2.4
S4-ADL1,Accelerometer RKN_,1,0.03333333333333333
S4-ADL1,Accelerometer RKN_,82,2.7333333333333334
S4-ADL1,Accelerometer RKN_,11,0.36666666666666664
S4-ADL1,Accelerometer RKN_,727,24.233333333333334
S4-ADL1,Accelerometer RKN_,11,0.36666666666666664
S4-ADL1,Accelerometer RKN_,142,4.733333333333333
S4-ADL1,Accelerometer RKN_,182,6.066666666666666
S4-ADL1,Accelerometer RKN_,163,5.433333333333334
S4-ADL1,Accelerometer RKN_,173,5.766666666666667
S4-ADL1,Accelerometer RKN_,88,2.933333333333333
S4-ADL1,Accelerometer RWR,37,1.2333333333333334
S4-ADL1,Accelerometer RWR,38,1.2666666666666666
S4-ADL1,Accelerometer RWR,36,1.2
S4-ADL1,Accelerometer RWR,34,1.1333333333333333
S4-ADL1,Accelerometer RWR,7171,239.03333333333333
S4-ADL1,Accelerometer RWR,5537,184.56666666666666
S4-ADL1,Accelerometer RWR,61,2.033333333333333
S4-ADL1,Accelerometer RWR,795,26.5
S4-ADL1,Accelerometer RWR,18294,609.8
S4-ADL1,Accelerometer RWR,1782,59.4
S4-ADL1,Accelerometer RWR,1663,55.43333333333333
S4-ADL1,Accelerometer RWR,321,10.7
S4-ADL1,Accelerometer RWR,258,8.6
S4-ADL1,Accelerometer RWR,226,7.533333333333333
S4-ADL1,Accelerometer RWR,13,0.43333333333333335
S4-ADL1,Accelerometer RWR,32,1.0666666666666667
S4-ADL1,Accelerometer RWR,2779,92.63333333333334
S4-ADL1,Accelerometer RWR,38,1.2666666666666666
S4-ADL1,Accelerometer RWR,38,1.2666666666666666
S4-ADL1,Accelerometer RWR,37,1.2333333333333334
S4-ADL1,Accelerometer RWR,42,1.4
S4-ADL1,Accelerometer RWR,590,19.666666666666668
S4-ADL1,Accelerometer RUA^,38,1.2666666666666666
S4-ADL1,Accelerometer RUA^,38,1.2666666666666666
S4-ADL1,Accelerometer RUA^,36,1.2
S4-ADL1,Accelerometer RUA^,34,1.1333333333333333
S4-ADL1,Accelerometer RUA^,35774,1192.4666666666667
S4-ADL1,Accelerometer RUA^,3441,114.7
S4-ADL1,Accelerometer RUA^,36,1.2
S4-ADL1,Accelerometer RUA^,37,1.2333333333333334
S4-ADL1,Accelerometer RUA^,37,1.2333333333333334
S4-ADL1,Accelerometer RUA^,42,1.4
S4-ADL1,Accelerometer RUA^,590,19.666666666666668
S4-ADL1,Accelerometer LUA_,38,1.2666666666666666
S4-ADL1,Accelerometer LUA_,38,1.2666666666666666
S4-ADL1,Accelerometer LUA_,34,1.1333333333333333
S4-ADL1,Accelerometer LUA_,34,1.1333333333333333
S4-ADL1,Accelerometer LUA_,9006,300.2
S4-ADL1,Accelerometer LUA_,17153,571.7666666666667
S4-ADL1,Accelerometer LUA_,114,3.8
S4-ADL1,Accelerometer LWR,383,12.766666666666667
S4-ADL1,Accelerometer LWR,39,1.3
S4-ADL1,Accelerometer LWR,38,1.2666666666666666
S4-ADL1,Accelerometer LWR,36,1.2
S4-ADL1,Accelerometer LWR,34,1.1333333333333333
S4-ADL1,Accelerometer LWR,14197,473.23333333333335
S4-ADL1,Accelerometer LWR,25026,834.2
S4-ADL1,Accelerometer LWR,37,1.2333333333333334
S4-ADL1,Accelerometer LWR,38,1.2666666666666666
S4-ADL1,Accelerometer LWR,38,1.2666666666666666
S4-ADL1,Accelerometer LWR,42,1.4
S4-ADL1,Accelerometer LWR,589,19.633333333333333
S4-ADL1,Accelerometer RH,36,1.2
S4-ADL1,Accelerometer RH,38,1.2666666666666666
S4-ADL1,Accelerometer RH,34,1.1333333333333333
S4-ADL1,Accelerometer RH,33,1.1
S4-ADL1,Accelerometer RH,8301,276.7
S4-ADL1,Accelerometer RH,257,8.566666666666666
S4-ADL1,Accelerometer RH,1077,35.9
S4-ADL1,Accelerometer RH,2961,98.7
S4-ADL1,Accelerometer RH,12,0.4
S4-ADL1,Accelerometer RH,10,0.3333333333333333
S4-ADL1,Accelerometer RH,60,2.0
S4-ADL1,Accelerometer RH,794,26.466666666666665
S4-ADL1,Accelerometer RH,3331,111.03333333333333
S4-ADL1,Accelerometer RH,1223,40.766666666666666
S4-ADL1,Accelerometer RH,1337,44.56666666666667
S4-ADL1,Accelerometer RH,56,1.8666666666666667
S4-ADL1,Accelerometer RH,3172,105.73333333333333
S4-ADL1,Accelerometer RH,7064,235.46666666666667
S4-ADL1,Accelerometer RH,12,0.4
S4-ADL1,Accelerometer RH,216,7.2
S4-ADL1,Accelerometer RH,111,3.7
S4-ADL1,Accelerometer RH,2063,68.76666666666667
S4-ADL1,Accelerometer RH,1265,42.166666666666664
S4-ADL1,Accelerometer RH,25,0.8333333333333334
S4-ADL1,Accelerometer RH,176,5.866666666666666
S4-ADL1,Accelerometer RH,405,13.5
S4-ADL1,Accelerometer RH,855,28.5
S4-ADL1,Accelerometer RH,34,1.1333333333333333
S4-ADL1,Accelerometer RH,13,0.43333333333333335
S4-ADL1,Accelerometer RH,8,0.26666666666666666
S4-ADL1,Accelerometer RH,219,7.3
S4-ADL1,Accelerometer RH,66,2.2
S4-ADL1,Accelerometer RH,214,7.133333333333334
S4-ADL1,Accelerometer RH,2,0.06666666666666667
S4-ADL1,Accelerometer RH,103,3.433333333333333
S4-ADL1,Accelerometer RH,49,1.6333333333333333
S4-ADL1,Accelerometer RH,64,2.1333333333333333
S4-ADL1,Accelerometer RH,4,0.13333333333333333
S4-ADL1,Accelerometer RH,93,3.1
S4-ADL1,Accelerometer RH,2628,87.6
S4-ADL1,Accelerometer RH,36,1.2
S4-ADL1,Accelerometer RH,37,1.2333333333333334
S4-ADL1,Accelerometer RH,37,1.2333333333333334
S4-ADL1,Accelerometer RH,41,1.3666666666666667
S4-ADL1,Accelerometer RH,590,19.666666666666668
S4-ADL2,Accelerometer RKN^,72,2.4
S4-ADL2,Accelerometer RKN^,403,13.433333333333334
S4-ADL2,Accelerometer RKN^,11,0.36666666666666664
S4-ADL2,Accelerometer RKN^,82,2.7333333333333334
S4-ADL2,Accelerometer RKN^,11,0.36666666666666664
S4-ADL2,Accelerometer RKN^,32,1.0666666666666667
S4-ADL2,Accelerometer RKN^,31,1.0333333333333334
S4-ADL2,Accelerometer RKN^,31,1.0333333333333334
S4-ADL2,Accelerometer RKN^,32,1.0666666666666667
S4-ADL2,Accelerometer RKN^,11,0.36666666666666664
S4-ADL2,Accelerometer RKN^,7613,253.76666666666668
S4-ADL2,Accelerometer RKN^,112,3.7333333333333334
S4-ADL2,Accelerometer RKN^,11,0.36666666666666664
S4-ADL2,Accelerometer RKN^,82,2.7333333333333334
S4-ADL2,Accelerometer RKN^,172,5.733333333333333
S4-ADL2,Accelerometer RKN^,22,0.7333333333333333
S4-ADL2,Accelerometer RKN^,41,1.3666666666666667
S4-ADL2,Accelerometer RKN^,1,0.03333333333333333
S4-ADL2,Accelerometer RKN^,82,2.7333333333333334
S4-ADL2,Accelerometer RKN^,11,0.36666666666666664
S4-ADL2,Accelerometer RKN^,31,1.0333333333333334
S4-ADL2,Accelerometer RKN^,11,0.36666666666666664
S4-ADL2,Accelerometer RKN^,31,1.0333333333333334
S4-ADL2,Accelerometer RKN^,31,1.0333333333333334
S4-ADL2,Accelerometer RKN^,7843,261.43333333333334
S4-ADL2,Accelerometer RKN^,71,2.3666666666666667
S4-ADL2,Accelerometer RKN^,1,0.03333333333333333
S4-ADL2,Accelerometer RKN^,82,2.7333333333333334
S4-ADL2,Accelerometer RKN^,10,0.3333333333333333
S4-ADL2,Accelerometer RKN^,61,2.033333333333333
S4-ADL2,Accelerometer RKN^,81,2.7
S4-ADL2,Accelerometer RKN^,22,0.7333333333333333
S4-ADL2,Accelerometer RKN^,101,3.3666666666666667
S4-ADL2,Accelerometer RKN^,3878,129.26666666666668
S4-ADL2,Accelerometer HIP,82,2.7333333333333334
S4-ADL2,Accelerometer HIP,453,15.1
S4-ADL2,Accelerometer HIP,22,0.7333333333333333
S4-ADL2,Accelerometer HIP,22,0.7333333333333333
S4-ADL2,Accelerometer HIP,162,5.4
S4-ADL2,Accelerometer HIP,8372,279.06666666666666
S4-ADL2,Accelerometer HIP,8893,296.43333333333334
S4-ADL2,Accelerometer HIP,162,5.4
S4-ADL2,Accelerometer HIP,4335,144.5
S4-ADL2,Accelerometer LUA^,29,0.9666666666666667
S4-ADL2,Accelerometer LUA^,32,1.0666666666666667
S4-ADL2,Accelerometer LUA^,86,2.8666666666666667
S4-ADL2,Accelerometer LUA^,26552,885.0666666666667
S4-ADL2,Accelerometer LUA^,36,1.2
S4-ADL2,Accelerometer LUA^,31,1.0333333333333334
S4-ADL2,Accelerometer LUA^,35,1.1666666666666667
S4-ADL2,Accelerometer LUA^,34,1.1333333333333333
S4-ADL2,Accelerometer LUA^,418,13.933333333333334
S4-ADL2,Accelerometer RUA_,32,1.0666666666666667
S4-ADL2,Accelerometer RUA_,32,1.0666666666666667
S4-ADL2,Accelerometer RUA_,35,1.1666666666666667
S4-ADL2,Accelerometer RUA_,15760,525.3333333333334
S4-ADL2,Accelerometer RUA_,6873,229.1
S4-ADL2,Accelerometer RUA_,56,1.8666666666666667
S4-ADL2,Accelerometer RUA_,368,12.266666666666667
S4-ADL2,Accelerometer RUA_,3469,115.63333333333334
S4-ADL2,Accelerometer RUA_,32,1.0666666666666667
S4-ADL2,Accelerometer RUA_,35,1.1666666666666667
S4-ADL2,Accelerometer RUA_,474,15.8
S4-ADL2,Accelerometer LH,31,1.0333333333333334
S4-ADL2,Accelerometer LH,32,1.0666666666666667
S4-ADL2,Accelerometer LH,35,1.1666666666666667
S4-ADL2,Accelerometer LH,2104,70.13333333333334
S4-ADL2,Accelerometer LH,3,0.1
S4-ADL2,Accelerometer LH,453,15.1
S4-ADL2,Accelerometer LH,17,0.5666666666666667
S4-ADL2,Accelerometer LH,54,1.8
S4-ADL2,Accelerometer LH,248,8.266666666666667
S4-ADL2,Accelerometer LH,39,1.3
S4-ADL2,Accelerometer LH,7191,239.7
S4-ADL2,Accelerometer LH,820,27.333333333333332
S4-ADL2,Accelerometer LH,1926,64.2
S4-ADL2,Accelerometer LH,92,3.066666666666667
S4-ADL2,Accelerometer LH,71,2.3666666666666667
S4-ADL2,Accelerometer LH,62,2.066666666666667
S4-ADL2,Accelerometer LH,537,17.9
S4-ADL2,Accelerometer LH,591,19.7
S4-ADL2,Accelerometer LH,112,3.7333333333333334
S4-ADL2,Accelerometer LH,826,27.533333333333335
S4-ADL2,Accelerometer LH,344,11.466666666666667
S4-ADL2,Accelerometer LH,233,7.766666666666667
S4-ADL2,Accelerometer LH,2612,87.06666666666666
S4-ADL2,Accelerometer LH,110,3.6666666666666665
S4-ADL2,Accelerometer LH,678,22.6
S4-ADL2,Accelerometer LH,409,13.633333333333333
S4-ADL2,Accelerometer LH,1181,39.36666666666667
S4-ADL2,Accelerometer LH,233,7.766666666666667
S4-ADL2,Accelerometer LH,441,14.7
S4-ADL2,Accelerometer LH,516,17.2
S4-ADL2,Accelerometer LH,2,0.06666666666666667
S4-ADL2,Accelerometer LH,2,0.06666666666666667
S4-ADL2,Accelerometer LH,35,1.1666666666666667
S4-ADL2,Accelerometer LH,547,18.233333333333334
S4-ADL2,Accelerometer LH,123,4.1
S4-ADL2,Accelerometer LH,823,27.433333333333334
S4-ADL2,Accelerometer LH,213,7.1
S4-ADL2,Accelerometer LH,21,0.7
S4-ADL2,Accelerometer LH,280,9.333333333333334
S4-ADL2,Accelerometer LH,240,8.0
S4-ADL2,Accelerometer LH,492,16.4
S4-ADL2,Accelerometer LH,1031,34.36666666666667
S4-ADL2,Accelerometer LH,34,1.1333333333333333
S4-ADL2,Accelerometer LH,30,1.0
S4-ADL2,Accelerometer LH,34,1.1333333333333333
S4-ADL2,Accelerometer LH,34,1.1333333333333333
S4-ADL2,Accelerometer LH,419,13.966666666666667
S4-ADL2,Accelerometer RKN_,242,8.066666666666666
S4-ADL2,Accelerometer RKN_,181,6.033333333333333
S4-ADL2,Accelerometer RKN_,31,1.0333333333333334
S4-ADL2,Accelerometer RKN_,31,1.0333333333333334
S4-ADL2,Accelerometer RKN_,11,0.36666666666666664
S4-ADL2,Accelerometer RKN_,31,1.0333333333333334
S4-ADL2,Accelerometer RKN_,12,0.4
S4-ADL2,Accelerometer RKN_,31,1.0333333333333334
S4-ADL2,Accelerometer RKN_,31,1.0333333333333334
S4-ADL2,Accelerometer RKN_,31,1.0333333333333334
S4-ADL2,Accelerometer RKN_,11,0.36666666666666664
S4-ADL2,Accelerometer RKN_,6932,231.06666666666666
S4-ADL2,Accelerometer RKN_,91,3.033333333333333
S4-ADL2,Accelerometer RKN_,272,9.066666666666666
S4-ADL2,Accelerometer RKN_,22,0.7333333333333333
S4-ADL2,Accelerometer RKN_,62,2.066666666666667
S4-ADL2,Accelerometer RKN_,112,3.7333333333333334
S4-ADL2,Accelerometer RKN_,81,2.7
S4-ADL2,Accelerometer RKN_,12,0.4
S4-ADL2,Accelerometer RKN_,81,2.7
S4-ADL2,Accelerometer RKN_,82,2.7333333333333334
S4-ADL2,Accelerometer RKN_,41,1.3666666666666667
S4-ADL2,Accelerometer RKN_,22,0.7333333333333333
S4-ADL2,Accelerometer RKN_,11,0.36666666666666664
S4-ADL2,Accelerometer RKN_,31,1.0333333333333334
S4-ADL2,Accelerometer RKN_,11,0.36666666666666664
S4-ADL2,Accelerometer RKN_,7814,260.46666666666664
S4-ADL2,Accelerometer RKN_,31,1.0333333333333334
S4-ADL2,Accelerometer RKN_,11,0.36666666666666664
S4-ADL2,Accelerometer RKN_,31,1.0333333333333334
S4-ADL2,Accelerometer RKN_,31,1.0333333333333334
S4-ADL2,Accelerometer RKN_,31,1.0333333333333334
S4-ADL2,Accelerometer RKN_,11,0.36666666666666664
S4-ADL2,Accelerometer RKN_,61,2.033333333333333
S4-ADL2,Accelerometer RKN_,82,2.7333333333333334
S4-ADL2,Accelerometer RKN_,31,1.0333333333333334
S4-ADL2,Accelerometer RKN_,3854,128.46666666666667
S4-ADL2,Accelerometer RWR,16417,547.2333333333333
S4-ADL2,Accelerometer RUA^,29,0.9666666666666667
S4-ADL2,Accelerometer RUA^,32,1.0666666666666667
S4-ADL2,Accelerometer RUA^,32,1.0666666666666667
S4-ADL2,Accelerometer RUA^,34,1.1333333333333333
S4-ADL2,Accelerometer RUA^,22661,755.3666666666667
S4-ADL2,Accelerometer RUA^,3879,129.3
S4-ADL2,Accelerometer RUA^,35,1.1666666666666667
S4-ADL2,Accelerometer RUA^,32,1.0666666666666667
S4-ADL2,Accelerometer RUA^,35,1.1666666666666667
S4-ADL2,Accelerometer RUA^,35,1.1666666666666667
S4-ADL2,Accelerometer RUA^,421,14.033333333333333
S4-ADL2,Accelerometer LUA_,28,0.9333333333333333
S4-ADL2,Accelerometer LUA_,139,4.633333333333334
S4-ADL2,Accelerometer LUA_,23125,770.8333333333334
S4-ADL2,Accelerometer LUA_,3469,115.63333333333334
S4-ADL2,Accelerometer LUA_,31,1.0333333333333334
S4-ADL2,Accelerometer LUA_,35,1.1666666666666667
S4-ADL2,Accelerometer LUA_,34,1.1333333333333333
S4-ADL2,Accelerometer LUA_,421,14.033333333333333
S4-ADL2,Accelerometer LWR,3112,103.73333333333333
S4-ADL2,Accelerometer RH,29,0.9666666666666667
S4-ADL2,Accelerometer RH,31,1.0333333333333334
S4-ADL2,Accelerometer RH,32,1.0666666666666667
S4-ADL2,Accelerometer RH,35,1.1666666666666667
S4-ADL2,Accelerometer RH,2403,80.1
S4-ADL2,Accelerometer RH,154,5.133333333333334
S4-ADL2,Accelerometer RH,6393,213.1
S4-ADL2,Accelerometer RH,1626,54.2
S4-ADL2,Accelerometer RH,654,21.8
S4-ADL2,Accelerometer RH,2474,82.46666666666667
S4-ADL2,Accelerometer RH,844,28.133333333333333
S4-ADL2,Accelerometer RH,2462,82.06666666666666
S4-ADL2,Accelerometer RH,1421,47.36666666666667
S4-ADL2,Accelerometer RH,4205,140.16666666666666
S4-ADL2,Accelerometer RH,126,4.2
S4-ADL2,Accelerometer RH,48,1.6
S4-ADL2,Accelerometer RH,24,0.8
S4-ADL2,Accelerometer RH,76,2.533333333333333
S4-ADL2,Accelerometer RH,71,2.3666666666666667
S4-ADL2,Accelerometer RH,326,10.866666666666667
S4-ADL2,Accelerometer RH,122,4.066666666666666
S4-ADL2,Accelerometer RH,174,5.8
S4-ADL2,Accelerometer RH,66,2.2
S4-ADL2,Accelerometer RH,1210,40.333333333333336
S4-ADL2,Accelerometer RH,1413,47.1
S4-ADL2,Accelerometer RH,35,1.1666666666666667
S4-ADL2,Accelerometer RH,31,1.0333333333333334
S4-ADL2,Accelerometer RH,35,1.1666666666666667
S4-ADL2,Accelerometer RH,34,1.1333333333333333
S4-ADL2,Accelerometer RH,426,14.2
S4-ADL3,Accelerometer RKN^,22,0.7333333333333333
S4-ADL3,Accelerometer RKN^,31,1.0333333333333334
S4-ADL3,Accelerometer RKN^,31,1.0333333333333334
S4-ADL3,Accelerometer RKN^,12,0.4
S4-ADL3,Accelerometer RKN^,112,3.7333333333333334
S4-ADL3,Accelerometer RKN^,32,1.0666666666666667
S4-ADL3,Accelerometer RKN^,31,1.0333333333333334
S4-ADL3,Accelerometer RKN^,31,1.0333333333333334
S4-ADL3,Accelerometer RKN^,31,1.0333333333333334
S4-ADL3,Accelerometer RKN^,12,0.4
S4-ADL3,Accelerometer RKN^,494,16.466666666666665
S4-ADL3,Accelerometer RKN^,82,2.7333333333333334
S4-ADL3,Accelerometer RKN^,11,0.36666666666666664
S4-ADL3,Accelerometer RKN^,31,1.0333333333333334
S4-ADL3,Accelerometer RKN^,12,0.4
S4-ADL3,Accelerometer RKN^,31,1.0333333333333334
S4-ADL3,Accelerometer RKN^,31,1.0333333333333334
S4-ADL3,Accelerometer RKN^,10,0.3333333333333333
S4-ADL3,Accelerometer RKN^,31,1.0333333333333334
S4-ADL3,Accelerometer RKN^,12,0.4
S4-ADL3,Accelerometer RKN^,31,1.0333333333333334
S4-ADL3,Accelerometer RKN^,31,1.0333333333333334
S4-ADL3,Accelerometer RKN^,6285,209.5
S4-ADL3,Accelerometer RKN^,21,0.7
S4-ADL3,Accelerometer RKN^,112,3.7333333333333334
S4-ADL3,Accelerometer RKN^,1377,45.9
S4-ADL3,Accelerometer RKN^,21,0.7
S4-ADL3,Accelerometer RKN^,12,0.4
S4-ADL3,Accelerometer RKN^,41,1.3666666666666667
S4-ADL3,Accelerometer RKN^,1,0.03333333333333333
S4-ADL3,Accelerometer RKN^,31,1.0333333333333334
S4-ADL3,Accelerometer RKN^,31,1.0333333333333334
S4-ADL3,Accelerometer RKN^,11,0.36666666666666664
S4-ADL3,Accelerometer RKN^,61,2.033333333333333
S4-ADL3,Accelerometer RKN^,7770,259.0
S4-ADL3,Accelerometer RKN^,1,0.03333333333333333
S4-ADL3,Accelerometer RKN^,82,2.7333333333333334
S4-ADL3,Accelerometer RKN^,11,0.36666666666666664
S4-ADL3,Accelerometer RKN^,62,2.066666666666667
S4-ADL3,Accelerometer RKN^,82,2.7333333333333334
S4-ADL3,Accelerometer RKN^,82,2.7333333333333334
S4-ADL3,Accelerometer RKN^,1227,40.9
S4-ADL3,Accelerometer RKN^,192,6.4
S4-ADL3,Accelerometer RKN^,1080,36.0
S4-ADL3,Accelerometer HIP,31,1.0333333333333334
S4-ADL3,Accelerometer HIP,30,1.0
S4-ADL3,Accelerometer HIP,966,32.2
S4-ADL3,Accelerometer HIP,61,2.033333333333333
S4-ADL3,Accelerometer HIP,8482,282.73333333333335
S4-ADL3,Accelerometer HIP,10733,357.76666666666665
S4-ADL3,Accelerometer HIP,1071,35.7
S4-ADL3,Accelerometer LUA^,37,1.2333333333333334
S4-ADL3,Accelerometer LUA^,160,5.333333333333333
S4-ADL3,Accelerometer LUA^,27,0.9
S4-ADL3,Accelerometer LUA^,21125,704.1666666666666
S4-ADL3,Accelerometer LUA^,386,12.866666666666667
S4-ADL3,Accelerometer LUA^,76,2.533333333333333
S4-ADL3,Accelerometer LUA^,27,0.9
S4-ADL3,Accelerometer LUA^,28,0.9333333333333333
S4-ADL3,Accelerometer LUA^,322,10.733333333333333
S4-ADL3,Accelerometer RUA_,96,3.2
S4-ADL3,Accelerometer RUA_,148,4.933333333333334
S4-ADL3,Accelerometer RUA_,20260,675.3333333333334
S4-ADL3,Accelerometer RUA_,3304,110.13333333333334
S4-ADL3,Accelerometer RUA_,31,1.0333333333333334
S4-ADL3,Accelerometer RUA_,25,0.8333333333333334
S4-ADL3,Accelerometer RUA_,26,0.8666666666666667
S4-ADL3,Accelerometer RUA_,369,12.3
S4-ADL3,Accelerometer RKN_,12,0.4
S4-ADL3,Accelerometer RKN_,61,2.033333333333333
S4-ADL3,Accelerometer RKN_,61,2.033333333333333
S4-ADL3,Accelerometer RKN_,82,2.7333333333333334
S4-ADL3,Accelerometer RKN_,11,0.36666666666666664
S4-ADL3,Accelerometer RKN_,82,2.7333333333333334
S4-ADL3,Accelerometer RKN_,21,0.7
S4-ADL3,Accelerometer RKN_,21,0.7
S4-ADL3,Accelerometer RKN_,82,2.7333333333333334
S4-ADL3,Accelerometer RKN_,31,1.0333333333333334
S4-ADL3,Accelerometer RKN_,31,1.0333333333333334
S4-ADL3,Accelerometer RKN_,11,0.36666666666666664
S4-ADL3,Accelerometer RKN_,82,2.7333333333333334
S4-ADL3,Accelerometer RKN_,72,2.4
S4-ADL3,Accelerometer RKN_,72,2.4
S4-ADL3,Accelerometer RKN_,11,0.36666666666666664
S4-ADL3,Accelerometer RKN_,31,1.0333333333333334
S4-ADL3,Accelerometer RKN_,31,1.0333333333333334
S4-ADL3,Accelerometer RKN_,31,1.0333333333333334
S4-ADL3,Accelerometer RKN_,31,1.0333333333333334
S4-ADL3,Accelerometer RKN_,11,0.36666666666666664
S4-ADL3,Accelerometer RKN_,30,1.0
S4-ADL3,Accelerometer RKN_,31,1.0333333333333334
S4-ADL3,Accelerometer RKN_,11,0.36666666666666664
S4-ADL3,Accelerometer RKN_,31,1.0333333333333334
S4-ADL3,Accelerometer RKN_,31,1.0333333333333334
S4-ADL3,Accelerometer RKN_,7456,248.53333333333333
S4-ADL3,Accelerometer RKN_,61,2.033333333333333
S4-ADL3,Accelerometer RKN_,82,2.7333333333333334
S4-ADL3,Accelerometer RKN_,31,1.0333333333333334
S4-ADL3,Accelerometer RKN_,11,0.36666666666666664
S4-ADL3,Accelerometer RKN_,81,2.7
S4-ADL3,Accelerometer RKN_,11,0.36666666666666664
S4-ADL3,Accelerometer RKN_,82,2.7333333333333334
S4-ADL3,Accelerometer RKN_,22,0.7333333333333333
S4-ADL3,Accelerometer RKN_,7034,234.46666666666667
S4-ADL3,Accelerometer RKN_,52,1.7333333333333334
S4-ADL3,Accelerometer RKN_,61,2.033333333333333
S4-ADL3,Accelerometer RKN_,61,2.033333333333333
S4-ADL3,Accelerometer RKN_,1,0.03333333333333333
S4-ADL3,Accelerometer RKN_,82,2.7333333333333334
S4-ADL3,Accelerometer RKN_,12,0.4
S4-ADL3,Accelerometer RKN_,61,2.033333333333333
S4-ADL3,Accelerometer RKN_,82,2.7333333333333334
S4-ADL3,Accelerometer RKN_,11,0.36666666666666664
S4-ADL3,Accelerometer RKN_,31,1.0333333333333334
S4-ADL3,Accelerometer RKN_,31,1.0333333333333334
S4-ADL3,Accelerometer RKN_,11,0.36666666666666664
S4-ADL3,Accelerometer RKN_,31,1.0333333333333334
S4-ADL3,Accelerometer RKN_,31,1.0333333333333334
S4-ADL3,Accelerometer RKN_,31,1.0333333333333334
S4-ADL3,Accelerometer RKN_,31,1.0333333333333334
S4-ADL3,Accelerometer RKN_,11,0.36666666666666664
S4-ADL3,Accelerometer RKN_,202,6.733333333333333
S4-ADL3,Accelerometer RKN_,1005,33.5
S4-ADL3,Accelerometer RKN_,1,0.03333333333333333
S4-ADL3,Accelerometer RKN_,1081,36.03333333333333
S4-ADL3,Accelerometer RWR,39,1.3
S4-ADL3,Accelerometer RWR,40,1.3333333333333333
S4-ADL3,Accelerometer RWR,12234,407.8
S4-ADL3,Accelerometer RWR,6648,221.6
S4-ADL3,Accelerometer RWR,442,14.733333333333333
S4-ADL3,Accelerometer RWR,430,14.333333333333334
S4-ADL3,Accelerometer RWR,12,0.4
S4-ADL3,Accelerometer RWR,217,7.233333333333333
S4-ADL3,Accelerometer RWR,123,4.1
S4-ADL3,Accelerometer RWR,3220,107.33333333333333
S4-ADL3,Accelerometer RWR,33,1.1
S4-ADL3,Accelerometer RWR,26,0.8666666666666667
S4-ADL3,Accelerometer RWR,28,0.9333333333333333
S4-ADL3,Accelerometer RWR,28,0.9333333333333333
S4-ADL3,Accelerometer RWR,350,11.666666666666666
S4-ADL3,Accelerometer RUA^,39,1.3
S4-ADL3,Accelerometer RUA^,39,1.3
S4-ADL3,Accelerometer RUA^,101,3.3666666666666667
S4-ADL3,Accelerometer RUA^,28,0.9333333333333333
S4-ADL3,Accelerometer RUA^,23584,786.1333333333333
S4-ADL3,Accelerometer RUA^,32,1.0666666666666667
S4-ADL3,Accelerometer RUA^,25,0.8333333333333334
S4-ADL3,Accelerometer RUA^,26,0.8666666666666667
S4-ADL3,Accelerometer RUA^,26,0.8666666666666667
S4-ADL3,Accelerometer RUA^,329,10.966666666666667
S4-ADL3,Accelerometer LUA_,37,1.2333333333333334
S4-ADL3,Accelerometer LUA_,39,1.3
S4-ADL3,Accelerometer LUA_,100,3.3333333333333335
S4-ADL3,Accelerometer LUA_,27,0.9
S4-ADL3,Accelerometer LUA_,17560,585.3333333333334
S4-ADL3,Accelerometer LUA_,6007,200.23333333333332
S4-ADL3,Accelerometer LUA_,30,1.0
S4-ADL3,Accelerometer LUA_,24,0.8
S4-ADL3,Accelerometer LUA_,25,0.8333333333333334
S4-ADL3,Accelerometer LUA_,26,0.8666666666666667
S4-ADL3,Accelerometer LUA_,330,11.0
S4-ADL3,Accelerometer LWR,38,1.2666666666666666
S4-ADL3,Accelerometer LWR,39,1.3
S4-ADL3,Accelerometer LWR,100,3.3333333333333335
S4-ADL3,Accelerometer LWR,27,0.9
S4-ADL3,Accelerometer LWR,1898,63.266666666666666
S4-ADL3,Accelerometer LWR,1753,58.43333333333333
S4-ADL3,Accelerometer LWR,18729,624.3
S4-ADL3,Accelerometer LWR,1145,38.166666666666664
S4-ADL3,Accelerometer LWR,30,1.0
S4-ADL3,Accelerometer LWR,25,0.8333333333333334
S4-ADL3,Accelerometer LWR,26,0.8666666666666667
S4-ADL3,Accelerometer LWR,26,0.8666666666666667
S4-ADL3,Accelerometer LWR,330,11.0
S4-ADL3,Accelerometer RH,23092,769.7333333333333
S4-ADL4,Accelerometer RKN^,734,24.466666666666665
S4-ADL4,Accelerometer RKN^,1,0.03333333333333333
S4-ADL4,Accelerometer RKN^,82,2.7333333333333334
S4-ADL4,Accelerometer RKN^,71,2.3666666666666667
S4-ADL4,Accelerometer RKN^,1,0.03333333333333333
S4-ADL4,Accelerometer RKN^,61,2.033333333333333
S4-ADL4,Accelerometer RKN^,1,0.03333333333333333
S4-ADL4,Accelerometer RKN^,81,2.7
S4-ADL4,Accelerometer RKN^,10,0.3333333333333333
S4-ADL4,Accelerometer RKN^,31,1.0333333333333334
S4-ADL4,Accelerometer RKN^,11,0.36666666666666664
S4-ADL4,Accelerometer RKN^,81,2.7
S4-ADL4,Accelerometer RKN^,12,0.4
S4-ADL4,Accelerometer RKN^,111,3.7
S4-ADL4,Accelerometer RKN^,13493,449.76666666666665
S4-ADL4,Accelerometer LUA^,4375,145.83333333333334
S4-ADL4,Accelerometer RUA_,25,0.8333333333333334
S4-ADL4,Accelerometer RUA_,77,2.566666666666667
S4-ADL4,Accelerometer RUA_,2867,95.56666666666666
S4-ADL4,Accelerometer RUA_,6883,229.43333333333334
S4-ADL4,Accelerometer RUA_,10608,353.6
S4-ADL4,Accelerometer RUA_,25,0.8333333333333334
S4-ADL4,Accelerometer RUA_,25,0.8333333333333334
S4-ADL4,Accelerometer RUA_,25,0.8333333333333334
S4-ADL4,Accelerometer RUA_,27,0.9
S4-ADL4,Accelerometer RUA_,366,12.2
S4-ADL4,Accelerometer LH,1,0.03333333333333333
S4-ADL4,Accelerometer BACK,19691,656.3666666666667
S4-ADL4,Accelerometer RKN_,633,21.1
S4-ADL4,Accelerometer RKN_,82,2.7333333333333334
S4-ADL4,Accelerometer RKN_,11,0.36666666666666664
S4-ADL4,Accelerometer RKN_,82,2.7333333333333334
S4-ADL4,Accelerometer RKN_,82,2.7333333333333334
S4-ADL4,Accelerometer RKN_,81,2.7
S4-ADL4,Accelerometer RKN_,11,0.36666666666666664
S4-ADL4,Accelerometer RKN_,102,3.4
S4-ADL4,Accelerometer RKN_,22,0.7333333333333333
S4-ADL4,Accelerometer RKN_,31,1.0333333333333334
S4-ADL4,Accelerometer RKN_,31,1.0333333333333334
S4-ADL4,Accelerometer RKN_,31,1.0333333333333334
S4-ADL4,Accelerometer RKN_,11,0.36666666666666664
S4-ADL4,Accelerometer RKN_,81,2.7
S4-ADL4,Accelerometer RKN_,22,0.7333333333333333
S4-ADL4,Accelerometer RKN_,21,0.7
S4-ADL4,Accelerometer RKN_,31,1.0333333333333334
S4-ADL4,Accelerometer RKN_,31,1.0333333333333334
S4-ADL4,Accelerometer RKN_,6088,202.93333333333334
S4-ADL4,Accelerometer RKN_,82,2.7333333333333334
S4-ADL4,Accelerometer RKN_,82,2.7333333333333334
S4-ADL4,Accelerometer RKN_,12,0.4
S4-ADL4,Accelerometer RKN_,1816,60.53333333333333
S4-ADL4,Accelerometer RKN_,91,3.033333333333333
S4-ADL4,Accelerometer RKN_,82,2.7333333333333334
S4-ADL4,Accelerometer RKN_,82,2.7333333333333334
S4-ADL4,Accelerometer RKN_,31,1.0333333333333334
S4-ADL4,Accelerometer RKN_,11,0.36666666666666664
S4-ADL4,Accelerometer RKN_,4677,155.9
S4-ADL4,Accelerometer RWR,121,4.033333333333333
S4-ADL4,Accelerometer RWR,14675,489.1666666666667
S4-ADL4,Accelerometer RWR,6154,205.13333333333333
S4-ADL4,Accelerometer RUA^,24,0.8
S4-ADL4,Accelerometer RUA^,29,0.9666666666666667
S4-ADL4,Accelerometer RUA^,29,0.9666666666666667
S4-ADL4,Accelerometer RUA^,28,0.9333333333333333
S4-ADL4,Accelerometer RUA^,20365,678.8333333333334
S4-ADL4,Accelerometer RUA^,25,0.8333333333333334
S4-ADL4,Accelerometer RUA^,24,0.8
S4-ADL4,Accelerometer RUA^,27,0.9
S4-ADL4,Accelerometer RUA^,28,0.9333333333333333
S4-ADL4,Accelerometer RUA^,368,12.266666666666667
S4-ADL4,Accelerometer LWR,24,0.8
S4-ADL4,Accelerometer LWR,29,0.9666666666666667
S4-ADL4,Accelerometer LWR,28,0.9333333333333333
S4-ADL4,Accelerometer LWR,28,0.9333333333333333
S4-ADL4,Accelerometer LWR,1489,49.63333333333333
S4-ADL4,Accelerometer LWR,16750,558.3333333333334
S4-ADL4,Accelerometer LWR,2084,69.46666666666667
S4-ADL4,Accelerometer LWR,24,0.8
S4-ADL4,Accelerometer LWR,23,0.7666666666666667
S4-ADL4,Accelerometer LWR,25,0.8333333333333334
S4-ADL4,Accelerometer LWR,27,0.9
S4-ADL4,Accelerometer LWR,369,12.3
S4-ADL4,Accelerometer RH,30,1.0
S4-ADL4,Accelerometer RH,341,11.366666666666667
S4-ADL4,Accelerometer RH,92,3.066666666666667
S4-ADL4,Accelerometer RH,1,0.03333333333333333
S4-ADL4,Accelerometer RH,31,1.0333333333333334
S4-ADL4,Accelerometer RH,31,1.0333333333333334
S4-ADL4,Accelerometer RH,11,0.36666666666666664
S4-ADL4,Accelerometer RH,101,3.3666666666666667
S4-ADL4,Accelerometer RH,11,0.36666666666666664
S4-ADL4,Accelerometer RH,7770,259.0
S4-ADL4,Accelerometer RH,11418,380.6
S4-ADL5,Accelerometer RKN^,31,1.0333333333333334
S4-ADL5,Accelerometer RKN^,31,1.0333333333333334
S4-ADL5,Accelerometer RKN^,31,1.0333333333333334
S4-ADL5,Accelerometer RKN^,31,1.0333333333333334
S4-ADL5,Accelerometer RKN^,11,0.36666666666666664
S4-ADL5,Accelerometer RKN^,81,2.7
S4-ADL5,Accelerometer RKN^,12,0.4
S4-ADL5,Accelerometer RKN^,8111,270.3666666666667
S4-ADL5,Accelerometer RKN^,92,3.066666666666667
S4-ADL5,Accelerometer RKN^,82,2.7333333333333334
S4-ADL5,Accelerometer RKN^,162,5.4
S4-ADL5,Accelerometer RKN^,112,3.7333333333333334
S4-ADL5,Accelerometer RKN^,232,7.733333333333333
S4-ADL5,Accelerometer RKN^,61,2.033333333333333
S4-ADL5,Accelerometer RKN^,113,3.7666666666666666
S4-ADL5,Accelerometer RKN^,8262,275.4
S4-ADL5,Accelerometer RKN^,21,0.7
S4-ADL5,Accelerometer RKN^,31,1.0333333333333334
S4-ADL5,Accelerometer RKN^,82,2.7333333333333334
S4-ADL5,Accelerometer RKN^,31,1.0333333333333334
S4-ADL5,Accelerometer RKN^,42,1.4
S4-ADL5,Accelerometer RKN^,1,0.03333333333333333
S4-ADL5,Accelerometer RKN^,31,1.0333333333333334
S4-ADL5,Accelerometer RKN^,31,1.0333333333333334
S4-ADL5,Accelerometer RKN^,3201,106.7
S4-ADL5,Accelerometer HIP,12,0.4
S4-ADL5,Accelerometer HIP,3464,115.46666666666667
S4-ADL5,Accelerometer LUA^,20754,691.8
S4-ADL5,Accelerometer LUA^,2372,79.06666666666666
S4-ADL5,Accelerometer RUA_,14348,478.26666666666665
S4-ADL5,Accelerometer RUA_,3378,112.6
S4-ADL5,Accelerometer RUA_,7179,239.3
S4-ADL5,Accelerometer LH,9,0.3
S4-ADL5,Accelerometer LH,34,1.1333333333333333
S4-ADL5,Accelerometer LH,32,1.0666666666666667
S4-ADL5,Accelerometer LH,1599,53.3
S4-ADL5,Accelerometer LH,397,13.233333333333333
S4-ADL5,Accelerometer LH,461,15.366666666666667
S4-ADL5,Accelerometer LH,1564,52.13333333333333
S4-ADL5,Accelerometer LH,568,18.933333333333334
S4-ADL5,Accelerometer LH,5659,188.63333333333333
S4-ADL5,Accelerometer LH,10221,340.7
S4-ADL5,Accelerometer LH,2202,73.4
S4-ADL5,Accelerometer LH,38,1.2666666666666666
S4-ADL5,Accelerometer LH,928,30.933333333333334
S4-ADL5,Accelerometer LH,3875,129.16666666666666
S4-ADL5,Accelerometer LH,1573,52.43333333333333
S4-ADL5,Accelerometer LH,26,0.8666666666666667
S4-ADL5,Accelerometer LH,32,1.0666666666666667
S4-ADL5,Accelerometer LH,27,0.9
S4-ADL5,Accelerometer LH,30,1.0
S4-ADL5,Accelerometer LH,373,12.433333333333334
S4-ADL5,Accelerometer RKN_,82,2.7333333333333334
S4-ADL5,Accelerometer RKN_,12,0.4
S4-ADL5,Accelerometer RKN_,212,7.066666666666666
S4-ADL5,Accelerometer RKN_,82,2.7333333333333334
S4-ADL5,Accelerometer RKN_,12,0.4
S4-ADL5,Accelerometer RKN_,61,2.033333333333333
S4-ADL5,Accelerometer RKN_,82,2.7333333333333334
S4-ADL5,Accelerometer RKN_,91,3.033333333333333
S4-ADL5,Accelerometer RKN_,81,2.7
S4-ADL5,Accelerometer RKN_,81,2.7
S4-ADL5,Accelerometer RKN_,82,2.7333333333333334
S4-ADL5,Accelerometer RKN_,142,4.733333333333333
S4-ADL5,Accelerometer RKN_,433,14.433333333333334
S4-ADL5,Accelerometer RKN_,21,0.7
S4-ADL5,Accelerometer RKN_,62,2.066666666666667
S4-ADL5,Accelerometer RKN_,31,1.0333333333333334
S4-ADL5,Accelerometer RKN_,31,1.0333333333333334
S4-ADL5,Accelerometer RKN_,31,1.0333333333333334
S4-ADL5,Accelerometer RKN_,11,0.36666666666666664
S4-ADL5,Accelerometer RKN_,82,2.7333333333333334
S4-ADL5,Accelerometer RKN_,12,0.4
S4-ADL5,Accelerometer RKN_,82,2.7333333333333334
S4-ADL5,Accelerometer RKN_,82,2.7333333333333334
S4-ADL5,Accelerometer RKN_,7396,246.53333333333333
S4-ADL5,Accelerometer RKN_,82,2.7333333333333334
S4-ADL5,Accelerometer RKN_,11,0.36666666666666664
S4-ADL5,Accelerometer RKN_,82,2.7333333333333334
S4-ADL5,Accelerometer RKN_,1,0.03333333333333333
S4-ADL5,Accelerometer RKN_,112,3.7333333333333334
S4-ADL5,Accelerometer RKN_,61,2.033333333333333
S4-ADL5,Accelerometer RKN_,81,2.7
S4-ADL5,Accelerometer RKN_,162,5.4
S4-ADL5,Accelerometer RKN_,11,0.36666666666666664
S4-ADL5,Accelerometer RKN_,473,15.766666666666667
S4-ADL5,Accelerometer RKN_,11,0.36666666666666664
S4-ADL5,Accelerometer RKN_,82,2.7333333333333334
S4-ADL5,Accelerometer RKN_,12,0.4
S4-ADL5,Accelerometer RKN_,102,3.4
S4-ADL5,Accelerometer RKN_,7707,256.9
S4-ADL5,Accelerometer RKN_,82,2.7333333333333334
S4-ADL5,Accelerometer RKN_,61,2.033333333333333
S4-ADL5,Accelerometer RKN_,82,2.7333333333333334
S4-ADL5,Accelerometer RKN_,12,0.4
S4-ADL5,Accelerometer RKN_,32,1.0666666666666667
S4-ADL5,Accelerometer RKN_,81,2.7
S4-ADL5,Accelerometer RKN_,61,2.033333333333333
S4-ADL5,Accelerometer RKN_,1,0.03333333333333333
S4-ADL5,Accelerometer RKN_,91,3.033333333333333
S4-ADL5,Accelerometer RKN_,51,1.7
S4-ADL5,Accelerometer RKN_,3010,100.33333333333333
S4-ADL5,Accelerometer RWR,31,1.0333333333333334
S4-ADL5,Accelerometer RWR,32,1.0666666666666667
S4-ADL5,Accelerometer RWR,89,2.966666666666667
S4-ADL5,Accelerometer RWR,11248,374.93333333333334
S4-ADL5,Accelerometer RWR,7891,263.03333333333336
S4-ADL5,Accelerometer RWR,10123,337.43333333333334
S4-ADL5,Accelerometer RWR,29,0.9666666666666667
S4-ADL5,Accelerometer RWR,81,2.7
S4-ADL5,Accelerometer RWR,28,0.9333333333333333
S4-ADL5,Accelerometer RWR,378,12.6
S4-ADL5,Accelerometer RUA^,32,1.0666666666666667
S4-ADL5,Accelerometer RUA^,32,1.0666666666666667
S4-ADL5,Accelerometer RUA^,35,1.1666666666666667
S4-ADL5,Accelerometer RUA^,33,1.1
S4-ADL5,Accelerometer RUA^,8969,298.96666666666664
S4-ADL5,Accelerometer RUA^,20314,677.1333333333333
S4-ADL5,Accelerometer RUA^,29,0.9666666666666667
S4-ADL5,Accelerometer RUA^,33,1.1
S4-ADL5,Accelerometer RUA^,29,0.9666666666666667
S4-ADL5,Accelerometer RUA^,28,0.9333333333333333
S4-ADL5,Accelerometer RUA^,378,12.6
S4-ADL5,Accelerometer LUA_,14260,475.3333333333333
S4-ADL5,Accelerometer LUA_,9910,330.3333333333333
S4-ADL5,Accelerometer LUA_,82,2.7333333333333334
S4-ADL5,Accelerometer LUA_,2346,78.2
S4-ADL5,Accelerometer LWR,2188,72.93333333333334
S4-ADL5,Accelerometer RH,8327,277.56666666666666
S4-ADL5,Accelerometer RH,12232,407.73333333333335
S4-Drill,Accelerometer RKN^,599,19.966666666666665
S4-Drill,Accelerometer RKN^,1406,46.86666666666667
S4-Drill,Accelerometer RKN^,81,2.7
S4-Drill,Accelerometer RKN^,61,2.033333333333333
S4-Drill,Accelerometer RKN^,11,0.36666666666666664
S4-Drill,Accelerometer RKN^,11,0.36666666666666664
S4-Drill,Accelerometer RKN^,31,1.0333333333333334
S4-Drill,Accelerometer RKN^,81,2.7
S4-Drill,Accelerometer RKN^,162,5.4
S4-Drill,Accelerometer RKN^,108,3.6
S4-Drill,Accelerometer RKN^,111,3.7
S4-Drill,Accelerometer RKN^,11,0.36666666666666664
S4-Drill,Accelerometer RKN^,31,1.0333333333333334
S4-Drill,Accelerometer RKN^,31,1.0333333333333334
S4-Drill,Accelerometer RKN^,12,0.4
S4-Drill,Accelerometer RKN^,111,3.7
S4-Drill,Accelerometer RKN^,598,19.933333333333334
S4-Drill,Accelerometer RKN^,2706,90.2
S4-Drill,Accelerometer RKN^,777,25.9
S4-Drill,Accelerometer RKN^,1981,66.03333333333333
S4-Drill,Accelerometer RKN^,141,4.7
S4-Drill,Accelerometer RKN^,1699,56.63333333333333
S4-Drill,Accelerometer RKN^,16,0.5333333333333333
S4-Drill,Accelerometer RKN^,220,7.333333333333333
S4-Drill,Accelerometer RKN^,9,0.3
S4-Drill,Accelerometer RKN^,808,26.933333333333334
S4-Drill,Accelerometer RKN^,91,3.033333333333333
S4-Drill,Accelerometer RKN^,81,2.7
S4-Drill,Accelerometer RKN^,32,1.0666666666666667
S4-Drill,Accelerometer RKN^,12,0.4
S4-Drill,Accelerometer RKN^,162,5.4
S4-Drill,Accelerometer RKN^,31,1.0333333333333334
S4-Drill,Accelerometer RKN^,162,5.4
S4-Drill,Accelerometer RKN^,27,0.9
S4-Drill,Accelerometer RKN^,224,7.466666666666667
S4-Drill,Accelerometer RKN^,237,7.9
S4-Drill,Accelerometer RKN^,1400,46.666666666666664
S4-Drill,Accelerometer RKN^,289,9.633333333333333
S4-Drill,Accelerometer RKN^,17,0.5666666666666667
S4-Drill,Accelerometer RKN^,262,8.733333333333333
S4-Drill,Accelerometer RKN^,200,6.666666666666667
S4-Drill,Accelerometer RKN^,1391,46.36666666666667
S4-Drill,Accelerometer RKN^,613,20.433333333333334
S4-Drill,Accelerometer RKN^,1390,46.333333333333336
S4-Drill,Accelerometer RKN^,15,0.5
S4-Drill,Accelerometer RKN^,223,7.433333333333334
S4-Drill,Accelerometer RKN^,284,9.466666666666667
S4-Drill,Accelerometer RKN^,1882,62.733333333333334
S4-Drill,Accelerometer RKN^,27,0.9
S4-Drill,Accelerometer RKN^,162,5.4
S4-Drill,Accelerometer RKN^,404,13.466666666666667
S4-Drill,Accelerometer RKN^,11,0.36666666666666664
S4-Drill,Accelerometer RKN^,81,2.7
S4-Drill,Accelerometer RKN^,829,27.633333333333333
S4-Drill,Accelerometer RKN^,239,7.966666666666667
S4-Drill,Accelerometer RKN^,160,5.333333333333333
S4-Drill,Accelerometer RKN^,449,14.966666666666667
S4-Drill,Accelerometer RKN^,1112,37.06666666666667
S4-Drill,Accelerometer RKN^,223,7.433333333333334
S4-Drill,Accelerometer RKN^,1049,34.96666666666667
S4-Drill,Accelerometer RKN^,10,0.3333333333333333
S4-Drill,Accelerometer RKN^,384,12.8
S4-Drill,Accelerometer RKN^,9,0.3
S4-Drill,Accelerometer RKN^,131,4.366666666666666
S4-Drill,Accelerometer RKN^,11,0.36666666666666664
S4-Drill,Accelerometer RKN^,1195,39.833333333333336
S4-Drill,Accelerometer RKN^,902,30.066666666666666
S4-Drill,Accelerometer RKN^,957,31.9
S4-Drill,Accelerometer RKN^,146,4.866666666666666
S4-Drill,Accelerometer RKN^,996,33.2
S4-Drill,Accelerometer RKN^,173,5.766666666666667
S4-Drill,Accelerometer RKN^,1418,47.266666666666666
S4-Drill,Accelerometer RKN^,196,6.533333333333333
S4-Drill,Accelerometer RKN^,194,6.466666666666667
S4-Drill,Accelerometer RKN^,46,1.5333333333333334
S4-Drill,Accelerometer RKN^,108,3.6
S4-Drill,Accelerometer RKN^,10,0.3333333333333333
S4-Drill,Accelerometer RKN^,448,14.933333333333334
S4-Drill,Accelerometer RKN^,587,19.566666666666666
S4-Drill,Accelerometer RKN^,15,0.5
S4-Drill,Accelerometer RKN^,141,4.7
S4-Drill,Accelerometer RKN^,168,5.6
S4-Drill,Accelerometer RKN^,215,7.166666666666667
S4-Drill,Accelerometer RKN^,943,31.433333333333334
S4-Drill,Accelerometer RKN^,160,5.333333333333333
S4-Drill,Accelerometer RKN^,175,5.833333333333333
S4-Drill,Accelerometer RKN^,164,5.466666666666667
S4-Drill,Accelerometer RKN^,591,19.7
S4-Drill,Accelerometer RKN^,353,11.766666666666667
S4-Drill,Accelerometer RKN^,390,13.0
S4-Drill,Accelerometer RKN^,12,0.4
S4-Drill,Accelerometer RKN^,977,32.56666666666667
S4-Drill,Accelerometer RKN^,81,2.7
S4-Drill,Accelerometer RKN^,12,0.4
S4-Drill,Accelerometer RKN^,30,1.0
S4-Drill,Accelerometer RKN^,12,0.4
S4-Drill,Accelerometer RKN^,31,1.0333333333333334
S4-Drill,Accelerometer RKN^,31,1.0333333333333334
S4-Drill,Accelerometer RKN^,31,1.0333333333333334
S4-Drill,Accelerometer RKN^,61,2.033333333333333
S4-Drill,Accelerometer RKN^,61,2.033333333333333
S4-Drill,Accelerometer RKN^,49,1.6333333333333333
S4-Drill,Accelerometer HIP,10240,341.3333333333333
S4-Drill,Accelerometer HIP,20,0.6666666666666666
S4-Drill,Accelerometer HIP,21,0.7
S4-Drill,Accelerometer HIP,31,1.0333333333333334
S4-Drill,Accelerometer HIP,11,0.36666666666666664
S4-Drill,Accelerometer HIP,9179,305.96666666666664
S4-Drill,Accelerometer HIP,19167,638.9
S4-Drill,Accelerometer LUA^,32,1.0666666666666667
S4-Drill,Accelerometer LUA^,36,1.2
S4-Drill,Accelerometer LUA^,36,1.2
S4-Drill,Accelerometer LUA^,34,1.1333333333333333
S4-Drill,Accelerometer LUA^,44375,1479.1666666666667
S4-Drill,Accelerometer LUA^,27,0.9
S4-Drill,Accelerometer LUA^,27,0.9
S4-Drill,Accelerometer LUA^,29,0.9666666666666667
S4-Drill,Accelerometer LUA^,32,1.0666666666666667
S4-Drill,Accelerometer LUA^,298,9.933333333333334
S4-Drill,Accelerometer RUA_,144,4.8
S4-Drill,Accelerometer RUA_,35,1.1666666666666667
S4-Drill,Accelerometer RUA_,2784,92.8
S4-Drill,Accelerometer RUA_,14954,498.46666666666664
S4-Drill,Accelerometer RUA_,8802,293.4
S4-Drill,Accelerometer RUA_,3710,123.66666666666667
S4-Drill,Accelerometer RUA_,825,27.5
S4-Drill,Accelerometer RUA_,336,11.2
S4-Drill,Accelerometer RUA_,9,0.3
S4-Drill,Accelerometer RUA_,3245,108.16666666666667
S4-Drill,Accelerometer RUA_,353,11.766666666666667
S4-Drill,Accelerometer RUA_,1787,59.56666666666667
S4-Drill,Accelerometer RUA_,1658,55.266666666666666
S4-Drill,Accelerometer RUA_,1996,66.53333333333333
S4-Drill,Accelerometer RUA_,308,10.266666666666667
S4-Drill,Accelerometer RUA_,20,0.6666666666666666
S4-Drill,Accelerometer RUA_,491,16.366666666666667
S4-Drill,Accelerometer RUA_,513,17.1
S4-Drill,Accelerometer RUA_,2312,77.06666666666666
S4-Drill,Accelerometer RUA_,445,14.833333333333334
S4-Drill,Accelerometer LH,31,1.0333333333333334
S4-Drill,Accelerometer LH,34,1.1333333333333333
S4-Drill,Accelerometer LH,34,1.1333333333333333
S4-Drill,Accelerometer LH,35,1.1666666666666667
S4-Drill,Accelerometer LH,12252,408.4
S4-Drill,Accelerometer LH,7221,240.7
S4-Drill,Accelerometer LH,1011,33.7
S4-Drill,Accelerometer LH,1900,63.333333333333336
S4-Drill,Accelerometer LH,307,10.233333333333333
S4-Drill,Accelerometer LH,1839,61.3
S4-Drill,Accelerometer LH,7308,243.6
S4-Drill,Accelerometer LH,1553,51.766666666666666
S4-Drill,Accelerometer LH,1767,58.9
S4-Drill,Accelerometer LH,3828,127.6
S4-Drill,Accelerometer LH,1012,33.733333333333334
S4-Drill,Accelerometer LH,208,6.933333333333334
S4-Drill,Accelerometer LH,1340,44.666666666666664
S4-Drill,Accelerometer LH,82,2.7333333333333334
S4-Drill,Accelerometer LH,1806,60.2
S4-Drill,Accelerometer LH,599,19.966666666666665
S4-Drill,Accelerometer LH,27,0.9
S4-Drill,Accelerometer LH,27,0.9
S4-Drill,Accelerometer LH,28,0.9333333333333333
S4-Drill,Accelerometer LH,31,1.0333333333333334
S4-Drill,Accelerometer LH,281,9.366666666666667
S4-Drill,Accelerometer RKN_,1964,65.46666666666667
S4-Drill,Accelerometer RKN_,2083,69.43333333333334
S4-Drill,Accelerometer RKN_,10,0.3333333333333333
S4-Drill,Accelerometer RKN_,62,2.066666666666667
S4-Drill,Accelerometer RKN_,61,2.033333333333333
S4-Drill,Accelerometer RKN_,101,3.3666666666666667
S4-Drill,Accelerometer RKN_,111,3.7
S4-Drill,Accelerometer RKN_,31,1.0333333333333334
S4-Drill,Accelerometer RKN_,11,0.36666666666666664
S4-Drill,Accelerometer RKN_,31,1.0333333333333334
S4-Drill,Accelerometer RKN_,31,1.0333333333333334
S4-Drill,Accelerometer RKN_,11,0.36666666666666664
S4-Drill,Accelerometer RKN_,31,1.0333333333333334
S4-Drill,Accelerometer RKN_,10,0.3333333333333333
S4-Drill,Accelerometer RKN_,31,1.0333333333333334
S4-Drill,Accelerometer RKN_,31,1.0333333333333334
S4-Drill,Accelerometer RKN_,31,1.0333333333333334
S4-Drill,Accelerometer RKN_,31,1.0333333333333334
S4-Drill,Accelerometer RKN_,11,0.36666666666666664
S4-Drill,Accelerometer RKN_,111,3.7
S4-Drill,Accelerometer RKN_,31,1.0333333333333334
S4-Drill,Accelerometer RKN_,25,0.8333333333333334
S4-Drill,Accelerometer RKN_,31,1.0333333333333334
S4-Drill,Accelerometer RKN_,11,0.36666666666666664
S4-Drill,Accelerometer RKN_,81,2.7
S4-Drill,Accelerometer RKN_,31,1.0333333333333334
S4-Drill,Accelerometer RKN_,11,0.36666666666666664
S4-Drill,Accelerometer RKN_,81,2.7
S4-Drill,Accelerometer RKN_,1493,49.766666666666666
S4-Drill,Accelerometer RKN_,1533,51.1
S4-Drill,Accelerometer RKN_,1118,37.266666666666666
S4-Drill,Accelerometer RKN_,1306,43.53333333333333
S4-Drill,Accelerometer RKN_,1971,65.7
S4-Drill,Accelerometer RKN_,494,16.466666666666665
S4-Drill,Accelerometer RKN_,151,5.033333333333333
S4-Drill,Accelerometer RKN_,82,2.7333333333333334
S4-Drill,Accelerometer RKN_,31,1.0333333333333334
S4-Drill,Accelerometer RKN_,31,1.0333333333333334
S4-Drill,Accelerometer RKN_,31,1.0333333333333334
S4-Drill,Accelerometer RKN_,12,0.4
S4-Drill,Accelerometer RKN_,30,1.0
S4-Drill,Accelerometer RKN_,31,1.0333333333333334
S4-Drill,Accelerometer RKN_,31,1.0333333333333334
S4-Drill,Accelerometer RKN_,31,1.0333333333333334
S4-Drill,Accelerometer RKN_,11,0.36666666666666664
S4-Drill,Accelerometer RKN_,31,1.0333333333333334
S4-Drill,Accelerometer RKN_,31,1.0333333333333334
S4-Drill,Accelerometer RKN_,11,0.36666666666666664
S4-Drill,Accelerometer RKN_,31,1.0333333333333334
S4-Drill,Accelerometer RKN_,31,1.0333333333333334
S4-Drill,Accelerometer RKN_,31,1.0333333333333334
S4-Drill,Accelerometer RKN_,11,0.36666666666666664
S4-Drill,Accelerometer RKN_,31,1.0333333333333334
S4-Drill,Accelerometer RKN_,1825,60.833333333333336
S4-Drill,Accelerometer RKN_,650,21.666666666666668
S4-Drill,Accelerometer RKN_,2328,77.6
S4-Drill,Accelerometer RKN_,226,7.533333333333333
S4-Drill,Accelerometer RKN_,1497,49.9
S4-Drill,Accelerometer RKN_,1472,49.06666666666667
S4-Drill,Accelerometer RKN_,872,29.066666666666666
S4-Drill,Accelerometer RKN_,111,3.7
S4-Drill,Accelerometer RKN_,81,2.7
S4-Drill,Accelerometer RKN_,11,0.36666666666666664
S4-Drill,Accelerometer RKN_,121,4.033333333333333
S4-Drill,Accelerometer RKN_,22,0.7333333333333333
S4-Drill,Accelerometer RKN_,585,19.5
S4-Drill,Accelerometer RKN_,174,5.8
S4-Drill,Accelerometer RKN_,1867,62.233333333333334
S4-Drill,Accelerometer RKN_,405,13.5
S4-Drill,Accelerometer RKN_,1094,36.46666666666667
S4-Drill,Accelerometer RKN_,826,27.533333333333335
S4-Drill,Accelerometer RKN_,491,16.366666666666667
S4-Drill,Accelerometer RKN_,14,0.4666666666666667
S4-Drill,Accelerometer RKN_,212,7.066666666666666
S4-Drill,Accelerometer RKN_,140,4.666666666666667
S4-Drill,Accelerometer RKN_,1238,41.266666666666666
S4-Drill,Accelerometer RKN_,121,4.033333333333333
S4-Drill,Accelerometer RKN_,47,1.5666666666666667
S4-Drill,Accelerometer RKN_,184,6.133333333333334
S4-Drill,Accelerometer RKN_,178,5.933333333333334
S4-Drill,Accelerometer RKN_,513,17.1
S4-Drill,Accelerometer RKN_,11,0.36666666666666664
S4-Drill,Accelerometer RKN_,72,2.4
S4-Drill,Accelerometer RKN_,10,0.3333333333333333
S4-Drill,Accelerometer RKN_,81,2.7
S4-Drill,Accelerometer RKN_,10,0.3333333333333333
S4-Drill,Accelerometer RKN_,387,12.9
S4-Drill,Accelerometer RKN_,213,7.1
S4-Drill,Accelerometer RKN_,942,31.4
S4-Drill,Accelerometer RKN_,14,0.4666666666666667
S4-Drill,Accelerometer RKN_,473,15.766666666666667
S4-Drill,Accelerometer RKN_,1457,48.56666666666667
S4-Drill,Accelerometer RKN_,135,4.5
S4-Drill,Accelerometer RKN_,13,0.43333333333333335
S4-Drill,Accelerometer RKN_,1110,37.0
S4-Drill,Accelerometer RKN_,433,14.433333333333334
S4-Drill,Accelerometer RKN_,191,6.366666666666666
S4-Drill,Accelerometer RKN_,917,30.566666666666666
S4-Drill,Accelerometer RKN_,669,22.3
S4-Drill,Accelerometer RKN_,733,24.433333333333334
S4-Drill,Accelerometer RKN_,31,1.0333333333333334
S4-Drill,Accelerometer RKN_,11,0.36666666666666664
S4-Drill,Accelerometer RKN_,31,1.0333333333333334
S4-Drill,Accelerometer RKN_,31,1.0333333333333334
S4-Drill,Accelerometer RKN_,31,1.0333333333333334
S4-Drill,Accelerometer RKN_,32,1.0666666666666667
S4-Drill,Accelerometer RKN_,12,0.4
S4-Drill,Accelerometer RKN_,17,0.5666666666666667
S4-Drill,Accelerometer RWR,32,1.0666666666666667
S4-Drill,Accelerometer RWR,36,1.2
S4-Drill,Accelerometer RWR,36,1.2
S4-Drill,Accelerometer RWR,35,1.1666666666666667
S4-Drill,Accelerometer RWR,2526,84.2
S4-Drill,Accelerometer RWR,2137,71.23333333333333
S4-Drill,Accelerometer RWR,19313,643.7666666666667
S4-Drill,Accelerometer RWR,1503,50.1
S4-Drill,Accelerometer RWR,2953,98.43333333333334
S4-Drill,Accelerometer RWR,1241,41.36666666666667
S4-Drill,Accelerometer RWR,931,31.033333333333335
S4-Drill,Accelerometer RWR,415,13.833333333333334
S4-Drill,Accelerometer RWR,85,2.8333333333333335
S4-Drill,Accelerometer RWR,258,8.6
S4-Drill,Accelerometer RWR,1566,52.2
S4-Drill,Accelerometer RWR,2157,71.9
S4-Drill,Accelerometer RWR,2007,66.9
S4-Drill,Accelerometer RWR,1302,43.4
S4-Drill,Accelerometer RWR,293,9.766666666666667
S4-Drill,Accelerometer RWR,801,26.7
S4-Drill,Accelerometer RWR,1000,33.333333333333336
S4-Drill,Accelerometer RWR,1241,41.36666666666667
S4-Drill,Accelerometer RWR,1318,43.93333333333333
S4-Drill,Accelerometer RWR,927,30.9
S4-Drill,Accelerometer RWR,27,0.9
S4-Drill,Accelerometer RWR,27,0.9
S4-Drill,Accelerometer RWR,29,0.9666666666666667
S4-Drill,Accelerometer RWR,350,11.666666666666666
S4-Drill,Accelerometer RUA^,32,1.0666666666666667
S4-Drill,Accelerometer RUA^,36,1.2
S4-Drill,Accelerometer RUA^,36,1.2
S4-Drill,Accelerometer RUA^,35,1.1666666666666667
S4-Drill,Accelerometer RUA^,2526,84.2
S4-Drill,Accelerometer RUA^,41829,1394.3
S4-Drill,Accelerometer RUA^,27,0.9
S4-Drill,Accelerometer RUA^,27,0.9
S4-Drill,Accelerometer RUA^,29,0.9666666666666667
S4-Drill,Accelerometer RUA^,32,1.0666666666666667
S4-Drill,Accelerometer RUA^,299,9.966666666666667
S4-Drill,Accelerometer LUA_,32,1.0666666666666667
S4-Drill,Accelerometer LUA_,35,1.1666666666666667
S4-Drill,Accelerometer LUA_,90,3.0
S4-Drill,Accelerometer LUA_,44376,1479.2
S4-Drill,Accelerometer LUA_,494,16.466666666666665
S4-Drill,Accelerometer LWR,144,4.8
S4-Drill,Accelerometer LWR,35395,1179.8333333333333
S4-Drill,Accelerometer LWR,1652,55.06666666666667
S4-Drill,Accelerometer LWR,5009,166.96666666666667
S4-Drill,Accelerometer LWR,2317,77.23333333333333
S4-Drill,Accelerometer LWR,26,0.8666666666666667
S4-Drill,Accelerometer LWR,26,0.8666666666666667
S4-Drill,Accelerometer LWR,29,0.9666666666666667
S4-Drill,Accelerometer LWR,32,1.0666666666666667
S4-Drill,Accelerometer LWR,300,10.0
S4-Drill,Accelerometer RH,72,2.4
S4-Drill,Accelerometer RH,31,1.0333333333333334
S4-Drill,Accelerometer RH,35,1.1666666666666667
S4-Drill,Accelerometer RH,34,1.1333333333333333
S4-Drill,Accelerometer RH,35,1.1666666666666667
S4-Drill,Accelerometer RH,1981,66.03333333333333
S4-Drill,Accelerometer RH,312,10.4
S4-Drill,Accelerometer RH,187,6.233333333333333
S4-Drill,Accelerometer RH,192,6.4
S4-Drill,Accelerometer RH,366,12.2
S4-Drill,Accelerometer RH,2077,69.23333333333333
S4-Drill,Accelerometer RH,526,17.533333333333335
S4-Drill,Accelerometer RH,59,1.9666666666666666
S4-Drill,Accelerometer RH,52,1.7333333333333334
S4-Drill,Accelerometer RH,81,2.7
S4-Drill,Accelerometer RH,26,0.8666666666666667
S4-Drill,Accelerometer RH,43,1.4333333333333333
S4-Drill,Accelerometer RH,1095,36.5
S4-Drill,Accelerometer RH,14,0.4666666666666667
S4-Drill,Accelerometer RH,135,4.5
S4-Drill,Accelerometer RH,132,4.4
S4-Drill,Accelerometer RH,96,3.2
S4-Drill,Accelerometer RH,92,3.066666666666667
S4-Drill,Accelerometer RH,189,6.3
S4-Drill,Accelerometer RH,20,0.6666666666666666
S4-Drill,Accelerometer RH,42,1.4
S4-Drill,Accelerometer RH,141,4.7
S4-Drill,Accelerometer RH,44,1.4666666666666666
S4-Drill,Accelerometer RH,40,1.3333333333333333
S4-Drill,Accelerometer RH,800,26.666666666666668
S4-Drill,Accelerometer RH,133,4.433333333333334
S4-Drill,Accelerometer RH,11,0.36666666666666664
S4-Drill,Accelerometer RH,323,10.766666666666667
S4-Drill,Accelerometer RH,54,1.8
S4-Drill,Accelerometer RH,101,3.3666666666666667
S4-Drill,Accelerometer RH,153,5.1
S4-Drill,Accelerometer RH,24,0.8
S4-Drill,Accelerometer RH,223,7.433333333333334
S4-Drill,Accelerometer RH,20,0.6666666666666666
S4-Drill,Accelerometer RH,45,1.5
S4-Drill,Accelerometer RH,1152,38.4
S4-Drill,Accelerometer RH,146,4.866666666666666
S4-Drill,Accelerometer RH,135,4.5
S4-Drill,Accelerometer RH,73,2.433333333333333
S4-Drill,Accelerometer RH,167,5.566666666666666
S4-Drill,Accelerometer RH,49,1.6333333333333333
S4-Drill,Accelerometer RH,150,5.0
S4-Drill,Accelerometer RH,28,0.9333333333333333
S4-Drill,Accelerometer RH,39,1.3
S4-Drill,Accelerometer RH,231,7.7
S4-Drill,Accelerometer RH,1199,39.96666666666667
S4-Drill,Accelerometer RH,215,7.166666666666667
S4-Drill,Accelerometer RH,180,6.0
S4-Drill,Accelerometer RH,21,0.7
S4-Drill,Accelerometer RH,235,7.833333333333333
S4-Drill,Accelerometer RH,65,2.1666666666666665
S4-Drill,Accelerometer RH,261,8.7
S4-Drill,Accelerometer RH,5,0.16666666666666666
S4-Drill,Accelerometer RH,32,1.0666666666666667
S4-Drill,Accelerometer RH,930,31.0
S4-Drill,Accelerometer RH,348,11.6
S4-Drill,Accelerometer RH,33,1.1
S4-Drill,Accelerometer RH,49,1.6333333333333333
S4-Drill,Accelerometer RH,213,7.1
S4-Drill,Accelerometer RH,46,1.5333333333333334
S4-Drill,Accelerometer RH,1399,46.63333333333333
S4-Drill,Accelerometer RH,11,0.36666666666666664
S4-Drill,Accelerometer RH,433,14.433333333333334
S4-Drill,Accelerometer RH,112,3.7333333333333334
S4-Drill,Accelerometer RH,165,5.5
S4-Drill,Accelerometer RH,22,0.7333333333333333
S4-Drill,Accelerometer RH,7,0.23333333333333334
S4-Drill,Accelerometer RH,1029,34.3
S4-Drill,Accelerometer RH,10,0.3333333333333333
S4-Drill,Accelerometer RH,113,3.7666666666666666
S4-Drill,Accelerometer RH,135,4.5
S4-Drill,Accelerometer RH,392,13.066666666666666
S4-Drill,Accelerometer RH,280,9.333333333333334
S4-Drill,Accelerometer RH,33,1.1
S4-Drill,Accelerometer RH,43,1.4333333333333333
S4-Drill,Accelerometer RH,315,10.5
S4-Drill,Accelerometer RH,571,19.033333333333335
S4-Drill,Accelerometer RH,660,22.0
S4-Drill,Accelerometer RH,39,1.3
S4-Drill,Accelerometer RH,237,7.9
S4-Drill,Accelerometer RH,45,1.5
S4-Drill,Accelerometer RH,47,1.5666666666666667
S4-Drill,Accelerometer RH,688,22.933333333333334
S4-Drill,Accelerometer RH,130,4.333333333333333
S4-Drill,Accelerometer RH,362,12.066666666666666
S4-Drill,Accelerometer RH,313,10.433333333333334
S4-Drill,Accelerometer RH,14,0.4666666666666667
S4-Drill,Accelerometer RH,165,5.5
S4-Drill,Accelerometer RH,4,0.13333333333333333
S4-Drill,Accelerometer RH,19,0.6333333333333333
S4-Drill,Accelerometer RH,328,10.933333333333334
S4-Drill,Accelerometer RH,5,0.16666666666666666
S4-Drill,Accelerometer RH,388,12.933333333333334
S4-Drill,Accelerometer RH,32,1.0666666666666667
S4-Drill,Accelerometer RH,94,3.1333333333333333
S4-Drill,Accelerometer RH,298,9.933333333333334
S4-Drill,Accelerometer RH,7,0.23333333333333334
S4-Drill,Accelerometer RH,64,2.1333333333333333
S4-Drill,Accelerometer RH,305,10.166666666666666
S4-Drill,Accelerometer RH,36,1.2
S4-Drill,Accelerometer RH,45,1.5
S4-Drill,Accelerometer RH,74,2.466666666666667
S4-Drill,Accelerometer RH,22,0.7333333333333333
S4-Drill,Accelerometer RH,10,0.3333333333333333
S4-Drill,Accelerometer RH,186,6.2
S4-Drill,Accelerometer RH,93,3.1
S4-Drill,Accelerometer RH,12,0.4
S4-Drill,Accelerometer RH,325,10.833333333333334
S4-Drill,Accelerometer RH,159,5.3
S4-Drill,Accelerometer RH,83,2.7666666666666666
S4-Drill,Accelerometer RH,106,3.533333333333333
S4-Drill,Accelerometer RH,78,2.6
S4-Drill,Accelerometer RH,281,9.366666666666667
S4-Drill,Accelerometer RH,27,0.9
S4-Drill,Accelerometer RH,121,4.033333333333333
S4-Drill,Accelerometer RH,18,0.6
S4-Drill,Accelerometer RH,26,0.8666666666666667
S4-Drill,Accelerometer RH,328,10.933333333333334
S4-Drill,Accelerometer RH,454,15.133333333333333
S4-Drill,Accelerometer RH,3,0.1
S4-Drill,Accelerometer RH,71,2.3666666666666667
S4-Drill,Accelerometer RH,127,4.233333333333333
S4-Drill,Accelerometer RH,155,5.166666666666667
S4-Drill,Accelerometer RH,218,7.266666666666667
S4-Drill,Accelerometer RH,174,5.8
S4-Drill,Accelerometer RH,315,10.5
S4-Drill,Accelerometer RH,441,14.7
S4-Drill,Accelerometer RH,195,6.5
S4-Drill,Accelerometer RH,2,0.06666666666666667
S4-Drill,Accelerometer RH,40,1.3333333333333333
S4-Drill,Accelerometer RH,14,0.4666666666666667
S4-Drill,Accelerometer RH,12,0.4
S4-Drill,Accelerometer RH,11,0.36666666666666664
S4-Drill,Accelerometer RH,98,3.2666666666666666
S4-Drill,Accelerometer RH,21,0.7
S4-Drill,Accelerometer RH,3,0.1
S4-Drill,Accelerometer RH,103,3.433333333333333
S4-Drill,Accelerometer RH,23,0.7666666666666667
S4-Drill,Accelerometer RH,5,0.16666666666666666
S4-Drill,Accelerometer RH,298,9.933333333333334
S4-Drill,Accelerometer RH,402,13.4
S4-Drill,Accelerometer RH,6,0.2
S4-Drill,Accelerometer RH,71,2.3666666666666667
S4-Drill,Accelerometer RH,115,3.8333333333333335
S4-Drill,Accelerometer RH,43,1.4333333333333333
S4-Drill,Accelerometer RH,53,1.7666666666666666
S4-Drill,Accelerometer RH,1,0.03333333333333333
S4-Drill,Accelerometer RH,115,3.8333333333333335
S4-Drill,Accelerometer RH,29,0.9666666666666667
S4-Drill,Accelerometer RH,229,7.633333333333334
S4-Drill,Accelerometer RH,30,1.0
S4-Drill,Accelerometer RH,195,6.5
S4-Drill,Accelerometer RH,99,3.3
S4-Drill,Accelerometer RH,414,13.8
S4-Drill,Accelerometer RH,5,0.16666666666666666
S4-Drill,Accelerometer RH,170,5.666666666666667
S4-Drill,Accelerometer RH,11,0.36666666666666664
S4-Drill,Accelerometer RH,16,0.5333333333333333
S4-Drill,Accelerometer RH,55,1.8333333333333333
S4-Drill,Accelerometer RH,12,0.4
S4-Drill,Accelerometer RH,109,3.6333333333333333
S4-Drill,Accelerometer RH,26,0.8666666666666667
S4-Drill,Accelerometer RH,8,0.26666666666666666
S4-Drill,Accelerometer RH,118,3.933333333333333
S4-Drill,Accelerometer RH,30,1.0
S4-Drill,Accelerometer RH,24,0.8
S4-Drill,Accelerometer RH,324,10.8
S4-Drill,Accelerometer RH,324,10.8
S4-Drill,Accelerometer RH,109,3.6333333333333333
S4-Drill,Accelerometer RH,7,0.23333333333333334
S4-Drill,Accelerometer RH,58,1.9333333333333333
S4-Drill,Accelerometer RH,4,0.13333333333333333
S4-Drill,Accelerometer RH,49,1.6333333333333333
S4-Drill,Accelerometer RH,64,2.1333333333333333
S4-Drill,Accelerometer RH,38,1.2666666666666666
S4-Drill,Accelerometer RH,8,0.26666666666666666
S4-Drill,Accelerometer RH,149,4.966666666666667
S4-Drill,Accelerometer RH,22,0.7333333333333333
S4-Drill,Accelerometer RH,154,5.133333333333334
S4-Drill,Accelerometer RH,19,0.6333333333333333
S4-Drill,Accelerometer RH,306,10.2
S4-Drill,Accelerometer RH,207,6.9
S4-Drill,Accelerometer RH,284,9.466666666666667
S4-Drill,Accelerometer RH,6,0.2
S4-Drill,Accelerometer RH,80,2.6666666666666665
S4-Drill,Accelerometer RH,192,6.4
S4-Drill,Accelerometer RH,82,2.7333333333333334
S4-Drill,Accelerometer RH,119,3.966666666666667
S4-Drill,Accelerometer RH,20,0.6666666666666666
S4-Drill,Accelerometer RH,7,0.23333333333333334
S4-Drill,Accelerometer RH,160,5.333333333333333
S4-Drill,Accelerometer RH,5,0.16666666666666666
S4-Drill,Accelerometer RH,169,5.633333333333334
S4-Drill,Accelerometer RH,75,2.5
S4-Drill,Accelerometer RH,437,14.566666666666666
S4-Drill,Accelerometer RH,5,0.16666666666666666
S4-Drill,Accelerometer RH,190,6.333333333333333
S4-Drill,Accelerometer RH,55,1.8333333333333333
S4-Drill,Accelerometer RH,67,2.2333333333333334
S4-Drill,Accelerometer RH,129,4.3
S4-Drill,Accelerometer RH,23,0.7666666666666667
S4-Drill,Accelerometer RH,110,3.6666666666666665
S4-Drill,Accelerometer RH,18,0.6
S4-Drill,Accelerometer RH,2,0.06666666666666667
S4-Drill,Accelerometer RH,171,5.7
S4-Drill,Accelerometer RH,94,3.1333333333333333
S4-Drill,Accelerometer RH,536,17.866666666666667
S4-Drill,Accelerometer RH,151,5.033333333333333
S4-Drill,Accelerometer RH,93,3.1
S4-Drill,Accelerometer RH,144,4.8
S4-Drill,Accelerometer RH,10,0.3333333333333333
S4-Drill,Accelerometer RH,119,3.966666666666667
S4-Drill,Accelerometer RH,34,1.1333333333333333
S4-Drill,Accelerometer RH,10,0.3333333333333333
S4-Drill,Accelerometer RH,304,10.133333333333333
S4-Drill,Accelerometer RH,685,22.833333333333332
S4-Drill,Accelerometer RH,596,19.866666666666667
S4-Drill,Accelerometer RH,27,0.9
S4-Drill,Accelerometer RH,26,0.8666666666666667
S4-Drill,Accelerometer RH,28,0.9333333333333333
S4-Drill,Accelerometer RH,32,1.0666666666666667
S4-Drill,Accelerometer RH,299,9.966666666666667
