subject,session,device,kind,run_samples,run_s,boundary
S1,S1-ADL1,Accelerometer RKN^,Accelerometer,25,0.8333333333333334,False
S1,S1-ADL1,Accelerometer RKN^,Accelerometer,24,0.8,False
S1,S1-ADL1,Accelerometer RKN^,Accelerometer,54,1.8,False
S1,S1-ADL1,Accelerometer RKN^,Accelerometer,30,1.0,False
S1,S1-ADL1,Accelerometer RKN^,Accelerometer,23,0.7666666666666667,False
S1,S1-ADL1,Accelerometer RKN^,Accelerometer,27,0.9,False
S1,S1-ADL1,Accelerometer RKN^,Accelerometer,45,1.5,False
S1,S1-ADL1,Accelerometer RKN^,Accelerometer,30,1.0,False
S1,S1-ADL1,Accelerometer RKN^,Accelerometer,21,0.7,False
S1,S1-ADL1,Accelerometer RKN^,Accelerometer,29,0.9666666666666667,False
S1,S1-ADL1,Accelerometer RKN^,Accelerometer,29,0.9666666666666667,False
S1,S1-ADL1,Accelerometer RKN^,Accelerometer,25,0.8333333333333334,False
S1,S1-ADL1,Accelerometer RKN^,Accelerometer,20,0.6666666666666666,False
S1,S1-ADL1,Accelerometer RKN^,Accelerometer,29,0.9666666666666667,False
S1,S1-ADL1,Accelerometer RKN^,Accelerometer,46,1.5333333333333334,False
S1,S1-ADL1,Accelerometer RKN^,Accelerometer,23,0.7666666666666667,False
S1,S1-ADL1,Accelerometer RKN^,Accelerometer,431,14.366666666666667,True
S1,S1-ADL1,Accelerometer HIP,Accelerometer,19,0.6333333333333333,False
S1,S1-ADL1,Accelerometer HIP,Accelerometer,447,14.9,True
S1,S1-ADL1,Accelerometer LUA^,Accelerometer,21,0.7,False
S1,S1-ADL1,Accelerometer LUA^,Accelerometer,20,0.6666666666666666,False
S1,S1-ADL1,Accelerometer LUA^,Accelerometer,19,0.6333333333333333,False
S1,S1-ADL1,Accelerometer LUA^,Accelerometer,19,0.6333333333333333,False
S1,S1-ADL1,Accelerometer LUA^,Accelerometer,20,0.6666666666666666,False
S1,S1-ADL1,Accelerometer LUA^,Accelerometer,21,0.7,False
S1,S1-ADL1,Accelerometer LUA^,Accelerometer,20,0.6666666666666666,False
S1,S1-ADL1,Accelerometer LUA^,Accelerometer,21,0.7,False
S1,S1-ADL1,Accelerometer LUA^,Accelerometer,19,0.6333333333333333,False
S1,S1-ADL1,Accelerometer LUA^,Accelerometer,20,0.6666666666666666,False
S1,S1-ADL1,Accelerometer LUA^,Accelerometer,447,14.9,True
S1,S1-ADL1,Accelerometer RUA_,Accelerometer,21,0.7,False
S1,S1-ADL1,Accelerometer RUA_,Accelerometer,20,0.6666666666666666,False
S1,S1-ADL1,Accelerometer RUA_,Accelerometer,20,0.6666666666666666,False
S1,S1-ADL1,Accelerometer RUA_,Accelerometer,20,0.6666666666666666,False
S1,S1-ADL1,Accelerometer RUA_,Accelerometer,19,0.6333333333333333,False
S1,S1-ADL1,Accelerometer RUA_,Accelerometer,19,0.6333333333333333,False
S1,S1-ADL1,Accelerometer RUA_,Accelerometer,20,0.6666666666666666,False
S1,S1-ADL1,Accelerometer RUA_,Accelerometer,21,0.7,False
S1,S1-ADL1,Accelerometer RUA_,Accelerometer,444,14.8,True
S1,S1-ADL1,Accelerometer LH,Accelerometer,20,0.6666666666666666,False
S1,S1-ADL1,Accelerometer LH,Accelerometer,20,0.6666666666666666,False
S1,S1-ADL1,Accelerometer LH,Accelerometer,20,0.6666666666666666,False
S1,S1-ADL1,Accelerometer LH,Accelerometer,20,0.6666666666666666,False
S1,S1-ADL1,Accelerometer LH,Accelerometer,20,0.6666666666666666,False
S1,S1-ADL1,Accelerometer LH,Accelerometer,20,0.6666666666666666,False
S1,S1-ADL1,Accelerometer LH,Accelerometer,20,0.6666666666666666,False
S1,S1-ADL1,Accelerometer LH,Accelerometer,20,0.6666666666666666,False
S1,S1-ADL1,Accelerometer LH,Accelerometer,20,0.6666666666666666,False
S1,S1-ADL1,Accelerometer LH,Accelerometer,20,0.6666666666666666,False
S1,S1-ADL1,Accelerometer LH,Accelerometer,20,0.6666666666666666,False
S1,S1-ADL1,Accelerometer LH,Accelerometer,20,0.6666666666666666,False
S1,S1-ADL1,Accelerometer LH,Accelerometer,20,0.6666666666666666,False
S1,S1-ADL1,Accelerometer LH,Accelerometer,20,0.6666666666666666,False
S1,S1-ADL1,Accelerometer LH,Accelerometer,22,0.7333333333333333,False
S1,S1-ADL1,Accelerometer LH,Accelerometer,463,15.433333333333334,False
S1,S1-ADL1,Accelerometer LH,Accelerometer,446,14.866666666666667,True
S1,S1-ADL1,Accelerometer BACK,Accelerometer,446,14.866666666666667,True
S1,S1-ADL1,Accelerometer RKN_,Accelerometer,67,2.2333333333333334,False
S1,S1-ADL1,Accelerometer RKN_,Accelerometer,20,0.6666666666666666,False
S1,S1-ADL1,Accelerometer RKN_,Accelerometer,28,0.9333333333333333,False
S1,S1-ADL1,Accelerometer RKN_,Accelerometer,35,1.1666666666666667,False
S1,S1-ADL1,Accelerometer RKN_,Accelerometer,20,0.6666666666666666,False
S1,S1-ADL1,Accelerometer RKN_,Accelerometer,37,1.2333333333333334,False
S1,S1-ADL1,Accelerometer RKN_,Accelerometer,39,1.3,False
S1,S1-ADL1,Accelerometer RKN_,Accelerometer,31,1.0333333333333334,False
S1,S1-ADL1,Accelerometer RKN_,Accelerometer,31,1.0333333333333334,False
S1,S1-ADL1,Accelerometer RKN_,Accelerometer,20,0.6666666666666666,False
S1,S1-ADL1,Accelerometer RKN_,Accelerometer,45,1.5,False
S1,S1-ADL1,Accelerometer RKN_,Accelerometer,21,0.7,False
S1,S1-ADL1,Accelerometer RKN_,Accelerometer,34,1.1333333333333333,False
S1,S1-ADL1,Accelerometer RKN_,Accelerometer,44,1.4666666666666666,False
S1,S1-ADL1,Accelerometer RKN_,Accelerometer,200,6.666666666666667,False
S1,S1-ADL1,Accelerometer RKN_,Accelerometer,101,3.3666666666666667,False
S1,S1-ADL1,Accelerometer RKN_,Accelerometer,127,4.233333333333333,False
S1,S1-ADL1,Accelerometer RKN_,Accelerometer,176,5.866666666666666,False
S1,S1-ADL1,Accelerometer RKN_,Accelerometer,230,7.666666666666667,False
S1,S1-ADL1,Accelerometer RKN_,Accelerometer,70,2.3333333333333335,False
S1,S1-ADL1,Accelerometer RKN_,Accelerometer,141,4.7,False
S1,S1-ADL1,Accelerometer RKN_,Accelerometer,52,1.7333333333333334,False
S1,S1-ADL1,Accelerometer RKN_,Accelerometer,113,3.7666666666666666,False
S1,S1-ADL1,Accelerometer RKN_,Accelerometer,397,13.233333333333333,True
S1,S1-ADL1,Accelerometer RWR,Accelerometer,20,0.6666666666666666,False
S1,S1-ADL1,Accelerometer RWR,Accelerometer,19,0.6333333333333333,False
S1,S1-ADL1,Accelerometer RWR,Accelerometer,19,0.6333333333333333,False
S1,S1-ADL1,Accelerometer RWR,Accelerometer,20,0.6666666666666666,False
S1,S1-ADL1,Accelerometer RWR,Accelerometer,21,0.7,False
S1,S1-ADL1,Accelerometer RWR,Accelerometer,20,0.6666666666666666,False
S1,S1-ADL1,Accelerometer RWR,Accelerometer,20,0.6666666666666666,False
S1,S1-ADL1,Accelerometer RWR,Accelerometer,20,0.6666666666666666,False
S1,S1-ADL1,Accelerometer RWR,Accelerometer,19,0.6333333333333333,False
S1,S1-ADL1,Accelerometer RWR,Accelerometer,20,0.6666666666666666,False
S1,S1-ADL1,Accelerometer RWR,Accelerometer,21,0.7,False
S1,S1-ADL1,Accelerometer RWR,Accelerometer,28,0.9333333333333333,False
S1,S1-ADL1,Accelerometer RWR,Accelerometer,20,0.6666666666666666,False
S1,S1-ADL1,Accelerometer RWR,Accelerometer,21,0.7,False
S1,S1-ADL1,Accelerometer RWR,Accelerometer,20,0.6666666666666666,False
S1,S1-ADL1,Accelerometer RWR,Accelerometer,19,0.6333333333333333,False
S1,S1-ADL1,Accelerometer RWR,Accelerometer,22,0.7333333333333333,False
S1,S1-ADL1,Accelerometer RWR,Accelerometer,21,0.7,False
S1,S1-ADL1,Accelerometer RWR,Accelerometer,20,0.6666666666666666,False
S1,S1-ADL1,Accelerometer RWR,Accelerometer,20,0.6666666666666666,False
S1,S1-ADL1,Accelerometer RWR,Accelerometer,20,0.6666666666666666,False
S1,S1-ADL1,Accelerometer RWR,Accelerometer,20,0.6666666666666666,False
S1,S1-ADL1,Accelerometer RWR,Accelerometer,22,0.7333333333333333,False
S1,S1-ADL1,Accelerometer RWR,Accelerometer,22,0.7333333333333333,False
S1,S1-ADL1,Accelerometer RWR,Accelerometer,23,0.7666666666666667,False
S1,S1-ADL1,Accelerometer RWR,Accelerometer,443,14.766666666666667,True
S1,S1-ADL1,Accelerometer RUA^,Accelerometer,19,0.6333333333333333,False
S1,S1-ADL1,Accelerometer RUA^,Accelerometer,19,0.6333333333333333,False
S1,S1-ADL1,Accelerometer RUA^,Accelerometer,20,0.6666666666666666,False
S1,S1-ADL1,Accelerometer RUA^,Accelerometer,21,0.7,False
S1,S1-ADL1,Accelerometer RUA^,Accelerometer,20,0.6666666666666666,False
S1,S1-ADL1,Accelerometer RUA^,Accelerometer,20,0.6666666666666666,False
S1,S1-ADL1,Accelerometer RUA^,Accelerometer,20,0.6666666666666666,False
S1,S1-ADL1,Accelerometer RUA^,Accelerometer,20,0.6666666666666666,False
S1,S1-ADL1,Accelerometer RUA^,Accelerometer,20,0.6666666666666666,False
S1,S1-ADL1,Accelerometer RUA^,Accelerometer,20,0.6666666666666666,False
S1,S1-ADL1,Accelerometer RUA^,Accelerometer,444,14.8,True
S1,S1-ADL1,Accelerometer LUA_,Accelerometer,20,0.6666666666666666,False
S1,S1-ADL1,Accelerometer LUA_,Accelerometer,20,0.6666666666666666,False
S1,S1-ADL1,Accelerometer LUA_,Accelerometer,20,0.6666666666666666,False
S1,S1-ADL1,Accelerometer LUA_,Accelerometer,19,0.6333333333333333,False
S1,S1-ADL1,Accelerometer LUA_,Accelerometer,20,0.6666666666666666,False
S1,S1-ADL1,Accelerometer LUA_,Accelerometer,21,0.7,False
S1,S1-ADL1,Accelerometer LUA_,Accelerometer,21,0.7,False
S1,S1-ADL1,Accelerometer LUA_,Accelerometer,21,0.7,False
S1,S1-ADL1,Accelerometer LUA_,Accelerometer,20,0.6666666666666666,False
S1,S1-ADL1,Accelerometer LUA_,Accelerometer,21,0.7,False
S1,S1-ADL1,Accelerometer LUA_,Accelerometer,444,14.8,True
S1,S1-ADL1,Accelerometer LWR,Accelerometer,20,0.6666666666666666,False
S1,S1-ADL1,Accelerometer LWR,Accelerometer,20,0.6666666666666666,False
S1,S1-ADL1,Accelerometer LWR,Accelerometer,20,0.6666666666666666,False
S1,S1-ADL1,Accelerometer LWR,Accelerometer,20,0.6666666666666666,False
S1,S1-ADL1,Accelerometer LWR,Accelerometer,20,0.6666666666666666,False
S1,S1-ADL1,Accelerometer LWR,Accelerometer,20,0.6666666666666666,False
S1,S1-ADL1,Accelerometer LWR,Accelerometer,21,0.7,False
S1,S1-ADL1,Accelerometer LWR,Accelerometer,19,0.6333333333333333,False
S1,S1-ADL1,Accelerometer LWR,Accelerometer,445,14.833333333333334,True
S1,S1-ADL1,Accelerometer RH,Accelerometer,50671,1689.0333333333333,True
S1,S1-ADL1,Accelerometer RH,Accelerometer,444,14.8,True
S1,S1-ADL1,InertialMeasurementUnit BACK,InertialMeasurementUnit,414,13.8,True
S1,S1-ADL1,InertialMeasurementUnit RUA,InertialMeasurementUnit,414,13.8,True
S1,S1-ADL1,InertialMeasurementUnit RLA,InertialMeasurementUnit,414,13.8,True
S1,S1-ADL1,InertialMeasurementUnit LUA,InertialMeasurementUnit,414,13.8,True
S1,S1-ADL1,InertialMeasurementUnit LLA,InertialMeasurementUnit,414,13.8,True
S1,S1-ADL1,InertialMeasurementUnit L-SHOE,InertialMeasurementUnit,28,0.9333333333333333,True
S1,S1-ADL1,InertialMeasurementUnit R-SHOE,InertialMeasurementUnit,28,0.9333333333333333,True
S1,S1-ADL2,Accelerometer RKN^,Accelerometer,20,0.6666666666666666,False
S1,S1-ADL2,Accelerometer RKN^,Accelerometer,20,0.6666666666666666,False
S1,S1-ADL2,Accelerometer RKN^,Accelerometer,20,0.6666666666666666,False
S1,S1-ADL2,Accelerometer RKN^,Accelerometer,20,0.6666666666666666,False
S1,S1-ADL2,Accelerometer RKN^,Accelerometer,21,0.7,False
S1,S1-ADL2,Accelerometer RKN^,Accelerometer,20,0.6666666666666666,False
S1,S1-ADL2,Accelerometer RKN^,Accelerometer,20,0.6666666666666666,False
S1,S1-ADL2,Accelerometer RKN^,Accelerometer,19,0.6333333333333333,False
S1,S1-ADL2,Accelerometer RKN^,Accelerometer,20,0.6666666666666666,False
S1,S1-ADL2,Accelerometer RKN^,Accelerometer,20,0.6666666666666666,False
S1,S1-ADL2,Accelerometer RKN^,Accelerometer,47,1.5666666666666667,False
S1,S1-ADL2,Accelerometer RKN^,Accelerometer,20,0.6666666666666666,False
S1,S1-ADL2,Accelerometer RKN^,Accelerometer,20,0.6666666666666666,False
S1,S1-ADL2,Accelerometer RKN^,Accelerometer,20,0.6666666666666666,False
S1,S1-ADL2,Accelerometer RKN^,Accelerometer,19,0.6333333333333333,False
S1,S1-ADL2,Accelerometer RKN^,Accelerometer,23,0.7666666666666667,False
S1,S1-ADL2,Accelerometer RKN^,Accelerometer,20,0.6666666666666666,False
S1,S1-ADL2,Accelerometer RKN^,Accelerometer,20,0.6666666666666666,False
S1,S1-ADL2,Accelerometer RKN^,Accelerometer,20,0.6666666666666666,False
S1,S1-ADL2,Accelerometer RKN^,Accelerometer,19,0.6333333333333333,False
S1,S1-ADL2,Accelerometer RKN^,Accelerometer,24,0.8,False
S1,S1-ADL2,Accelerometer RKN^,Accelerometer,20,0.6666666666666666,False
S1,S1-ADL2,Accelerometer RKN^,Accelerometer,20,0.6666666666666666,False
S1,S1-ADL2,Accelerometer RKN^,Accelerometer,20,0.6666666666666666,False
S1,S1-ADL2,Accelerometer RKN^,Accelerometer,20,0.6666666666666666,False
S1,S1-ADL2,Accelerometer RKN^,Accelerometer,23,0.7666666666666667,False
S1,S1-ADL2,Accelerometer RKN^,Accelerometer,20,0.6666666666666666,False
S1,S1-ADL2,Accelerometer RKN^,Accelerometer,20,0.6666666666666666,False
S1,S1-ADL2,Accelerometer RKN^,Accelerometer,22,0.7333333333333333,False
S1,S1-ADL2,Accelerometer RKN^,Accelerometer,19,0.6333333333333333,False
S1,S1-ADL2,Accelerometer RKN^,Accelerometer,19,0.6333333333333333,False
S1,S1-ADL2,Accelerometer RKN^,Accelerometer,19,0.6333333333333333,False
S1,S1-ADL2,Accelerometer RKN^,Accelerometer,56,1.8666666666666667,False
S1,S1-ADL2,Accelerometer RKN^,Accelerometer,225,7.5,False
S1,S1-ADL2,Accelerometer RKN^,Accelerometer,20,0.6666666666666666,False
S1,S1-ADL2,Accelerometer RKN^,Accelerometer,20,0.6666666666666666,False
S1,S1-ADL2,Accelerometer RKN^,Accelerometer,19,0.6333333333333333,False
S1,S1-ADL2,Accelerometer RKN^,Accelerometer,21,0.7,False
S1,S1-ADL2,Accelerometer RKN^,Accelerometer,20,0.6666666666666666,False
S1,S1-ADL2,Accelerometer RKN^,Accelerometer,20,0.6666666666666666,False
S1,S1-ADL2,Accelerometer RKN^,Accelerometer,20,0.6666666666666666,False
S1,S1-ADL2,Accelerometer RKN^,Accelerometer,21,0.7,False
S1,S1-ADL2,Accelerometer RKN^,Accelerometer,19,0.6333333333333333,False
S1,S1-ADL2,Accelerometer RKN^,Accelerometer,20,0.6666666666666666,False
S1,S1-ADL2,Accelerometer RKN^,Accelerometer,21,0.7,False
S1,S1-ADL2,Accelerometer RKN^,Accelerometer,23,0.7666666666666667,False
S1,S1-ADL2,Accelerometer RKN^,Accelerometer,20,0.6666666666666666,False
S1,S1-ADL2,Accelerometer RKN^,Accelerometer,21,0.7,False
S1,S1-ADL2,Accelerometer RKN^,Accelerometer,19,0.6333333333333333,False
S1,S1-ADL2,Accelerometer RKN^,Accelerometer,21,0.7,False
S1,S1-ADL2,Accelerometer RKN^,Accelerometer,20,0.6666666666666666,False
S1,S1-ADL2,Accelerometer RKN^,Accelerometer,21,0.7,False
S1,S1-ADL2,Accelerometer RKN^,Accelerometer,21,0.7,False
S1,S1-ADL2,Accelerometer RKN^,Accelerometer,20,0.6666666666666666,False
S1,S1-ADL2,Accelerometer RKN^,Accelerometer,32,1.0666666666666667,False
S1,S1-ADL2,Accelerometer RKN^,Accelerometer,19,0.6333333333333333,False
S1,S1-ADL2,Accelerometer RKN^,Accelerometer,19,0.6333333333333333,False
S1,S1-ADL2,Accelerometer RKN^,Accelerometer,36,1.2,False
S1,S1-ADL2,Accelerometer RKN^,Accelerometer,23,0.7666666666666667,False
S1,S1-ADL2,Accelerometer RKN^,Accelerometer,20,0.6666666666666666,False
S1,S1-ADL2,Accelerometer RKN^,Accelerometer,23,0.7666666666666667,False
S1,S1-ADL2,Accelerometer RKN^,Accelerometer,19,0.6333333333333333,False
S1,S1-ADL2,Accelerometer RKN^,Accelerometer,20,0.6666666666666666,False
S1,S1-ADL2,Accelerometer RKN^,Accelerometer,20,0.6666666666666666,False
S1,S1-ADL2,Accelerometer RKN^,Accelerometer,20,0.6666666666666666,False
S1,S1-ADL2,Accelerometer RKN^,Accelerometer,20,0.6666666666666666,False
S1,S1-ADL2,Accelerometer RKN^,Accelerometer,20,0.6666666666666666,False
S1,S1-ADL2,Accelerometer RKN^,Accelerometer,23,0.7666666666666667,False
S1,S1-ADL2,Accelerometer RKN^,Accelerometer,19,0.6333333333333333,False
S1,S1-ADL2,Accelerometer RKN^,Accelerometer,20,0.6666666666666666,False
S1,S1-ADL2,Accelerometer RKN^,Accelerometer,24,0.8,False
S1,S1-ADL2,Accelerometer RKN^,Accelerometer,21,0.7,False
S1,S1-ADL2,Accelerometer RKN^,Accelerometer,21,0.7,False
S1,S1-ADL2,Accelerometer RKN^,Accelerometer,19,0.6333333333333333,False
S1,S1-ADL2,Accelerometer RKN^,Accelerometer,20,0.6666666666666666,False
S1,S1-ADL2,Accelerometer RKN^,Accelerometer,33,1.1,False
S1,S1-ADL2,Accelerometer RKN^,Accelerometer,20,0.6666666666666666,False
S1,S1-ADL2,Accelerometer RKN^,Accelerometer,19,0.6333333333333333,False
S1,S1-ADL2,Accelerometer RKN^,Accelerometer,20,0.6666666666666666,False
S1,S1-ADL2,Accelerometer RKN^,Accelerometer,21,0.7,False
S1,S1-ADL2,Accelerometer RKN^,Accelerometer,21,0.7,False
S1,S1-ADL2,Accelerometer RKN^,Accelerometer,24,0.8,False
S1,S1-ADL2,Accelerometer RKN^,Accelerometer,19,0.6333333333333333,False
S1,S1-ADL2,Accelerometer RKN^,Accelerometer,20,0.6666666666666666,False
S1,S1-ADL2,Accelerometer RKN^,Accelerometer,20,0.6666666666666666,False
S1,S1-ADL2,Accelerometer RKN^,Accelerometer,20,0.6666666666666666,False
S1,S1-ADL2,Accelerometer RKN^,Accelerometer,20,0.6666666666666666,False
S1,S1-ADL2,Accelerometer RKN^,Accelerometer,19,0.6333333333333333,False
S1,S1-ADL2,Accelerometer RKN^,Accelerometer,20,0.6666666666666666,False
S1,S1-ADL2,Accelerometer RKN^,Accelerometer,20,0.6666666666666666,False
S1,S1-ADL2,Accelerometer RKN^,Accelerometer,20,0.6666666666666666,False
S1,S1-ADL2,Accelerometer RKN^,Accelerometer,19,0.6333333333333333,False
S1,S1-ADL2,Accelerometer RKN^,Accelerometer,31,1.0333333333333334,False
S1,S1-ADL2,Accelerometer RKN^,Accelerometer,20,0.6666666666666666,False
S1,S1-ADL2,Accelerometer RKN^,Accelerometer,19,0.6333333333333333,False
S1,S1-ADL2,Accelerometer RKN^,Accelerometer,20,0.6666666666666666,False
S1,S1-ADL2,Accelerometer RKN^,Accelerometer,20,0.6666666666666666,False
S1,S1-ADL2,Accelerometer RKN^,Accelerometer,20,0.6666666666666666,False
S1,S1-ADL2,Accelerometer RKN^,Accelerometer,19,0.6333333333333333,False
S1,S1-ADL2,Accelerometer RKN^,Accelerometer,19,0.6333333333333333,False
S1,S1-ADL2,Accelerometer RKN^,Accelerometer,20,0.6666666666666666,False
S1,S1-ADL2,Accelerometer RKN^,Accelerometer,19,0.6333333333333333,False
S1,S1-ADL2,Accelerometer RKN^,Accelerometer,20,0.6666666666666666,False
S1,S1-ADL2,Accelerometer RKN^,Accelerometer,19,0.6333333333333333,False
S1,S1-ADL2,Accelerometer RKN^,Accelerometer,386,12.866666666666667,True
S1,S1-ADL2,Accelerometer HIP,Accelerometer,27,0.9,False
S1,S1-ADL2,Accelerometer HIP,Accelerometer,40,1.3333333333333333,False
S1,S1-ADL2,Accelerometer HIP,Accelerometer,22,0.7333333333333333,False
S1,S1-ADL2,Accelerometer HIP,Accelerometer,58,1.9333333333333333,False
S1,S1-ADL2,Accelerometer HIP,Accelerometer,19,0.6333333333333333,False
S1,S1-ADL2,Accelerometer HIP,Accelerometer,384,12.8,True
S1,S1-ADL2,Accelerometer LUA^,Accelerometer,20,0.6666666666666666,False
S1,S1-ADL2,Accelerometer LUA^,Accelerometer,21,0.7,False
S1,S1-ADL2,Accelerometer LUA^,Accelerometer,19,0.6333333333333333,False
S1,S1-ADL2,Accelerometer LUA^,Accelerometer,20,0.6666666666666666,False
S1,S1-ADL2,Accelerometer LUA^,Accelerometer,174,5.8,False
S1,S1-ADL2,Accelerometer LUA^,Accelerometer,19,0.6333333333333333,False
S1,S1-ADL2,Accelerometer LUA^,Accelerometer,20,0.6666666666666666,False
S1,S1-ADL2,Accelerometer LUA^,Accelerometer,21,0.7,False
S1,S1-ADL2,Accelerometer LUA^,Accelerometer,21,0.7,False
S1,S1-ADL2,Accelerometer LUA^,Accelerometer,21,0.7,False
S1,S1-ADL2,Accelerometer LUA^,Accelerometer,388,12.933333333333334,True
S1,S1-ADL2,Accelerometer RUA_,Accelerometer,20,0.6666666666666666,False
S1,S1-ADL2,Accelerometer RUA_,Accelerometer,20,0.6666666666666666,False
S1,S1-ADL2,Accelerometer RUA_,Accelerometer,20,0.6666666666666666,False
S1,S1-ADL2,Accelerometer RUA_,Accelerometer,20,0.6666666666666666,False
S1,S1-ADL2,Accelerometer RUA_,Accelerometer,20,0.6666666666666666,False
S1,S1-ADL2,Accelerometer RUA_,Accelerometer,175,5.833333333333333,False
S1,S1-ADL2,Accelerometer RUA_,Accelerometer,20,0.6666666666666666,False
S1,S1-ADL2,Accelerometer RUA_,Accelerometer,19,0.6333333333333333,False
S1,S1-ADL2,Accelerometer RUA_,Accelerometer,20,0.6666666666666666,False
S1,S1-ADL2,Accelerometer RUA_,Accelerometer,20,0.6666666666666666,False
S1,S1-ADL2,Accelerometer RUA_,Accelerometer,19,0.6333333333333333,False
S1,S1-ADL2,Accelerometer RUA_,Accelerometer,20,0.6666666666666666,False
S1,S1-ADL2,Accelerometer RUA_,Accelerometer,19,0.6333333333333333,False
S1,S1-ADL2,Accelerometer RUA_,Accelerometer,386,12.866666666666667,True
S1,S1-ADL2,Accelerometer LH,Accelerometer,31339,1044.6333333333334,True
S1,S1-ADL2,Accelerometer LH,Accelerometer,20,0.6666666666666666,False
S1,S1-ADL2,Accelerometer LH,Accelerometer,21,0.7,False
S1,S1-ADL2,Accelerometer LH,Accelerometer,387,12.9,True
S1,S1-ADL2,Accelerometer BACK,Accelerometer,21,0.7,False
S1,S1-ADL2,Accelerometer BACK,Accelerometer,28,0.9333333333333333,False
S1,S1-ADL2,Accelerometer BACK,Accelerometer,20,0.6666666666666666,False
S1,S1-ADL2,Accelerometer BACK,Accelerometer,20,0.6666666666666666,False
S1,S1-ADL2,Accelerometer BACK,Accelerometer,20,0.6666666666666666,False
S1,S1-ADL2,Accelerometer BACK,Accelerometer,387,12.9,True
S1,S1-ADL2,Accelerometer RKN_,Accelerometer,41,1.3666666666666667,False
S1,S1-ADL2,Accelerometer RKN_,Accelerometer,70,2.3333333333333335,False
S1,S1-ADL2,Accelerometer RKN_,Accelerometer,29,0.9666666666666667,False
S1,S1-ADL2,Accelerometer RKN_,Accelerometer,377,12.566666666666666,True
S1,S1-ADL2,Accelerometer RWR,Accelerometer,30,1.0,False
S1,S1-ADL2,Accelerometer RWR,Accelerometer,21,0.7,False
S1,S1-ADL2,Accelerometer RWR,Accelerometer,643,21.433333333333334,True
S1,S1-ADL2,Accelerometer RUA^,Accelerometer,21,0.7,False
S1,S1-ADL2,Accelerometer RUA^,Accelerometer,21,0.7,False
S1,S1-ADL2,Accelerometer RUA^,Accelerometer,20,0.6666666666666666,False
S1,S1-ADL2,Accelerometer RUA^,Accelerometer,21,0.7,False
S1,S1-ADL2,Accelerometer RUA^,Accelerometer,20,0.6666666666666666,False
S1,S1-ADL2,Accelerometer RUA^,Accelerometer,26,0.8666666666666667,False
S1,S1-ADL2,Accelerometer RUA^,Accelerometer,156,5.2,False
S1,S1-ADL2,Accelerometer RUA^,Accelerometer,20,0.6666666666666666,False
S1,S1-ADL2,Accelerometer RUA^,Accelerometer,20,0.6666666666666666,False
S1,S1-ADL2,Accelerometer RUA^,Accelerometer,21,0.7,False
S1,S1-ADL2,Accelerometer RUA^,Accelerometer,19,0.6333333333333333,False
S1,S1-ADL2,Accelerometer RUA^,Accelerometer,20,0.6666666666666666,False
S1,S1-ADL2,Accelerometer RUA^,Accelerometer,357,11.9,True
S1,S1-ADL2,Accelerometer LUA_,Accelerometer,21,0.7,False
S1,S1-ADL2,Accelerometer LUA_,Accelerometer,21,0.7,False
S1,S1-ADL2,Accelerometer LUA_,Accelerometer,21,0.7,False
S1,S1-ADL2,Accelerometer LUA_,Accelerometer,20,0.6666666666666666,False
S1,S1-ADL2,Accelerometer LUA_,Accelerometer,20,0.6666666666666666,False
S1,S1-ADL2,Accelerometer LUA_,Accelerometer,20,0.6666666666666666,False
S1,S1-ADL2,Accelerometer LUA_,Accelerometer,47,1.5666666666666667,False
S1,S1-ADL2,Accelerometer LUA_,Accelerometer,87,2.9,False
S1,S1-ADL2,Accelerometer LUA_,Accelerometer,21,0.7,False
S1,S1-ADL2,Accelerometer LUA_,Accelerometer,21,0.7,False
S1,S1-ADL2,Accelerometer LUA_,Accelerometer,21,0.7,False
S1,S1-ADL2,Accelerometer LUA_,Accelerometer,20,0.6666666666666666,False
S1,S1-ADL2,Accelerometer LUA_,Accelerometer,19,0.6333333333333333,False
S1,S1-ADL2,Accelerometer LUA_,Accelerometer,20,0.6666666666666666,False
S1,S1-ADL2,Accelerometer LUA_,Accelerometer,357,11.9,True
S1,S1-ADL2,Accelerometer LWR,Accelerometer,21,0.7,False
S1,S1-ADL2,Accelerometer LWR,Accelerometer,20,0.6666666666666666,False
S1,S1-ADL2,Accelerometer LWR,Accelerometer,19,0.6333333333333333,False
S1,S1-ADL2,Accelerometer LWR,Accelerometer,20,0.6666666666666666,False
S1,S1-ADL2,Accelerometer LWR,Accelerometer,181,6.033333333333333,False
S1,S1-ADL2,Accelerometer LWR,Accelerometer,20,0.6666666666666666,False
S1,S1-ADL2,Accelerometer LWR,Accelerometer,20,0.6666666666666666,False
S1,S1-ADL2,Accelerometer LWR,Accelerometer,21,0.7,False
S1,S1-ADL2,Accelerometer LWR,Accelerometer,21,0.7,False
S1,S1-ADL2,Accelerometer LWR,Accelerometer,21,0.7,False
S1,S1-ADL2,Accelerometer LWR,Accelerometer,357,11.9,True
S1,S1-ADL2,Accelerometer RH,Accelerometer,31866,1062.2,True
S1,S1-ADL2,Accelerometer RH,Accelerometer,357,11.9,True
S1,S1-ADL2,InertialMeasurementUnit BACK,InertialMeasurementUnit,332,11.066666666666666,True
S1,S1-ADL2,InertialMeasurementUnit RUA,InertialMeasurementUnit,332,11.066666666666666,True
S1,S1-ADL2,InertialMeasurementUnit RLA,InertialMeasurementUnit,332,11.066666666666666,True
S1,S1-ADL2,InertialMeasurementUnit LUA,InertialMeasurementUnit,332,11.066666666666666,True
S1,S1-ADL2,InertialMeasurementUnit LLA,InertialMeasurementUnit,332,11.066666666666666,True
S1,S1-ADL3,Accelerometer RKN^,Accelerometer,20,0.6666666666666666,False
S1,S1-ADL3,Accelerometer RKN^,Accelerometer,20,0.6666666666666666,False
S1,S1-ADL3,Accelerometer RKN^,Accelerometer,19,0.6333333333333333,False
S1,S1-ADL3,Accelerometer RKN^,Accelerometer,20,0.6666666666666666,False
S1,S1-ADL3,Accelerometer RKN^,Accelerometer,25,0.8333333333333334,False
S1,S1-ADL3,Accelerometer RKN^,Accelerometer,20,0.6666666666666666,False
S1,S1-ADL3,Accelerometer RKN^,Accelerometer,20,0.6666666666666666,False
S1,S1-ADL3,Accelerometer RKN^,Accelerometer,20,0.6666666666666666,False
S1,S1-ADL3,Accelerometer RKN^,Accelerometer,20,0.6666666666666666,False
S1,S1-ADL3,Accelerometer RKN^,Accelerometer,20,0.6666666666666666,False
S1,S1-ADL3,Accelerometer RKN^,Accelerometer,19,0.6333333333333333,False
S1,S1-ADL3,Accelerometer RKN^,Accelerometer,20,0.6666666666666666,False
S1,S1-ADL3,Accelerometer RKN^,Accelerometer,19,0.6333333333333333,False
S1,S1-ADL3,Accelerometer RKN^,Accelerometer,19,0.6333333333333333,False
S1,S1-ADL3,Accelerometer RKN^,Accelerometer,20,0.6666666666666666,False
S1,S1-ADL3,Accelerometer RKN^,Accelerometer,23,0.7666666666666667,False
S1,S1-ADL3,Accelerometer RKN^,Accelerometer,24,0.8,False
S1,S1-ADL3,Accelerometer RKN^,Accelerometer,19,0.6333333333333333,False
S1,S1-ADL3,Accelerometer RKN^,Accelerometer,20,0.6666666666666666,False
S1,S1-ADL3,Accelerometer RKN^,Accelerometer,19,0.6333333333333333,False
S1,S1-ADL3,Accelerometer RKN^,Accelerometer,20,0.6666666666666666,False
S1,S1-ADL3,Accelerometer RKN^,Accelerometer,20,0.6666666666666666,False
S1,S1-ADL3,Accelerometer RKN^,Accelerometer,23,0.7666666666666667,False
S1,S1-ADL3,Accelerometer RKN^,Accelerometer,21,0.7,False
S1,S1-ADL3,Accelerometer RKN^,Accelerometer,21,0.7,False
S1,S1-ADL3,Accelerometer RKN^,Accelerometer,19,0.6333333333333333,False
S1,S1-ADL3,Accelerometer RKN^,Accelerometer,275,9.166666666666666,False
S1,S1-ADL3,Accelerometer RKN^,Accelerometer,20,0.6666666666666666,False
S1,S1-ADL3,Accelerometer RKN^,Accelerometer,20,0.6666666666666666,False
S1,S1-ADL3,Accelerometer RKN^,Accelerometer,20,0.6666666666666666,False
S1,S1-ADL3,Accelerometer RKN^,Accelerometer,21,0.7,False
S1,S1-ADL3,Accelerometer RKN^,Accelerometer,19,0.6333333333333333,False
S1,S1-ADL3,Accelerometer RKN^,Accelerometer,20,0.6666666666666666,False
S1,S1-ADL3,Accelerometer RKN^,Accelerometer,20,0.6666666666666666,False
S1,S1-ADL3,Accelerometer RKN^,Accelerometer,24,0.8,False
S1,S1-ADL3,Accelerometer RKN^,Accelerometer,21,0.7,False
S1,S1-ADL3,Accelerometer RKN^,Accelerometer,20,0.6666666666666666,False
S1,S1-ADL3,Accelerometer RKN^,Accelerometer,20,0.6666666666666666,False
S1,S1-ADL3,Accelerometer RKN^,Accelerometer,20,0.6666666666666666,False
S1,S1-ADL3,Accelerometer RKN^,Accelerometer,23,0.7666666666666667,False
S1,S1-ADL3,Accelerometer RKN^,Accelerometer,21,0.7,False
S1,S1-ADL3,Accelerometer RKN^,Accelerometer,54,1.8,False
S1,S1-ADL3,Accelerometer RKN^,Accelerometer,20,0.6666666666666666,False
S1,S1-ADL3,Accelerometer RKN^,Accelerometer,24,0.8,False
S1,S1-ADL3,Accelerometer RKN^,Accelerometer,21,0.7,False
S1,S1-ADL3,Accelerometer RKN^,Accelerometer,34,1.1333333333333333,False
S1,S1-ADL3,Accelerometer RKN^,Accelerometer,20,0.6666666666666666,False
S1,S1-ADL3,Accelerometer RKN^,Accelerometer,20,0.6666666666666666,False
S1,S1-ADL3,Accelerometer RKN^,Accelerometer,20,0.6666666666666666,False
S1,S1-ADL3,Accelerometer RKN^,Accelerometer,35,1.1666666666666667,False
S1,S1-ADL3,Accelerometer RKN^,Accelerometer,20,0.6666666666666666,False
S1,S1-ADL3,Accelerometer RKN^,Accelerometer,20,0.6666666666666666,False
S1,S1-ADL3,Accelerometer RKN^,Accelerometer,20,0.6666666666666666,False
S1,S1-ADL3,Accelerometer RKN^,Accelerometer,19,0.6333333333333333,False
S1,S1-ADL3,Accelerometer RKN^,Accelerometer,19,0.6333333333333333,False
S1,S1-ADL3,Accelerometer RKN^,Accelerometer,20,0.6666666666666666,False
S1,S1-ADL3,Accelerometer RKN^,Accelerometer,20,0.6666666666666666,False
S1,S1-ADL3,Accelerometer RKN^,Accelerometer,20,0.6666666666666666,False
S1,S1-ADL3,Accelerometer RKN^,Accelerometer,20,0.6666666666666666,False
S1,S1-ADL3,Accelerometer RKN^,Accelerometer,20,0.6666666666666666,False
S1,S1-ADL3,Accelerometer RKN^,Accelerometer,19,0.6333333333333333,False
S1,S1-ADL3,Accelerometer RKN^,Accelerometer,20,0.6666666666666666,False
S1,S1-ADL3,Accelerometer RKN^,Accelerometer,20,0.6666666666666666,False
S1,S1-ADL3,Accelerometer RKN^,Accelerometer,24,0.8,False
S1,S1-ADL3,Accelerometer RKN^,Accelerometer,20,0.6666666666666666,False
S1,S1-ADL3,Accelerometer RKN^,Accelerometer,24,0.8,False
S1,S1-ADL3,Accelerometer RKN^,Accelerometer,19,0.6333333333333333,False
S1,S1-ADL3,Accelerometer RKN^,Accelerometer,20,0.6666666666666666,False
S1,S1-ADL3,Accelerometer RKN^,Accelerometer,20,0.6666666666666666,False
S1,S1-ADL3,Accelerometer RKN^,Accelerometer,20,0.6666666666666666,False
S1,S1-ADL3,Accelerometer RKN^,Accelerometer,23,0.7666666666666667,False
S1,S1-ADL3,Accelerometer RKN^,Accelerometer,20,0.6666666666666666,False
S1,S1-ADL3,Accelerometer RKN^,Accelerometer,20,0.6666666666666666,False
S1,S1-ADL3,Accelerometer RKN^,Accelerometer,20,0.6666666666666666,False
S1,S1-ADL3,Accelerometer RKN^,Accelerometer,23,0.7666666666666667,False
S1,S1-ADL3,Accelerometer RKN^,Accelerometer,20,0.6666666666666666,False
S1,S1-ADL3,Accelerometer RKN^,Accelerometer,24,0.8,False
S1,S1-ADL3,Accelerometer RKN^,Accelerometer,19,0.6333333333333333,False
S1,S1-ADL3,Accelerometer RKN^,Accelerometer,19,0.6333333333333333,False
S1,S1-ADL3,Accelerometer RKN^,Accelerometer,19,0.6333333333333333,False
S1,S1-ADL3,Accelerometer RKN^,Accelerometer,34,1.1333333333333333,False
S1,S1-ADL3,Accelerometer RKN^,Accelerometer,20,0.6666666666666666,False
S1,S1-ADL3,Accelerometer RKN^,Accelerometer,803,26.766666666666666,True
S1,S1-ADL3,Accelerometer HIP,Accelerometer,191,6.366666666666666,False
S1,S1-ADL3,Accelerometer HIP,Accelerometer,800,26.666666666666668,True
S1,S1-ADL3,Accelerometer LUA^,Accelerometer,21,0.7,False
S1,S1-ADL3,Accelerometer LUA^,Accelerometer,20,0.6666666666666666,False
S1,S1-ADL3,Accelerometer LUA^,Accelerometer,20,0.6666666666666666,False
S1,S1-ADL3,Accelerometer LUA^,Accelerometer,20,0.6666666666666666,False
S1,S1-ADL3,Accelerometer LUA^,Accelerometer,20,0.6666666666666666,False
S1,S1-ADL3,Accelerometer LUA^,Accelerometer,20,0.6666666666666666,False
S1,S1-ADL3,Accelerometer LUA^,Accelerometer,108,3.6,False
S1,S1-ADL3,Accelerometer LUA^,Accelerometer,20,0.6666666666666666,False
S1,S1-ADL3,Accelerometer LUA^,Accelerometer,20,0.6666666666666666,False
S1,S1-ADL3,Accelerometer LUA^,Accelerometer,20,0.6666666666666666,False
S1,S1-ADL3,Accelerometer LUA^,Accelerometer,20,0.6666666666666666,False
S1,S1-ADL3,Accelerometer LUA^,Accelerometer,20,0.6666666666666666,False
S1,S1-ADL3,Accelerometer LUA^,Accelerometer,20,0.6666666666666666,False
S1,S1-ADL3,Accelerometer LUA^,Accelerometer,20,0.6666666666666666,False
S1,S1-ADL3,Accelerometer LUA^,Accelerometer,20,0.6666666666666666,False
S1,S1-ADL3,Accelerometer LUA^,Accelerometer,801,26.7,True
S1,S1-ADL3,Accelerometer RUA_,Accelerometer,19,0.6333333333333333,False
S1,S1-ADL3,Accelerometer RUA_,Accelerometer,20,0.6666666666666666,False
S1,S1-ADL3,Accelerometer RUA_,Accelerometer,20,0.6666666666666666,False
S1,S1-ADL3,Accelerometer RUA_,Accelerometer,19,0.6333333333333333,False
S1,S1-ADL3,Accelerometer RUA_,Accelerometer,20,0.6666666666666666,False
S1,S1-ADL3,Accelerometer RUA_,Accelerometer,244,8.133333333333333,False
S1,S1-ADL3,Accelerometer RUA_,Accelerometer,19,0.6333333333333333,False
S1,S1-ADL3,Accelerometer RUA_,Accelerometer,20,0.6666666666666666,False
S1,S1-ADL3,Accelerometer RUA_,Accelerometer,20,0.6666666666666666,False
S1,S1-ADL3,Accelerometer RUA_,Accelerometer,20,0.6666666666666666,False
S1,S1-ADL3,Accelerometer RUA_,Accelerometer,20,0.6666666666666666,False
S1,S1-ADL3,Accelerometer RUA_,Accelerometer,20,0.6666666666666666,False
S1,S1-ADL3,Accelerometer RUA_,Accelerometer,20,0.6666666666666666,False
S1,S1-ADL3,Accelerometer RUA_,Accelerometer,20,0.6666666666666666,False
S1,S1-ADL3,Accelerometer RUA_,Accelerometer,797,26.566666666666666,True
S1,S1-ADL3,Accelerometer LH,Accelerometer,20,0.6666666666666666,False
S1,S1-ADL3,Accelerometer LH,Accelerometer,22,0.7333333333333333,False
S1,S1-ADL3,Accelerometer LH,Accelerometer,20,0.6666666666666666,False
S1,S1-ADL3,Accelerometer LH,Accelerometer,22,0.7333333333333333,False
S1,S1-ADL3,Accelerometer LH,Accelerometer,21,0.7,False
S1,S1-ADL3,Accelerometer LH,Accelerometer,20,0.6666666666666666,False
S1,S1-ADL3,Accelerometer LH,Accelerometer,219,7.3,False
S1,S1-ADL3,Accelerometer LH,Accelerometer,19,0.6333333333333333,False
S1,S1-ADL3,Accelerometer LH,Accelerometer,20,0.6666666666666666,False
S1,S1-ADL3,Accelerometer LH,Accelerometer,21,0.7,False
S1,S1-ADL3,Accelerometer LH,Accelerometer,20,0.6666666666666666,False
S1,S1-ADL3,Accelerometer LH,Accelerometer,20,0.6666666666666666,False
S1,S1-ADL3,Accelerometer LH,Accelerometer,19,0.6333333333333333,False
S1,S1-ADL3,Accelerometer LH,Accelerometer,20,0.6666666666666666,False
S1,S1-ADL3,Accelerometer LH,Accelerometer,21,0.7,False
S1,S1-ADL3,Accelerometer LH,Accelerometer,24,0.8,False
S1,S1-ADL3,Accelerometer LH,Accelerometer,23,0.7666666666666667,False
S1,S1-ADL3,Accelerometer LH,Accelerometer,23,0.7666666666666667,False
S1,S1-ADL3,Accelerometer LH,Accelerometer,20,0.6666666666666666,False
S1,S1-ADL3,Accelerometer LH,Accelerometer,800,26.666666666666668,True
S1,S1-ADL3,Accelerometer BACK,Accelerometer,20,0.6666666666666666,False
S1,S1-ADL3,Accelerometer BACK,Accelerometer,20,0.6666666666666666,False
S1,S1-ADL3,Accelerometer BACK,Accelerometer,20,0.6666666666666666,False
S1,S1-ADL3,Accelerometer BACK,Accelerometer,32,1.0666666666666667,False
S1,S1-ADL3,Accelerometer BACK,Accelerometer,20,0.6666666666666666,False
S1,S1-ADL3,Accelerometer BACK,Accelerometer,798,26.6,True
S1,S1-ADL3,Accelerometer RKN_,Accelerometer,20,0.6666666666666666,False
S1,S1-ADL3,Accelerometer RKN_,Accelerometer,20,0.6666666666666666,False
S1,S1-ADL3,Accelerometer RKN_,Accelerometer,20,0.6666666666666666,False
S1,S1-ADL3,Accelerometer RKN_,Accelerometer,20,0.6666666666666666,False
S1,S1-ADL3,Accelerometer RKN_,Accelerometer,261,8.7,False
S1,S1-ADL3,Accelerometer RKN_,Accelerometer,22,0.7333333333333333,False
S1,S1-ADL3,Accelerometer RKN_,Accelerometer,20,0.6666666666666666,False
S1,S1-ADL3,Accelerometer RKN_,Accelerometer,20,0.6666666666666666,False
S1,S1-ADL3,Accelerometer RKN_,Accelerometer,20,0.6666666666666666,False
S1,S1-ADL3,Accelerometer RKN_,Accelerometer,20,0.6666666666666666,False
S1,S1-ADL3,Accelerometer RKN_,Accelerometer,20,0.6666666666666666,False
S1,S1-ADL3,Accelerometer RKN_,Accelerometer,19,0.6333333333333333,False
S1,S1-ADL3,Accelerometer RKN_,Accelerometer,32,1.0666666666666667,False
S1,S1-ADL3,Accelerometer RKN_,Accelerometer,23,0.7666666666666667,False
S1,S1-ADL3,Accelerometer RKN_,Accelerometer,20,0.6666666666666666,False
S1,S1-ADL3,Accelerometer RKN_,Accelerometer,19,0.6333333333333333,False
S1,S1-ADL3,Accelerometer RKN_,Accelerometer,19,0.6333333333333333,False
S1,S1-ADL3,Accelerometer RKN_,Accelerometer,20,0.6666666666666666,False
S1,S1-ADL3,Accelerometer RKN_,Accelerometer,20,0.6666666666666666,False
S1,S1-ADL3,Accelerometer RKN_,Accelerometer,20,0.6666666666666666,False
S1,S1-ADL3,Accelerometer RKN_,Accelerometer,19,0.6333333333333333,False
S1,S1-ADL3,Accelerometer RKN_,Accelerometer,20,0.6666666666666666,False
S1,S1-ADL3,Accelerometer RKN_,Accelerometer,20,0.6666666666666666,False
S1,S1-ADL3,Accelerometer RKN_,Accelerometer,19,0.6333333333333333,False
S1,S1-ADL3,Accelerometer RKN_,Accelerometer,20,0.6666666666666666,False
S1,S1-ADL3,Accelerometer RKN_,Accelerometer,20,0.6666666666666666,False
S1,S1-ADL3,Accelerometer RKN_,Accelerometer,20,0.6666666666666666,False
S1,S1-ADL3,Accelerometer RKN_,Accelerometer,20,0.6666666666666666,False
S1,S1-ADL3,Accelerometer RKN_,Accelerometer,20,0.6666666666666666,False
S1,S1-ADL3,Accelerometer RKN_,Accelerometer,20,0.6666666666666666,False
S1,S1-ADL3,Accelerometer RKN_,Accelerometer,20,0.6666666666666666,False
S1,S1-ADL3,Accelerometer RKN_,Accelerometer,20,0.6666666666666666,False
S1,S1-ADL3,Accelerometer RKN_,Accelerometer,20,0.6666666666666666,False
S1,S1-ADL3,Accelerometer RKN_,Accelerometer,20,0.6666666666666666,False
S1,S1-ADL3,Accelerometer RKN_,Accelerometer,20,0.6666666666666666,False
S1,S1-ADL3,Accelerometer RKN_,Accelerometer,19,0.6333333333333333,False
S1,S1-ADL3,Accelerometer RKN_,Accelerometer,20,0.6666666666666666,False
S1,S1-ADL3,Accelerometer RKN_,Accelerometer,797,26.566666666666666,True
S1,S1-ADL3,Accelerometer RWR,Accelerometer,24,0.8,False
S1,S1-ADL3,Accelerometer RWR,Accelerometer,21,0.7,False
S1,S1-ADL3,Accelerometer RWR,Accelerometer,20,0.6666666666666666,False
S1,S1-ADL3,Accelerometer RWR,Accelerometer,22,0.7333333333333333,False
S1,S1-ADL3,Accelerometer RWR,Accelerometer,22,0.7333333333333333,False
S1,S1-ADL3,Accelerometer RWR,Accelerometer,20,0.6666666666666666,False
S1,S1-ADL3,Accelerometer RWR,Accelerometer,19,0.6333333333333333,False
S1,S1-ADL3,Accelerometer RWR,Accelerometer,21,0.7,False
S1,S1-ADL3,Accelerometer RWR,Accelerometer,24,0.8,False
S1,S1-ADL3,Accelerometer RWR,Accelerometer,21,0.7,False
S1,S1-ADL3,Accelerometer RWR,Accelerometer,247,8.233333333333333,False
S1,S1-ADL3,Accelerometer RWR,Accelerometer,20,0.6666666666666666,False
S1,S1-ADL3,Accelerometer RWR,Accelerometer,19,0.6333333333333333,False
S1,S1-ADL3,Accelerometer RWR,Accelerometer,21,0.7,False
S1,S1-ADL3,Accelerometer RWR,Accelerometer,20,0.6666666666666666,False
S1,S1-ADL3,Accelerometer RWR,Accelerometer,19,0.6333333333333333,False
S1,S1-ADL3,Accelerometer RWR,Accelerometer,36,1.2,False
S1,S1-ADL3,Accelerometer RWR,Accelerometer,20,0.6666666666666666,False
S1,S1-ADL3,Accelerometer RWR,Accelerometer,20,0.6666666666666666,False
S1,S1-ADL3,Accelerometer RWR,Accelerometer,20,0.6666666666666666,False
S1,S1-ADL3,Accelerometer RWR,Accelerometer,19,0.6333333333333333,False
S1,S1-ADL3,Accelerometer RWR,Accelerometer,19,0.6333333333333333,False
S1,S1-ADL3,Accelerometer RWR,Accelerometer,20,0.6666666666666666,False
S1,S1-ADL3,Accelerometer RWR,Accelerometer,20,0.6666666666666666,False
S1,S1-ADL3,Accelerometer RWR,Accelerometer,20,0.6666666666666666,False
S1,S1-ADL3,Accelerometer RWR,Accelerometer,20,0.6666666666666666,False
S1,S1-ADL3,Accelerometer RWR,Accelerometer,20,0.6666666666666666,False
S1,S1-ADL3,Accelerometer RWR,Accelerometer,20,0.6666666666666666,False
S1,S1-ADL3,Accelerometer RWR,Accelerometer,20,0.6666666666666666,False
S1,S1-ADL3,Accelerometer RWR,Accelerometer,21,0.7,False
S1,S1-ADL3,Accelerometer RWR,Accelerometer,21,0.7,False
S1,S1-ADL3,Accelerometer RWR,Accelerometer,21,0.7,False
S1,S1-ADL3,Accelerometer RWR,Accelerometer,20,0.6666666666666666,False
S1,S1-ADL3,Accelerometer RWR,Accelerometer,21,0.7,False
S1,S1-ADL3,Accelerometer RWR,Accelerometer,23,0.7666666666666667,False
S1,S1-ADL3,Accelerometer RWR,Accelerometer,24,0.8,False
S1,S1-ADL3,Accelerometer RWR,Accelerometer,22,0.7333333333333333,False
S1,S1-ADL3,Accelerometer RWR,Accelerometer,22,0.7333333333333333,False
S1,S1-ADL3,Accelerometer RWR,Accelerometer,21,0.7,False
S1,S1-ADL3,Accelerometer RWR,Accelerometer,794,26.466666666666665,True
S1,S1-ADL3,Accelerometer RUA^,Accelerometer,20,0.6666666666666666,False
S1,S1-ADL3,Accelerometer RUA^,Accelerometer,19,0.6333333333333333,False
S1,S1-ADL3,Accelerometer RUA^,Accelerometer,20,0.6666666666666666,False
S1,S1-ADL3,Accelerometer RUA^,Accelerometer,20,0.6666666666666666,False
S1,S1-ADL3,Accelerometer RUA^,Accelerometer,20,0.6666666666666666,False
S1,S1-ADL3,Accelerometer RUA^,Accelerometer,79,2.6333333333333333,False
S1,S1-ADL3,Accelerometer RUA^,Accelerometer,20,0.6666666666666666,False
S1,S1-ADL3,Accelerometer RUA^,Accelerometer,20,0.6666666666666666,False
S1,S1-ADL3,Accelerometer RUA^,Accelerometer,20,0.6666666666666666,False
S1,S1-ADL3,Accelerometer RUA^,Accelerometer,20,0.6666666666666666,False
S1,S1-ADL3,Accelerometer RUA^,Accelerometer,20,0.6666666666666666,False
S1,S1-ADL3,Accelerometer RUA^,Accelerometer,20,0.6666666666666666,False
S1,S1-ADL3,Accelerometer RUA^,Accelerometer,20,0.6666666666666666,False
S1,S1-ADL3,Accelerometer RUA^,Accelerometer,21,0.7,False
S1,S1-ADL3,Accelerometer RUA^,Accelerometer,20,0.6666666666666666,False
S1,S1-ADL3,Accelerometer RUA^,Accelerometer,793,26.433333333333334,True
S1,S1-ADL3,Accelerometer LUA_,Accelerometer,20,0.6666666666666666,False
S1,S1-ADL3,Accelerometer LUA_,Accelerometer,19,0.6333333333333333,False
S1,S1-ADL3,Accelerometer LUA_,Accelerometer,21,0.7,False
S1,S1-ADL3,Accelerometer LUA_,Accelerometer,21,0.7,False
S1,S1-ADL3,Accelerometer LUA_,Accelerometer,21,0.7,False
S1,S1-ADL3,Accelerometer LUA_,Accelerometer,20,0.6666666666666666,False
S1,S1-ADL3,Accelerometer LUA_,Accelerometer,19,0.6333333333333333,False
S1,S1-ADL3,Accelerometer LUA_,Accelerometer,20,0.6666666666666666,False
S1,S1-ADL3,Accelerometer LUA_,Accelerometer,20,0.6666666666666666,False
S1,S1-ADL3,Accelerometer LUA_,Accelerometer,19,0.6333333333333333,False
S1,S1-ADL3,Accelerometer LUA_,Accelerometer,21,0.7,False
S1,S1-ADL3,Accelerometer LUA_,Accelerometer,795,26.5,True
S1,S1-ADL3,Accelerometer LWR,Accelerometer,20,0.6666666666666666,False
S1,S1-ADL3,Accelerometer LWR,Accelerometer,21,0.7,False
S1,S1-ADL3,Accelerometer LWR,Accelerometer,21,0.7,False
S1,S1-ADL3,Accelerometer LWR,Accelerometer,20,0.6666666666666666,False
S1,S1-ADL3,Accelerometer LWR,Accelerometer,21,0.7,False
S1,S1-ADL3,Accelerometer LWR,Accelerometer,19,0.6333333333333333,False
S1,S1-ADL3,Accelerometer LWR,Accelerometer,159,5.3,False
S1,S1-ADL3,Accelerometer LWR,Accelerometer,20,0.6666666666666666,False
S1,S1-ADL3,Accelerometer LWR,Accelerometer,20,0.6666666666666666,False
S1,S1-ADL3,Accelerometer LWR,Accelerometer,21,0.7,False
S1,S1-ADL3,Accelerometer LWR,Accelerometer,21,0.7,False
S1,S1-ADL3,Accelerometer LWR,Accelerometer,20,0.6666666666666666,False
S1,S1-ADL3,Accelerometer LWR,Accelerometer,21,0.7,False
S1,S1-ADL3,Accelerometer LWR,Accelerometer,20,0.6666666666666666,False
S1,S1-ADL3,Accelerometer LWR,Accelerometer,794,26.466666666666665,True
S1,S1-ADL3,Accelerometer RH,Accelerometer,32480,1082.6666666666667,True
S1,S1-ADL3,Accelerometer RH,Accelerometer,792,26.4,True
S1,S1-ADL3,InertialMeasurementUnit BACK,InertialMeasurementUnit,773,25.766666666666666,True
S1,S1-ADL3,InertialMeasurementUnit RUA,InertialMeasurementUnit,773,25.766666666666666,True
S1,S1-ADL3,InertialMeasurementUnit RLA,InertialMeasurementUnit,773,25.766666666666666,True
S1,S1-ADL3,InertialMeasurementUnit LUA,InertialMeasurementUnit,773,25.766666666666666,True
S1,S1-ADL3,InertialMeasurementUnit LLA,InertialMeasurementUnit,773,25.766666666666666,True
S1,S1-ADL4,Accelerometer RKN^,Accelerometer,161,5.366666666666666,False
S1,S1-ADL4,Accelerometer RKN^,Accelerometer,49,1.6333333333333333,False
S1,S1-ADL4,Accelerometer RKN^,Accelerometer,193,6.433333333333334,False
S1,S1-ADL4,Accelerometer RKN^,Accelerometer,302,10.066666666666666,True
S1,S1-ADL4,Accelerometer HIP,Accelerometer,19,0.6333333333333333,False
S1,S1-ADL4,Accelerometer HIP,Accelerometer,295,9.833333333333334,True
S1,S1-ADL4,Accelerometer LUA^,Accelerometer,21,0.7,False
S1,S1-ADL4,Accelerometer LUA^,Accelerometer,21,0.7,False
S1,S1-ADL4,Accelerometer LUA^,Accelerometer,21,0.7,False
S1,S1-ADL4,Accelerometer LUA^,Accelerometer,20,0.6666666666666666,False
S1,S1-ADL4,Accelerometer LUA^,Accelerometer,20,0.6666666666666666,False
S1,S1-ADL4,Accelerometer LUA^,Accelerometer,21,0.7,False
S1,S1-ADL4,Accelerometer LUA^,Accelerometer,21,0.7,False
S1,S1-ADL4,Accelerometer LUA^,Accelerometer,21,0.7,False
S1,S1-ADL4,Accelerometer LUA^,Accelerometer,20,0.6666666666666666,False
S1,S1-ADL4,Accelerometer LUA^,Accelerometer,20,0.6666666666666666,False
S1,S1-ADL4,Accelerometer LUA^,Accelerometer,295,9.833333333333334,True
S1,S1-ADL4,Accelerometer RUA_,Accelerometer,19,0.6333333333333333,False
S1,S1-ADL4,Accelerometer RUA_,Accelerometer,20,0.6666666666666666,False
S1,S1-ADL4,Accelerometer RUA_,Accelerometer,20,0.6666666666666666,False
S1,S1-ADL4,Accelerometer RUA_,Accelerometer,21,0.7,False
S1,S1-ADL4,Accelerometer RUA_,Accelerometer,20,0.6666666666666666,False
S1,S1-ADL4,Accelerometer RUA_,Accelerometer,20,0.6666666666666666,False
S1,S1-ADL4,Accelerometer RUA_,Accelerometer,19,0.6333333333333333,False
S1,S1-ADL4,Accelerometer RUA_,Accelerometer,19,0.6333333333333333,False
S1,S1-ADL4,Accelerometer RUA_,Accelerometer,20,0.6666666666666666,False
S1,S1-ADL4,Accelerometer RUA_,Accelerometer,20,0.6666666666666666,False
S1,S1-ADL4,Accelerometer RUA_,Accelerometer,20,0.6666666666666666,False
S1,S1-ADL4,Accelerometer RUA_,Accelerometer,20,0.6666666666666666,False
S1,S1-ADL4,Accelerometer RUA_,Accelerometer,20,0.6666666666666666,False
S1,S1-ADL4,Accelerometer RUA_,Accelerometer,19,0.6333333333333333,False
S1,S1-ADL4,Accelerometer RUA_,Accelerometer,20,0.6666666666666666,False
S1,S1-ADL4,Accelerometer RUA_,Accelerometer,295,9.833333333333334,True
S1,S1-ADL4,Accelerometer LH,Accelerometer,20,0.6666666666666666,False
S1,S1-ADL4,Accelerometer LH,Accelerometer,24,0.8,False
S1,S1-ADL4,Accelerometer LH,Accelerometer,22,0.7333333333333333,False
S1,S1-ADL4,Accelerometer LH,Accelerometer,20,0.6666666666666666,False
S1,S1-ADL4,Accelerometer LH,Accelerometer,23,0.7666666666666667,False
S1,S1-ADL4,Accelerometer LH,Accelerometer,22,0.7333333333333333,False
S1,S1-ADL4,Accelerometer LH,Accelerometer,21,0.7,False
S1,S1-ADL4,Accelerometer LH,Accelerometer,29,0.9666666666666667,False
S1,S1-ADL4,Accelerometer LH,Accelerometer,657,21.9,False
S1,S1-ADL4,Accelerometer LH,Accelerometer,294,9.8,True
S1,S1-ADL4,Accelerometer BACK,Accelerometer,294,9.8,True
S1,S1-ADL4,Accelerometer RKN_,Accelerometer,20,0.6666666666666666,False
S1,S1-ADL4,Accelerometer RKN_,Accelerometer,33,1.1,False
S1,S1-ADL4,Accelerometer RKN_,Accelerometer,20,0.6666666666666666,False
S1,S1-ADL4,Accelerometer RKN_,Accelerometer,20,0.6666666666666666,False
S1,S1-ADL4,Accelerometer RKN_,Accelerometer,20,0.6666666666666666,False
S1,S1-ADL4,Accelerometer RKN_,Accelerometer,19,0.6333333333333333,False
S1,S1-ADL4,Accelerometer RKN_,Accelerometer,20,0.6666666666666666,False
S1,S1-ADL4,Accelerometer RKN_,Accelerometer,20,0.6666666666666666,False
S1,S1-ADL4,Accelerometer RKN_,Accelerometer,20,0.6666666666666666,False
S1,S1-ADL4,Accelerometer RKN_,Accelerometer,19,0.6333333333333333,False
S1,S1-ADL4,Accelerometer RKN_,Accelerometer,20,0.6666666666666666,False
S1,S1-ADL4,Accelerometer RKN_,Accelerometer,20,0.6666666666666666,False
S1,S1-ADL4,Accelerometer RKN_,Accelerometer,20,0.6666666666666666,False
S1,S1-ADL4,Accelerometer RKN_,Accelerometer,20,0.6666666666666666,False
S1,S1-ADL4,Accelerometer RKN_,Accelerometer,20,0.6666666666666666,False
S1,S1-ADL4,Accelerometer RKN_,Accelerometer,20,0.6666666666666666,False
S1,S1-ADL4,Accelerometer RKN_,Accelerometer,21,0.7,False
S1,S1-ADL4,Accelerometer RKN_,Accelerometer,19,0.6333333333333333,False
S1,S1-ADL4,Accelerometer RKN_,Accelerometer,20,0.6666666666666666,False
S1,S1-ADL4,Accelerometer RKN_,Accelerometer,20,0.6666666666666666,False
S1,S1-ADL4,Accelerometer RKN_,Accelerometer,20,0.6666666666666666,False
S1,S1-ADL4,Accelerometer RKN_,Accelerometer,20,0.6666666666666666,False
S1,S1-ADL4,Accelerometer RKN_,Accelerometer,20,0.6666666666666666,False
S1,S1-ADL4,Accelerometer RKN_,Accelerometer,20,0.6666666666666666,False
S1,S1-ADL4,Accelerometer RKN_,Accelerometer,20,0.6666666666666666,False
S1,S1-ADL4,Accelerometer RKN_,Accelerometer,20,0.6666666666666666,False
S1,S1-ADL4,Accelerometer RKN_,Accelerometer,20,0.6666666666666666,False
S1,S1-ADL4,Accelerometer RKN_,Accelerometer,20,0.6666666666666666,False
S1,S1-ADL4,Accelerometer RKN_,Accelerometer,20,0.6666666666666666,False
S1,S1-ADL4,Accelerometer RKN_,Accelerometer,19,0.6333333333333333,False
S1,S1-ADL4,Accelerometer RKN_,Accelerometer,20,0.6666666666666666,False
S1,S1-ADL4,Accelerometer RKN_,Accelerometer,20,0.6666666666666666,False
S1,S1-ADL4,Accelerometer RKN_,Accelerometer,20,0.6666666666666666,False
S1,S1-ADL4,Accelerometer RKN_,Accelerometer,20,0.6666666666666666,False
S1,S1-ADL4,Accelerometer RKN_,Accelerometer,20,0.6666666666666666,False
S1,S1-ADL4,Accelerometer RKN_,Accelerometer,20,0.6666666666666666,False
S1,S1-ADL4,Accelerometer RKN_,Accelerometer,20,0.6666666666666666,False
S1,S1-ADL4,Accelerometer RKN_,Accelerometer,20,0.6666666666666666,False
S1,S1-ADL4,Accelerometer RKN_,Accelerometer,20,0.6666666666666666,False
S1,S1-ADL4,Accelerometer RKN_,Accelerometer,20,0.6666666666666666,False
S1,S1-ADL4,Accelerometer RKN_,Accelerometer,20,0.6666666666666666,False
S1,S1-ADL4,Accelerometer RKN_,Accelerometer,19,0.6333333333333333,False
S1,S1-ADL4,Accelerometer RKN_,Accelerometer,20,0.6666666666666666,False
S1,S1-ADL4,Accelerometer RKN_,Accelerometer,20,0.6666666666666666,False
S1,S1-ADL4,Accelerometer RKN_,Accelerometer,19,0.6333333333333333,False
S1,S1-ADL4,Accelerometer RKN_,Accelerometer,20,0.6666666666666666,False
S1,S1-ADL4,Accelerometer RKN_,Accelerometer,19,0.6333333333333333,False
S1,S1-ADL4,Accelerometer RKN_,Accelerometer,19,0.6333333333333333,False
S1,S1-ADL4,Accelerometer RKN_,Accelerometer,295,9.833333333333334,True
S1,S1-ADL4,Accelerometer RWR,Accelerometer,21,0.7,False
S1,S1-ADL4,Accelerometer RWR,Accelerometer,22,0.7333333333333333,False
S1,S1-ADL4,Accelerometer RWR,Accelerometer,21,0.7,False
S1,S1-ADL4,Accelerometer RWR,Accelerometer,20,0.6666666666666666,False
S1,S1-ADL4,Accelerometer RWR,Accelerometer,23,0.7666666666666667,False
S1,S1-ADL4,Accelerometer RWR,Accelerometer,22,0.7333333333333333,False
S1,S1-ADL4,Accelerometer RWR,Accelerometer,20,0.6666666666666666,False
S1,S1-ADL4,Accelerometer RWR,Accelerometer,20,0.6666666666666666,False
S1,S1-ADL4,Accelerometer RWR,Accelerometer,21,0.7,False
S1,S1-ADL4,Accelerometer RWR,Accelerometer,26,0.8666666666666667,False
S1,S1-ADL4,Accelerometer RWR,Accelerometer,20,0.6666666666666666,False
S1,S1-ADL4,Accelerometer RWR,Accelerometer,20,0.6666666666666666,False
S1,S1-ADL4,Accelerometer RWR,Accelerometer,20,0.6666666666666666,False
S1,S1-ADL4,Accelerometer RWR,Accelerometer,24,0.8,False
S1,S1-ADL4,Accelerometer RWR,Accelerometer,20,0.6666666666666666,False
S1,S1-ADL4,Accelerometer RWR,Accelerometer,20,0.6666666666666666,False
S1,S1-ADL4,Accelerometer RWR,Accelerometer,20,0.6666666666666666,False
S1,S1-ADL4,Accelerometer RWR,Accelerometer,20,0.6666666666666666,False
S1,S1-ADL4,Accelerometer RWR,Accelerometer,20,0.6666666666666666,False
S1,S1-ADL4,Accelerometer RWR,Accelerometer,20,0.6666666666666666,False
S1,S1-ADL4,Accelerometer RWR,Accelerometer,20,0.6666666666666666,False
S1,S1-ADL4,Accelerometer RWR,Accelerometer,20,0.6666666666666666,False
S1,S1-ADL4,Accelerometer RWR,Accelerometer,20,0.6666666666666666,False
S1,S1-ADL4,Accelerometer RWR,Accelerometer,20,0.6666666666666666,False
S1,S1-ADL4,Accelerometer RWR,Accelerometer,20,0.6666666666666666,False
S1,S1-ADL4,Accelerometer RWR,Accelerometer,33,1.1,False
S1,S1-ADL4,Accelerometer RWR,Accelerometer,20,0.6666666666666666,False
S1,S1-ADL4,Accelerometer RWR,Accelerometer,20,0.6666666666666666,False
S1,S1-ADL4,Accelerometer RWR,Accelerometer,20,0.6666666666666666,False
S1,S1-ADL4,Accelerometer RWR,Accelerometer,20,0.6666666666666666,False
S1,S1-ADL4,Accelerometer RWR,Accelerometer,20,0.6666666666666666,False
S1,S1-ADL4,Accelerometer RWR,Accelerometer,22,0.7333333333333333,False
S1,S1-ADL4,Accelerometer RWR,Accelerometer,19,0.6333333333333333,False
S1,S1-ADL4,Accelerometer RWR,Accelerometer,20,0.6666666666666666,False
S1,S1-ADL4,Accelerometer RWR,Accelerometer,20,0.6666666666666666,False
S1,S1-ADL4,Accelerometer RWR,Accelerometer,20,0.6666666666666666,False
S1,S1-ADL4,Accelerometer RWR,Accelerometer,11,0.36666666666666664,False
S1,S1-ADL4,Accelerometer RWR,Accelerometer,852,28.4,True
S1,S1-ADL4,Accelerometer RUA^,Accelerometer,20,0.6666666666666666,False
S1,S1-ADL4,Accelerometer RUA^,Accelerometer,20,0.6666666666666666,False
S1,S1-ADL4,Accelerometer RUA^,Accelerometer,19,0.6333333333333333,False
S1,S1-ADL4,Accelerometer RUA^,Accelerometer,20,0.6666666666666666,False
S1,S1-ADL4,Accelerometer RUA^,Accelerometer,19,0.6333333333333333,False
S1,S1-ADL4,Accelerometer RUA^,Accelerometer,21,0.7,False
S1,S1-ADL4,Accelerometer RUA^,Accelerometer,20,0.6666666666666666,False
S1,S1-ADL4,Accelerometer RUA^,Accelerometer,20,0.6666666666666666,False
S1,S1-ADL4,Accelerometer RUA^,Accelerometer,20,0.6666666666666666,False
S1,S1-ADL4,Accelerometer RUA^,Accelerometer,20,0.6666666666666666,False
S1,S1-ADL4,Accelerometer RUA^,Accelerometer,279,9.3,True
S1,S1-ADL4,Accelerometer LUA_,Accelerometer,21,0.7,False
S1,S1-ADL4,Accelerometer LUA_,Accelerometer,21,0.7,False
S1,S1-ADL4,Accelerometer LUA_,Accelerometer,20,0.6666666666666666,False
S1,S1-ADL4,Accelerometer LUA_,Accelerometer,21,0.7,False
S1,S1-ADL4,Accelerometer LUA_,Accelerometer,19,0.6333333333333333,False
S1,S1-ADL4,Accelerometer LUA_,Accelerometer,19,0.6333333333333333,False
S1,S1-ADL4,Accelerometer LUA_,Accelerometer,20,0.6666666666666666,False
S1,S1-ADL4,Accelerometer LUA_,Accelerometer,21,0.7,False
S1,S1-ADL4,Accelerometer LUA_,Accelerometer,19,0.6333333333333333,False
S1,S1-ADL4,Accelerometer LUA_,Accelerometer,20,0.6666666666666666,False
S1,S1-ADL4,Accelerometer LUA_,Accelerometer,21,0.7,False
S1,S1-ADL4,Accelerometer LUA_,Accelerometer,279,9.3,True
S1,S1-ADL4,Accelerometer LWR,Accelerometer,20,0.6666666666666666,False
S1,S1-ADL4,Accelerometer LWR,Accelerometer,21,0.7,False
S1,S1-ADL4,Accelerometer LWR,Accelerometer,20,0.6666666666666666,False
S1,S1-ADL4,Accelerometer LWR,Accelerometer,20,0.6666666666666666,False
S1,S1-ADL4,Accelerometer LWR,Accelerometer,20,0.6666666666666666,False
S1,S1-ADL4,Accelerometer LWR,Accelerometer,20,0.6666666666666666,False
S1,S1-ADL4,Accelerometer LWR,Accelerometer,20,0.6666666666666666,False
S1,S1-ADL4,Accelerometer LWR,Accelerometer,21,0.7,False
S1,S1-ADL4,Accelerometer LWR,Accelerometer,20,0.6666666666666666,False
S1,S1-ADL4,Accelerometer LWR,Accelerometer,20,0.6666666666666666,False
S1,S1-ADL4,Accelerometer LWR,Accelerometer,278,9.266666666666667,True
S1,S1-ADL4,Accelerometer RH,Accelerometer,32678,1089.2666666666667,True
S1,S1-ADL4,Accelerometer RH,Accelerometer,276,9.2,True
S1,S1-ADL4,InertialMeasurementUnit BACK,InertialMeasurementUnit,256,8.533333333333333,True
S1,S1-ADL4,InertialMeasurementUnit RUA,InertialMeasurementUnit,256,8.533333333333333,True
S1,S1-ADL4,InertialMeasurementUnit RLA,InertialMeasurementUnit,256,8.533333333333333,True
S1,S1-ADL4,InertialMeasurementUnit LUA,InertialMeasurementUnit,256,8.533333333333333,True
S1,S1-ADL4,InertialMeasurementUnit LLA,InertialMeasurementUnit,256,8.533333333333333,True
S1,S1-ADL5,Accelerometer RKN^,Accelerometer,19,0.6333333333333333,False
S1,S1-ADL5,Accelerometer RKN^,Accelerometer,20,0.6666666666666666,False
S1,S1-ADL5,Accelerometer RKN^,Accelerometer,20,0.6666666666666666,False
S1,S1-ADL5,Accelerometer RKN^,Accelerometer,20,0.6666666666666666,False
S1,S1-ADL5,Accelerometer RKN^,Accelerometer,20,0.6666666666666666,False
S1,S1-ADL5,Accelerometer RKN^,Accelerometer,20,0.6666666666666666,False
S1,S1-ADL5,Accelerometer RKN^,Accelerometer,20,0.6666666666666666,False
S1,S1-ADL5,Accelerometer RKN^,Accelerometer,23,0.7666666666666667,False
S1,S1-ADL5,Accelerometer RKN^,Accelerometer,20,0.6666666666666666,False
S1,S1-ADL5,Accelerometer RKN^,Accelerometer,20,0.6666666666666666,False
S1,S1-ADL5,Accelerometer RKN^,Accelerometer,20,0.6666666666666666,False
S1,S1-ADL5,Accelerometer RKN^,Accelerometer,20,0.6666666666666666,False
S1,S1-ADL5,Accelerometer RKN^,Accelerometer,20,0.6666666666666666,False
S1,S1-ADL5,Accelerometer RKN^,Accelerometer,24,0.8,False
S1,S1-ADL5,Accelerometer RKN^,Accelerometer,21,0.7,False
S1,S1-ADL5,Accelerometer RKN^,Accelerometer,20,0.6666666666666666,False
S1,S1-ADL5,Accelerometer RKN^,Accelerometer,19,0.6333333333333333,False
S1,S1-ADL5,Accelerometer RKN^,Accelerometer,19,0.6333333333333333,False
S1,S1-ADL5,Accelerometer RKN^,Accelerometer,20,0.6666666666666666,False
S1,S1-ADL5,Accelerometer RKN^,Accelerometer,23,0.7666666666666667,False
S1,S1-ADL5,Accelerometer RKN^,Accelerometer,19,0.6333333333333333,False
S1,S1-ADL5,Accelerometer RKN^,Accelerometer,19,0.6333333333333333,False
S1,S1-ADL5,Accelerometer RKN^,Accelerometer,20,0.6666666666666666,False
S1,S1-ADL5,Accelerometer RKN^,Accelerometer,20,0.6666666666666666,False
S1,S1-ADL5,Accelerometer RKN^,Accelerometer,19,0.6333333333333333,False
S1,S1-ADL5,Accelerometer RKN^,Accelerometer,20,0.6666666666666666,False
S1,S1-ADL5,Accelerometer RKN^,Accelerometer,20,0.6666666666666666,False
S1,S1-ADL5,Accelerometer RKN^,Accelerometer,19,0.6333333333333333,False
S1,S1-ADL5,Accelerometer RKN^,Accelerometer,20,0.6666666666666666,False
S1,S1-ADL5,Accelerometer RKN^,Accelerometer,19,0.6333333333333333,False
S1,S1-ADL5,Accelerometer RKN^,Accelerometer,34,1.1333333333333333,False
S1,S1-ADL5,Accelerometer RKN^,Accelerometer,20,0.6666666666666666,False
S1,S1-ADL5,Accelerometer RKN^,Accelerometer,20,0.6666666666666666,False
S1,S1-ADL5,Accelerometer RKN^,Accelerometer,20,0.6666666666666666,False
S1,S1-ADL5,Accelerometer RKN^,Accelerometer,24,0.8,False
S1,S1-ADL5,Accelerometer RKN^,Accelerometer,21,0.7,False
S1,S1-ADL5,Accelerometer RKN^,Accelerometer,19,0.6333333333333333,False
S1,S1-ADL5,Accelerometer RKN^,Accelerometer,20,0.6666666666666666,False
S1,S1-ADL5,Accelerometer RKN^,Accelerometer,20,0.6666666666666666,False
S1,S1-ADL5,Accelerometer RKN^,Accelerometer,21,0.7,False
S1,S1-ADL5,Accelerometer RKN^,Accelerometer,20,0.6666666666666666,False
S1,S1-ADL5,Accelerometer RKN^,Accelerometer,19,0.6333333333333333,False
S1,S1-ADL5,Accelerometer RKN^,Accelerometer,20,0.6666666666666666,False
S1,S1-ADL5,Accelerometer RKN^,Accelerometer,20,0.6666666666666666,False
S1,S1-ADL5,Accelerometer RKN^,Accelerometer,19,0.6333333333333333,False
S1,S1-ADL5,Accelerometer RKN^,Accelerometer,20,0.6666666666666666,False
S1,S1-ADL5,Accelerometer RKN^,Accelerometer,20,0.6666666666666666,False
S1,S1-ADL5,Accelerometer RKN^,Accelerometer,19,0.6333333333333333,False
S1,S1-ADL5,Accelerometer RKN^,Accelerometer,19,0.6333333333333333,False
S1,S1-ADL5,Accelerometer RKN^,Accelerometer,20,0.6666666666666666,False
S1,S1-ADL5,Accelerometer RKN^,Accelerometer,20,0.6666666666666666,False
S1,S1-ADL5,Accelerometer RKN^,Accelerometer,20,0.6666666666666666,False
S1,S1-ADL5,Accelerometer RKN^,Accelerometer,19,0.6333333333333333,False
S1,S1-ADL5,Accelerometer RKN^,Accelerometer,20,0.6666666666666666,False
S1,S1-ADL5,Accelerometer RKN^,Accelerometer,19,0.6333333333333333,False
S1,S1-ADL5,Accelerometer RKN^,Accelerometer,20,0.6666666666666666,False
S1,S1-ADL5,Accelerometer RKN^,Accelerometer,20,0.6666666666666666,False
S1,S1-ADL5,Accelerometer RKN^,Accelerometer,19,0.6333333333333333,False
S1,S1-ADL5,Accelerometer RKN^,Accelerometer,20,0.6666666666666666,False
S1,S1-ADL5,Accelerometer RKN^,Accelerometer,20,0.6666666666666666,False
S1,S1-ADL5,Accelerometer RKN^,Accelerometer,19,0.6333333333333333,False
S1,S1-ADL5,Accelerometer RKN^,Accelerometer,20,0.6666666666666666,False
S1,S1-ADL5,Accelerometer RKN^,Accelerometer,20,0.6666666666666666,False
S1,S1-ADL5,Accelerometer RKN^,Accelerometer,19,0.6333333333333333,False
S1,S1-ADL5,Accelerometer RKN^,Accelerometer,20,0.6666666666666666,False
S1,S1-ADL5,Accelerometer RKN^,Accelerometer,20,0.6666666666666666,False
S1,S1-ADL5,Accelerometer RKN^,Accelerometer,20,0.6666666666666666,False
S1,S1-ADL5,Accelerometer RKN^,Accelerometer,20,0.6666666666666666,False
S1,S1-ADL5,Accelerometer RKN^,Accelerometer,20,0.6666666666666666,False
S1,S1-ADL5,Accelerometer RKN^,Accelerometer,23,0.7666666666666667,False
S1,S1-ADL5,Accelerometer RKN^,Accelerometer,20,0.6666666666666666,False
S1,S1-ADL5,Accelerometer RKN^,Accelerometer,20,0.6666666666666666,False
S1,S1-ADL5,Accelerometer RKN^,Accelerometer,20,0.6666666666666666,False
S1,S1-ADL5,Accelerometer RKN^,Accelerometer,20,0.6666666666666666,False
S1,S1-ADL5,Accelerometer RKN^,Accelerometer,23,0.7666666666666667,False
S1,S1-ADL5,Accelerometer RKN^,Accelerometer,19,0.6333333333333333,False
S1,S1-ADL5,Accelerometer RKN^,Accelerometer,20,0.6666666666666666,False
S1,S1-ADL5,Accelerometer RKN^,Accelerometer,21,0.7,False
S1,S1-ADL5,Accelerometer RKN^,Accelerometer,24,0.8,False
S1,S1-ADL5,Accelerometer RKN^,Accelerometer,20,0.6666666666666666,False
S1,S1-ADL5,Accelerometer RKN^,Accelerometer,20,0.6666666666666666,False
S1,S1-ADL5,Accelerometer RKN^,Accelerometer,19,0.6333333333333333,False
S1,S1-ADL5,Accelerometer RKN^,Accelerometer,20,0.6666666666666666,False
S1,S1-ADL5,Accelerometer RKN^,Accelerometer,37,1.2333333333333334,False
S1,S1-ADL5,Accelerometer RKN^,Accelerometer,20,0.6666666666666666,False
S1,S1-ADL5,Accelerometer RKN^,Accelerometer,23,0.7666666666666667,False
S1,S1-ADL5,Accelerometer RKN^,Accelerometer,20,0.6666666666666666,False
S1,S1-ADL5,Accelerometer RKN^,Accelerometer,21,0.7,False
S1,S1-ADL5,Accelerometer RKN^,Accelerometer,20,0.6666666666666666,False
S1,S1-ADL5,Accelerometer RKN^,Accelerometer,19,0.6333333333333333,False
S1,S1-ADL5,Accelerometer RKN^,Accelerometer,19,0.6333333333333333,False
S1,S1-ADL5,Accelerometer RKN^,Accelerometer,21,0.7,False
S1,S1-ADL5,Accelerometer RKN^,Accelerometer,20,0.6666666666666666,False
S1,S1-ADL5,Accelerometer RKN^,Accelerometer,19,0.6333333333333333,False
S1,S1-ADL5,Accelerometer RKN^,Accelerometer,20,0.6666666666666666,False
S1,S1-ADL5,Accelerometer RKN^,Accelerometer,19,0.6333333333333333,False
S1,S1-ADL5,Accelerometer RKN^,Accelerometer,20,0.6666666666666666,False
S1,S1-ADL5,Accelerometer RKN^,Accelerometer,24,0.8,False
S1,S1-ADL5,Accelerometer RKN^,Accelerometer,19,0.6333333333333333,False
S1,S1-ADL5,Accelerometer RKN^,Accelerometer,23,0.7666666666666667,False
S1,S1-ADL5,Accelerometer RKN^,Accelerometer,20,0.6666666666666666,False
S1,S1-ADL5,Accelerometer RKN^,Accelerometer,20,0.6666666666666666,False
S1,S1-ADL5,Accelerometer RKN^,Accelerometer,109,3.6333333333333333,True
S1,S1-ADL5,Accelerometer HIP,Accelerometer,20,0.6666666666666666,False
S1,S1-ADL5,Accelerometer HIP,Accelerometer,20,0.6666666666666666,False
S1,S1-ADL5,Accelerometer HIP,Accelerometer,107,3.566666666666667,True
S1,S1-ADL5,Accelerometer LUA^,Accelerometer,21,0.7,False
S1,S1-ADL5,Accelerometer LUA^,Accelerometer,20,0.6666666666666666,False
S1,S1-ADL5,Accelerometer LUA^,Accelerometer,21,0.7,False
S1,S1-ADL5,Accelerometer LUA^,Accelerometer,21,0.7,False
S1,S1-ADL5,Accelerometer LUA^,Accelerometer,20,0.6666666666666666,False
S1,S1-ADL5,Accelerometer LUA^,Accelerometer,21,0.7,False
S1,S1-ADL5,Accelerometer LUA^,Accelerometer,20,0.6666666666666666,False
S1,S1-ADL5,Accelerometer LUA^,Accelerometer,20,0.6666666666666666,False
S1,S1-ADL5,Accelerometer LUA^,Accelerometer,20,0.6666666666666666,False
S1,S1-ADL5,Accelerometer LUA^,Accelerometer,20,0.6666666666666666,False
S1,S1-ADL5,Accelerometer LUA^,Accelerometer,104,3.466666666666667,True
S1,S1-ADL5,Accelerometer RUA_,Accelerometer,20,0.6666666666666666,False
S1,S1-ADL5,Accelerometer RUA_,Accelerometer,20,0.6666666666666666,False
S1,S1-ADL5,Accelerometer RUA_,Accelerometer,19,0.6333333333333333,False
S1,S1-ADL5,Accelerometer RUA_,Accelerometer,20,0.6666666666666666,False
S1,S1-ADL5,Accelerometer RUA_,Accelerometer,20,0.6666666666666666,False
S1,S1-ADL5,Accelerometer RUA_,Accelerometer,20,0.6666666666666666,False
S1,S1-ADL5,Accelerometer RUA_,Accelerometer,20,0.6666666666666666,False
S1,S1-ADL5,Accelerometer RUA_,Accelerometer,20,0.6666666666666666,False
S1,S1-ADL5,Accelerometer RUA_,Accelerometer,20,0.6666666666666666,False
S1,S1-ADL5,Accelerometer RUA_,Accelerometer,20,0.6666666666666666,False
S1,S1-ADL5,Accelerometer RUA_,Accelerometer,19,0.6333333333333333,False
S1,S1-ADL5,Accelerometer RUA_,Accelerometer,19,0.6333333333333333,False
S1,S1-ADL5,Accelerometer RUA_,Accelerometer,20,0.6666666666666666,False
S1,S1-ADL5,Accelerometer RUA_,Accelerometer,21,0.7,False
S1,S1-ADL5,Accelerometer RUA_,Accelerometer,20,0.6666666666666666,False
S1,S1-ADL5,Accelerometer RUA_,Accelerometer,102,3.4,True
S1,S1-ADL5,Accelerometer LH,Accelerometer,29386,979.5333333333333,True
S1,S1-ADL5,Accelerometer LH,Accelerometer,21,0.7,False
S1,S1-ADL5,Accelerometer LH,Accelerometer,20,0.6666666666666666,False
S1,S1-ADL5,Accelerometer LH,Accelerometer,21,0.7,False
S1,S1-ADL5,Accelerometer LH,Accelerometer,104,3.466666666666667,True
S1,S1-ADL5,Accelerometer BACK,Accelerometer,104,3.466666666666667,True
S1,S1-ADL5,Accelerometer RKN_,Accelerometer,19,0.6333333333333333,False
S1,S1-ADL5,Accelerometer RKN_,Accelerometer,20,0.6666666666666666,False
S1,S1-ADL5,Accelerometer RKN_,Accelerometer,20,0.6666666666666666,False
S1,S1-ADL5,Accelerometer RKN_,Accelerometer,20,0.6666666666666666,False
S1,S1-ADL5,Accelerometer RKN_,Accelerometer,19,0.6333333333333333,False
S1,S1-ADL5,Accelerometer RKN_,Accelerometer,19,0.6333333333333333,False
S1,S1-ADL5,Accelerometer RKN_,Accelerometer,20,0.6666666666666666,False
S1,S1-ADL5,Accelerometer RKN_,Accelerometer,20,0.6666666666666666,False
S1,S1-ADL5,Accelerometer RKN_,Accelerometer,19,0.6333333333333333,False
S1,S1-ADL5,Accelerometer RKN_,Accelerometer,19,0.6333333333333333,False
S1,S1-ADL5,Accelerometer RKN_,Accelerometer,20,0.6666666666666666,False
S1,S1-ADL5,Accelerometer RKN_,Accelerometer,19,0.6333333333333333,False
S1,S1-ADL5,Accelerometer RKN_,Accelerometer,20,0.6666666666666666,False
S1,S1-ADL5,Accelerometer RKN_,Accelerometer,20,0.6666666666666666,False
S1,S1-ADL5,Accelerometer RKN_,Accelerometer,20,0.6666666666666666,False
S1,S1-ADL5,Accelerometer RKN_,Accelerometer,20,0.6666666666666666,False
S1,S1-ADL5,Accelerometer RKN_,Accelerometer,20,0.6666666666666666,False
S1,S1-ADL5,Accelerometer RKN_,Accelerometer,20,0.6666666666666666,False
S1,S1-ADL5,Accelerometer RKN_,Accelerometer,20,0.6666666666666666,False
S1,S1-ADL5,Accelerometer RKN_,Accelerometer,20,0.6666666666666666,False
S1,S1-ADL5,Accelerometer RKN_,Accelerometer,20,0.6666666666666666,False
S1,S1-ADL5,Accelerometer RKN_,Accelerometer,20,0.6666666666666666,False
S1,S1-ADL5,Accelerometer RKN_,Accelerometer,20,0.6666666666666666,False
S1,S1-ADL5,Accelerometer RKN_,Accelerometer,20,0.6666666666666666,False
S1,S1-ADL5,Accelerometer RKN_,Accelerometer,20,0.6666666666666666,False
S1,S1-ADL5,Accelerometer RKN_,Accelerometer,19,0.6333333333333333,False
S1,S1-ADL5,Accelerometer RKN_,Accelerometer,20,0.6666666666666666,False
S1,S1-ADL5,Accelerometer RKN_,Accelerometer,20,0.6666666666666666,False
S1,S1-ADL5,Accelerometer RKN_,Accelerometer,19,0.6333333333333333,False
S1,S1-ADL5,Accelerometer RKN_,Accelerometer,20,0.6666666666666666,False
S1,S1-ADL5,Accelerometer RKN_,Accelerometer,20,0.6666666666666666,False
S1,S1-ADL5,Accelerometer RKN_,Accelerometer,20,0.6666666666666666,False
S1,S1-ADL5,Accelerometer RKN_,Accelerometer,20,0.6666666666666666,False
S1,S1-ADL5,Accelerometer RKN_,Accelerometer,103,3.433333333333333,True
S1,S1-ADL5,Accelerometer RWR,Accelerometer,22,0.7333333333333333,False
S1,S1-ADL5,Accelerometer RWR,Accelerometer,21,0.7,False
S1,S1-ADL5,Accelerometer RWR,Accelerometer,20,0.6666666666666666,False
S1,S1-ADL5,Accelerometer RWR,Accelerometer,20,0.6666666666666666,False
S1,S1-ADL5,Accelerometer RWR,Accelerometer,20,0.6666666666666666,False
S1,S1-ADL5,Accelerometer RWR,Accelerometer,19,0.6333333333333333,False
S1,S1-ADL5,Accelerometer RWR,Accelerometer,22,0.7333333333333333,False
S1,S1-ADL5,Accelerometer RWR,Accelerometer,20,0.6666666666666666,False
S1,S1-ADL5,Accelerometer RWR,Accelerometer,19,0.6333333333333333,False
S1,S1-ADL5,Accelerometer RWR,Accelerometer,21,0.7,False
S1,S1-ADL5,Accelerometer RWR,Accelerometer,20,0.6666666666666666,False
S1,S1-ADL5,Accelerometer RWR,Accelerometer,21,0.7,False
S1,S1-ADL5,Accelerometer RWR,Accelerometer,22,0.7333333333333333,False
S1,S1-ADL5,Accelerometer RWR,Accelerometer,20,0.6666666666666666,False
S1,S1-ADL5,Accelerometer RWR,Accelerometer,23,0.7666666666666667,False
S1,S1-ADL5,Accelerometer RWR,Accelerometer,21,0.7,False
S1,S1-ADL5,Accelerometer RWR,Accelerometer,20,0.6666666666666666,False
S1,S1-ADL5,Accelerometer RWR,Accelerometer,20,0.6666666666666666,False
S1,S1-ADL5,Accelerometer RWR,Accelerometer,19,0.6333333333333333,False
S1,S1-ADL5,Accelerometer RWR,Accelerometer,21,0.7,False
S1,S1-ADL5,Accelerometer RWR,Accelerometer,20,0.6666666666666666,False
S1,S1-ADL5,Accelerometer RWR,Accelerometer,20,0.6666666666666666,False
S1,S1-ADL5,Accelerometer RWR,Accelerometer,20,0.6666666666666666,False
S1,S1-ADL5,Accelerometer RWR,Accelerometer,20,0.6666666666666666,False
S1,S1-ADL5,Accelerometer RWR,Accelerometer,20,0.6666666666666666,False
S1,S1-ADL5,Accelerometer RWR,Accelerometer,19,0.6333333333333333,False
S1,S1-ADL5,Accelerometer RWR,Accelerometer,20,0.6666666666666666,False
S1,S1-ADL5,Accelerometer RWR,Accelerometer,20,0.6666666666666666,False
S1,S1-ADL5,Accelerometer RWR,Accelerometer,20,0.6666666666666666,False
S1,S1-ADL5,Accelerometer RWR,Accelerometer,20,0.6666666666666666,False
S1,S1-ADL5,Accelerometer RWR,Accelerometer,20,0.6666666666666666,False
S1,S1-ADL5,Accelerometer RWR,Accelerometer,20,0.6666666666666666,False
S1,S1-ADL5,Accelerometer RWR,Accelerometer,21,0.7,False
S1,S1-ADL5,Accelerometer RWR,Accelerometer,23,0.7666666666666667,False
S1,S1-ADL5,Accelerometer RWR,Accelerometer,20,0.6666666666666666,False
S1,S1-ADL5,Accelerometer RWR,Accelerometer,20,0.6666666666666666,False
S1,S1-ADL5,Accelerometer RWR,Accelerometer,20,0.6666666666666666,False
S1,S1-ADL5,Accelerometer RWR,Accelerometer,20,0.6666666666666666,False
S1,S1-ADL5,Accelerometer RWR,Accelerometer,23,0.7666666666666667,False
S1,S1-ADL5,Accelerometer RWR,Accelerometer,20,0.6666666666666666,False
S1,S1-ADL5,Accelerometer RWR,Accelerometer,20,0.6666666666666666,False
S1,S1-ADL5,Accelerometer RWR,Accelerometer,23,0.7666666666666667,False
S1,S1-ADL5,Accelerometer RWR,Accelerometer,21,0.7,False
S1,S1-ADL5,Accelerometer RWR,Accelerometer,21,0.7,False
S1,S1-ADL5,Accelerometer RWR,Accelerometer,22,0.7333333333333333,False
S1,S1-ADL5,Accelerometer RWR,Accelerometer,102,3.4,True
S1,S1-ADL5,Accelerometer RUA^,Accelerometer,20,0.6666666666666666,False
S1,S1-ADL5,Accelerometer RUA^,Accelerometer,20,0.6666666666666666,False
S1,S1-ADL5,Accelerometer RUA^,Accelerometer,20,0.6666666666666666,False
S1,S1-ADL5,Accelerometer RUA^,Accelerometer,20,0.6666666666666666,False
S1,S1-ADL5,Accelerometer RUA^,Accelerometer,28,0.9333333333333333,False
S1,S1-ADL5,Accelerometer RUA^,Accelerometer,20,0.6666666666666666,False
S1,S1-ADL5,Accelerometer RUA^,Accelerometer,20,0.6666666666666666,False
S1,S1-ADL5,Accelerometer RUA^,Accelerometer,21,0.7,False
S1,S1-ADL5,Accelerometer RUA^,Accelerometer,20,0.6666666666666666,False
S1,S1-ADL5,Accelerometer RUA^,Accelerometer,20,0.6666666666666666,False
S1,S1-ADL5,Accelerometer RUA^,Accelerometer,101,3.3666666666666667,True
S1,S1-ADL5,Accelerometer LUA_,Accelerometer,21,0.7,False
S1,S1-ADL5,Accelerometer LUA_,Accelerometer,21,0.7,False
S1,S1-ADL5,Accelerometer LUA_,Accelerometer,20,0.6666666666666666,False
S1,S1-ADL5,Accelerometer LUA_,Accelerometer,19,0.6333333333333333,False
S1,S1-ADL5,Accelerometer LUA_,Accelerometer,811,27.033333333333335,False
S1,S1-ADL5,Accelerometer LUA_,Accelerometer,21,0.7,False
S1,S1-ADL5,Accelerometer LUA_,Accelerometer,20,0.6666666666666666,False
S1,S1-ADL5,Accelerometer LUA_,Accelerometer,21,0.7,False
S1,S1-ADL5,Accelerometer LUA_,Accelerometer,20,0.6666666666666666,False
S1,S1-ADL5,Accelerometer LUA_,Accelerometer,100,3.3333333333333335,True
S1,S1-ADL5,Accelerometer LWR,Accelerometer,20,0.6666666666666666,False
S1,S1-ADL5,Accelerometer LWR,Accelerometer,20,0.6666666666666666,False
S1,S1-ADL5,Accelerometer LWR,Accelerometer,20,0.6666666666666666,False
S1,S1-ADL5,Accelerometer LWR,Accelerometer,20,0.6666666666666666,False
S1,S1-ADL5,Accelerometer LWR,Accelerometer,20,0.6666666666666666,False
S1,S1-ADL5,Accelerometer LWR,Accelerometer,19,0.6333333333333333,False
S1,S1-ADL5,Accelerometer LWR,Accelerometer,20,0.6666666666666666,False
S1,S1-ADL5,Accelerometer LWR,Accelerometer,21,0.7,False
S1,S1-ADL5,Accelerometer LWR,Accelerometer,21,0.7,False
S1,S1-ADL5,Accelerometer LWR,Accelerometer,20,0.6666666666666666,False
S1,S1-ADL5,Accelerometer LWR,Accelerometer,19,0.6333333333333333,False
S1,S1-ADL5,Accelerometer LWR,Accelerometer,100,3.3333333333333335,True
S1,S1-ADL5,Accelerometer RH,Accelerometer,30026,1000.8666666666667,True
S1,S1-ADL5,Accelerometer RH,Accelerometer,100,3.3333333333333335,True
S1,S1-ADL5,InertialMeasurementUnit BACK,InertialMeasurementUnit,79,2.6333333333333333,True
S1,S1-ADL5,InertialMeasurementUnit RUA,InertialMeasurementUnit,79,2.6333333333333333,True
S1,S1-ADL5,InertialMeasurementUnit RLA,InertialMeasurementUnit,79,2.6333333333333333,True
S1,S1-ADL5,InertialMeasurementUnit LUA,InertialMeasurementUnit,79,2.6333333333333333,True
S1,S1-ADL5,InertialMeasurementUnit LLA,InertialMeasurementUnit,79,2.6333333333333333,True
S1,S1-Drill,Accelerometer RKN^,Accelerometer,20,0.6666666666666666,False
S1,S1-Drill,Accelerometer RKN^,Accelerometer,20,0.6666666666666666,False
S1,S1-Drill,Accelerometer RKN^,Accelerometer,20,0.6666666666666666,False
S1,S1-Drill,Accelerometer RKN^,Accelerometer,50,1.6666666666666667,False
S1,S1-Drill,Accelerometer RKN^,Accelerometer,50,1.6666666666666667,False
S1,S1-Drill,Accelerometer RKN^,Accelerometer,20,0.6666666666666666,False
S1,S1-Drill,Accelerometer RKN^,Accelerometer,20,0.6666666666666666,False
S1,S1-Drill,Accelerometer RKN^,Accelerometer,20,0.6666666666666666,False
S1,S1-Drill,Accelerometer RKN^,Accelerometer,20,0.6666666666666666,False
S1,S1-Drill,Accelerometer RKN^,Accelerometer,33,1.1,False
S1,S1-Drill,Accelerometer RKN^,Accelerometer,20,0.6666666666666666,False
S1,S1-Drill,Accelerometer RKN^,Accelerometer,20,0.6666666666666666,False
S1,S1-Drill,Accelerometer RKN^,Accelerometer,19,0.6333333333333333,False
S1,S1-Drill,Accelerometer RKN^,Accelerometer,21,0.7,False
S1,S1-Drill,Accelerometer RKN^,Accelerometer,20,0.6666666666666666,False
S1,S1-Drill,Accelerometer RKN^,Accelerometer,20,0.6666666666666666,False
S1,S1-Drill,Accelerometer RKN^,Accelerometer,20,0.6666666666666666,False
S1,S1-Drill,Accelerometer RKN^,Accelerometer,19,0.6333333333333333,False
S1,S1-Drill,Accelerometer RKN^,Accelerometer,20,0.6666666666666666,False
S1,S1-Drill,Accelerometer RKN^,Accelerometer,23,0.7666666666666667,False
S1,S1-Drill,Accelerometer RKN^,Accelerometer,20,0.6666666666666666,False
S1,S1-Drill,Accelerometer RKN^,Accelerometer,19,0.6333333333333333,False
S1,S1-Drill,Accelerometer RKN^,Accelerometer,20,0.6666666666666666,False
S1,S1-Drill,Accelerometer RKN^,Accelerometer,20,0.6666666666666666,False
S1,S1-Drill,Accelerometer RKN^,Accelerometer,20,0.6666666666666666,False
S1,S1-Drill,Accelerometer RKN^,Accelerometer,20,0.6666666666666666,False
S1,S1-Drill,Accelerometer RKN^,Accelerometer,20,0.6666666666666666,False
S1,S1-Drill,Accelerometer RKN^,Accelerometer,23,0.7666666666666667,False
S1,S1-Drill,Accelerometer RKN^,Accelerometer,20,0.6666666666666666,False
S1,S1-Drill,Accelerometer RKN^,Accelerometer,20,0.6666666666666666,False
S1,S1-Drill,Accelerometer RKN^,Accelerometer,21,0.7,False
S1,S1-Drill,Accelerometer RKN^,Accelerometer,20,0.6666666666666666,False
S1,S1-Drill,Accelerometer RKN^,Accelerometer,19,0.6333333333333333,False
S1,S1-Drill,Accelerometer RKN^,Accelerometer,20,0.6666666666666666,False
S1,S1-Drill,Accelerometer RKN^,Accelerometer,19,0.6333333333333333,False
S1,S1-Drill,Accelerometer RKN^,Accelerometer,20,0.6666666666666666,False
S1,S1-Drill,Accelerometer RKN^,Accelerometer,20,0.6666666666666666,False
S1,S1-Drill,Accelerometer RKN^,Accelerometer,23,0.7666666666666667,False
S1,S1-Drill,Accelerometer RKN^,Accelerometer,36,1.2,False
S1,S1-Drill,Accelerometer RKN^,Accelerometer,37,1.2333333333333334,False
S1,S1-Drill,Accelerometer RKN^,Accelerometer,21,0.7,False
S1,S1-Drill,Accelerometer RKN^,Accelerometer,34,1.1333333333333333,False
S1,S1-Drill,Accelerometer RKN^,Accelerometer,20,0.6666666666666666,False
S1,S1-Drill,Accelerometer RKN^,Accelerometer,19,0.6333333333333333,False
S1,S1-Drill,Accelerometer RKN^,Accelerometer,24,0.8,False
S1,S1-Drill,Accelerometer RKN^,Accelerometer,20,0.6666666666666666,False
S1,S1-Drill,Accelerometer RKN^,Accelerometer,20,0.6666666666666666,False
S1,S1-Drill,Accelerometer RKN^,Accelerometer,23,0.7666666666666667,False
S1,S1-Drill,Accelerometer RKN^,Accelerometer,20,0.6666666666666666,False
S1,S1-Drill,Accelerometer RKN^,Accelerometer,38,1.2666666666666666,False
S1,S1-Drill,Accelerometer RKN^,Accelerometer,20,0.6666666666666666,False
S1,S1-Drill,Accelerometer RKN^,Accelerometer,20,0.6666666666666666,False
S1,S1-Drill,Accelerometer RKN^,Accelerometer,20,0.6666666666666666,False
S1,S1-Drill,Accelerometer RKN^,Accelerometer,20,0.6666666666666666,False
S1,S1-Drill,Accelerometer RKN^,Accelerometer,20,0.6666666666666666,False
S1,S1-Drill,Accelerometer RKN^,Accelerometer,20,0.6666666666666666,False
S1,S1-Drill,Accelerometer RKN^,Accelerometer,20,0.6666666666666666,False
S1,S1-Drill,Accelerometer RKN^,Accelerometer,19,0.6333333333333333,False
S1,S1-Drill,Accelerometer RKN^,Accelerometer,60,2.0,False
S1,S1-Drill,Accelerometer RKN^,Accelerometer,20,0.6666666666666666,False
S1,S1-Drill,Accelerometer RKN^,Accelerometer,20,0.6666666666666666,False
S1,S1-Drill,Accelerometer RKN^,Accelerometer,19,0.6333333333333333,False
S1,S1-Drill,Accelerometer RKN^,Accelerometer,19,0.6333333333333333,False
S1,S1-Drill,Accelerometer RKN^,Accelerometer,38,1.2666666666666666,False
S1,S1-Drill,Accelerometer RKN^,Accelerometer,20,0.6666666666666666,False
S1,S1-Drill,Accelerometer RKN^,Accelerometer,19,0.6333333333333333,False
S1,S1-Drill,Accelerometer RKN^,Accelerometer,23,0.7666666666666667,False
S1,S1-Drill,Accelerometer RKN^,Accelerometer,38,1.2666666666666666,False
S1,S1-Drill,Accelerometer RKN^,Accelerometer,19,0.6333333333333333,False
S1,S1-Drill,Accelerometer RKN^,Accelerometer,20,0.6666666666666666,False
S1,S1-Drill,Accelerometer RKN^,Accelerometer,20,0.6666666666666666,False
S1,S1-Drill,Accelerometer RKN^,Accelerometer,19,0.6333333333333333,False
S1,S1-Drill,Accelerometer RKN^,Accelerometer,20,0.6666666666666666,False
S1,S1-Drill,Accelerometer RKN^,Accelerometer,20,0.6666666666666666,False
S1,S1-Drill,Accelerometer RKN^,Accelerometer,20,0.6666666666666666,False
S1,S1-Drill,Accelerometer RKN^,Accelerometer,23,0.7666666666666667,False
S1,S1-Drill,Accelerometer RKN^,Accelerometer,20,0.6666666666666666,False
S1,S1-Drill,Accelerometer RKN^,Accelerometer,33,1.1,False
S1,S1-Drill,Accelerometer RKN^,Accelerometer,26,0.8666666666666667,False
S1,S1-Drill,Accelerometer RKN^,Accelerometer,27,0.9,False
S1,S1-Drill,Accelerometer RKN^,Accelerometer,12,0.4,False
S1,S1-Drill,Accelerometer RKN^,Accelerometer,262,8.733333333333333,True
S1,S1-Drill,Accelerometer HIP,Accelerometer,19,0.6333333333333333,False
S1,S1-Drill,Accelerometer HIP,Accelerometer,20,0.6666666666666666,False
S1,S1-Drill,Accelerometer HIP,Accelerometer,20,0.6666666666666666,False
S1,S1-Drill,Accelerometer HIP,Accelerometer,20,0.6666666666666666,False
S1,S1-Drill,Accelerometer HIP,Accelerometer,21,0.7,False
S1,S1-Drill,Accelerometer HIP,Accelerometer,136,4.533333333333333,True
S1,S1-Drill,Accelerometer LUA^,Accelerometer,20,0.6666666666666666,False
S1,S1-Drill,Accelerometer LUA^,Accelerometer,20,0.6666666666666666,False
S1,S1-Drill,Accelerometer LUA^,Accelerometer,20,0.6666666666666666,False
S1,S1-Drill,Accelerometer LUA^,Accelerometer,20,0.6666666666666666,False
S1,S1-Drill,Accelerometer LUA^,Accelerometer,21,0.7,False
S1,S1-Drill,Accelerometer LUA^,Accelerometer,19,0.6333333333333333,False
S1,S1-Drill,Accelerometer LUA^,Accelerometer,20,0.6666666666666666,False
S1,S1-Drill,Accelerometer LUA^,Accelerometer,135,4.5,True
S1,S1-Drill,Accelerometer RUA_,Accelerometer,20,0.6666666666666666,False
S1,S1-Drill,Accelerometer RUA_,Accelerometer,20,0.6666666666666666,False
S1,S1-Drill,Accelerometer RUA_,Accelerometer,21,0.7,False
S1,S1-Drill,Accelerometer RUA_,Accelerometer,19,0.6333333333333333,False
S1,S1-Drill,Accelerometer RUA_,Accelerometer,20,0.6666666666666666,False
S1,S1-Drill,Accelerometer RUA_,Accelerometer,19,0.6333333333333333,False
S1,S1-Drill,Accelerometer RUA_,Accelerometer,20,0.6666666666666666,False
S1,S1-Drill,Accelerometer RUA_,Accelerometer,20,0.6666666666666666,False
S1,S1-Drill,Accelerometer RUA_,Accelerometer,20,0.6666666666666666,False
S1,S1-Drill,Accelerometer RUA_,Accelerometer,20,0.6666666666666666,False
S1,S1-Drill,Accelerometer RUA_,Accelerometer,20,0.6666666666666666,False
S1,S1-Drill,Accelerometer RUA_,Accelerometer,20,0.6666666666666666,False
S1,S1-Drill,Accelerometer RUA_,Accelerometer,20,0.6666666666666666,False
S1,S1-Drill,Accelerometer RUA_,Accelerometer,20,0.6666666666666666,False
S1,S1-Drill,Accelerometer RUA_,Accelerometer,20,0.6666666666666666,False
S1,S1-Drill,Accelerometer RUA_,Accelerometer,20,0.6666666666666666,False
S1,S1-Drill,Accelerometer RUA_,Accelerometer,20,0.6666666666666666,False
S1,S1-Drill,Accelerometer RUA_,Accelerometer,20,0.6666666666666666,False
S1,S1-Drill,Accelerometer RUA_,Accelerometer,20,0.6666666666666666,False
S1,S1-Drill,Accelerometer RUA_,Accelerometer,20,0.6666666666666666,False
S1,S1-Drill,Accelerometer RUA_,Accelerometer,21,0.7,False
S1,S1-Drill,Accelerometer RUA_,Accelerometer,20,0.6666666666666666,False
S1,S1-Drill,Accelerometer RUA_,Accelerometer,19,0.6333333333333333,False
S1,S1-Drill,Accelerometer RUA_,Accelerometer,19,0.6333333333333333,False
S1,S1-Drill,Accelerometer RUA_,Accelerometer,20,0.6666666666666666,False
S1,S1-Drill,Accelerometer RUA_,Accelerometer,20,0.6666666666666666,False
S1,S1-Drill,Accelerometer RUA_,Accelerometer,20,0.6666666666666666,False
S1,S1-Drill,Accelerometer RUA_,Accelerometer,19,0.6333333333333333,False
S1,S1-Drill,Accelerometer RUA_,Accelerometer,191,6.366666666666666,True
S1,S1-Drill,Accelerometer LH,Accelerometer,23,0.7666666666666667,False
S1,S1-Drill,Accelerometer LH,Accelerometer,23,0.7666666666666667,False
S1,S1-Drill,Accelerometer LH,Accelerometer,42,1.4,False
S1,S1-Drill,Accelerometer LH,Accelerometer,23,0.7666666666666667,False
S1,S1-Drill,Accelerometer LH,Accelerometer,20,0.6666666666666666,False
S1,S1-Drill,Accelerometer LH,Accelerometer,19,0.6333333333333333,False
S1,S1-Drill,Accelerometer LH,Accelerometer,20,0.6666666666666666,False
S1,S1-Drill,Accelerometer LH,Accelerometer,21,0.7,False
S1,S1-Drill,Accelerometer LH,Accelerometer,22,0.7333333333333333,False
S1,S1-Drill,Accelerometer LH,Accelerometer,22,0.7333333333333333,False
S1,S1-Drill,Accelerometer LH,Accelerometer,20,0.6666666666666666,False
S1,S1-Drill,Accelerometer LH,Accelerometer,21,0.7,False
S1,S1-Drill,Accelerometer LH,Accelerometer,21,0.7,False
S1,S1-Drill,Accelerometer LH,Accelerometer,136,4.533333333333333,True
S1,S1-Drill,Accelerometer BACK,Accelerometer,136,4.533333333333333,True
S1,S1-Drill,Accelerometer RKN_,Accelerometer,20,0.6666666666666666,False
S1,S1-Drill,Accelerometer RKN_,Accelerometer,19,0.6333333333333333,False
S1,S1-Drill,Accelerometer RKN_,Accelerometer,21,0.7,False
S1,S1-Drill,Accelerometer RKN_,Accelerometer,19,0.6333333333333333,False
S1,S1-Drill,Accelerometer RKN_,Accelerometer,20,0.6666666666666666,False
S1,S1-Drill,Accelerometer RKN_,Accelerometer,20,0.6666666666666666,False
S1,S1-Drill,Accelerometer RKN_,Accelerometer,20,0.6666666666666666,False
S1,S1-Drill,Accelerometer RKN_,Accelerometer,20,0.6666666666666666,False
S1,S1-Drill,Accelerometer RKN_,Accelerometer,20,0.6666666666666666,False
S1,S1-Drill,Accelerometer RKN_,Accelerometer,19,0.6333333333333333,False
S1,S1-Drill,Accelerometer RKN_,Accelerometer,20,0.6666666666666666,False
S1,S1-Drill,Accelerometer RKN_,Accelerometer,19,0.6333333333333333,False
S1,S1-Drill,Accelerometer RKN_,Accelerometer,20,0.6666666666666666,False
S1,S1-Drill,Accelerometer RKN_,Accelerometer,20,0.6666666666666666,False
S1,S1-Drill,Accelerometer RKN_,Accelerometer,20,0.6666666666666666,False
S1,S1-Drill,Accelerometer RKN_,Accelerometer,19,0.6333333333333333,False
S1,S1-Drill,Accelerometer RKN_,Accelerometer,19,0.6333333333333333,False
S1,S1-Drill,Accelerometer RKN_,Accelerometer,20,0.6666666666666666,False
S1,S1-Drill,Accelerometer RKN_,Accelerometer,20,0.6666666666666666,False
S1,S1-Drill,Accelerometer RKN_,Accelerometer,20,0.6666666666666666,False
S1,S1-Drill,Accelerometer RKN_,Accelerometer,20,0.6666666666666666,False
S1,S1-Drill,Accelerometer RKN_,Accelerometer,19,0.6333333333333333,False
S1,S1-Drill,Accelerometer RKN_,Accelerometer,20,0.6666666666666666,False
S1,S1-Drill,Accelerometer RKN_,Accelerometer,20,0.6666666666666666,False
S1,S1-Drill,Accelerometer RKN_,Accelerometer,20,0.6666666666666666,False
S1,S1-Drill,Accelerometer RKN_,Accelerometer,19,0.6333333333333333,False
S1,S1-Drill,Accelerometer RKN_,Accelerometer,20,0.6666666666666666,False
S1,S1-Drill,Accelerometer RKN_,Accelerometer,20,0.6666666666666666,False
S1,S1-Drill,Accelerometer RKN_,Accelerometer,20,0.6666666666666666,False
S1,S1-Drill,Accelerometer RKN_,Accelerometer,19,0.6333333333333333,False
S1,S1-Drill,Accelerometer RKN_,Accelerometer,20,0.6666666666666666,False
S1,S1-Drill,Accelerometer RKN_,Accelerometer,20,0.6666666666666666,False
S1,S1-Drill,Accelerometer RKN_,Accelerometer,20,0.6666666666666666,False
S1,S1-Drill,Accelerometer RKN_,Accelerometer,22,0.7333333333333333,False
S1,S1-Drill,Accelerometer RKN_,Accelerometer,19,0.6333333333333333,False
S1,S1-Drill,Accelerometer RKN_,Accelerometer,20,0.6666666666666666,False
S1,S1-Drill,Accelerometer RKN_,Accelerometer,20,0.6666666666666666,False
S1,S1-Drill,Accelerometer RKN_,Accelerometer,20,0.6666666666666666,False
S1,S1-Drill,Accelerometer RKN_,Accelerometer,19,0.6333333333333333,False
S1,S1-Drill,Accelerometer RKN_,Accelerometer,22,0.7333333333333333,False
S1,S1-Drill,Accelerometer RKN_,Accelerometer,20,0.6666666666666666,False
S1,S1-Drill,Accelerometer RKN_,Accelerometer,19,0.6333333333333333,False
S1,S1-Drill,Accelerometer RKN_,Accelerometer,20,0.6666666666666666,False
S1,S1-Drill,Accelerometer RKN_,Accelerometer,20,0.6666666666666666,False
S1,S1-Drill,Accelerometer RKN_,Accelerometer,20,0.6666666666666666,False
S1,S1-Drill,Accelerometer RKN_,Accelerometer,19,0.6333333333333333,False
S1,S1-Drill,Accelerometer RKN_,Accelerometer,137,4.566666666666666,True
S1,S1-Drill,Accelerometer RWR,Accelerometer,20,0.6666666666666666,False
S1,S1-Drill,Accelerometer RWR,Accelerometer,22,0.7333333333333333,False
S1,S1-Drill,Accelerometer RWR,Accelerometer,53389,1779.6333333333334,False
S1,S1-Drill,Accelerometer RWR,Accelerometer,319,10.633333333333333,True
S1,S1-Drill,Accelerometer RUA^,Accelerometer,20,0.6666666666666666,False
S1,S1-Drill,Accelerometer RUA^,Accelerometer,20,0.6666666666666666,False
S1,S1-Drill,Accelerometer RUA^,Accelerometer,20,0.6666666666666666,False
S1,S1-Drill,Accelerometer RUA^,Accelerometer,19,0.6333333333333333,False
S1,S1-Drill,Accelerometer RUA^,Accelerometer,20,0.6666666666666666,False
S1,S1-Drill,Accelerometer RUA^,Accelerometer,20,0.6666666666666666,False
S1,S1-Drill,Accelerometer RUA^,Accelerometer,19,0.6333333333333333,False
S1,S1-Drill,Accelerometer RUA^,Accelerometer,20,0.6666666666666666,False
S1,S1-Drill,Accelerometer RUA^,Accelerometer,20,0.6666666666666666,False
S1,S1-Drill,Accelerometer RUA^,Accelerometer,20,0.6666666666666666,False
S1,S1-Drill,Accelerometer RUA^,Accelerometer,20,0.6666666666666666,False
S1,S1-Drill,Accelerometer RUA^,Accelerometer,190,6.333333333333333,True
S1,S1-Drill,Accelerometer LUA_,Accelerometer,21,0.7,False
S1,S1-Drill,Accelerometer LUA_,Accelerometer,19,0.6333333333333333,False
S1,S1-Drill,Accelerometer LUA_,Accelerometer,21,0.7,False
S1,S1-Drill,Accelerometer LUA_,Accelerometer,21,0.7,False
S1,S1-Drill,Accelerometer LUA_,Accelerometer,20,0.6666666666666666,False
S1,S1-Drill,Accelerometer LUA_,Accelerometer,20,0.6666666666666666,False
S1,S1-Drill,Accelerometer LUA_,Accelerometer,20,0.6666666666666666,False
S1,S1-Drill,Accelerometer LUA_,Accelerometer,19,0.6333333333333333,False
S1,S1-Drill,Accelerometer LUA_,Accelerometer,21,0.7,False
S1,S1-Drill,Accelerometer LUA_,Accelerometer,20,0.6666666666666666,False
S1,S1-Drill,Accelerometer LUA_,Accelerometer,20,0.6666666666666666,False
S1,S1-Drill,Accelerometer LUA_,Accelerometer,136,4.533333333333333,True
S1,S1-Drill,Accelerometer LWR,Accelerometer,20,0.6666666666666666,False
S1,S1-Drill,Accelerometer LWR,Accelerometer,21,0.7,False
S1,S1-Drill,Accelerometer LWR,Accelerometer,21,0.7,False
S1,S1-Drill,Accelerometer LWR,Accelerometer,20,0.6666666666666666,False
S1,S1-Drill,Accelerometer LWR,Accelerometer,19,0.6333333333333333,False
S1,S1-Drill,Accelerometer LWR,Accelerometer,20,0.6666666666666666,False
S1,S1-Drill,Accelerometer LWR,Accelerometer,20,0.6666666666666666,False
S1,S1-Drill,Accelerometer LWR,Accelerometer,20,0.6666666666666666,False
S1,S1-Drill,Accelerometer LWR,Accelerometer,19,0.6333333333333333,False
S1,S1-Drill,Accelerometer LWR,Accelerometer,135,4.5,True
S1,S1-Drill,Accelerometer RH,Accelerometer,54775,1825.8333333333333,True
S1,S1-Drill,Accelerometer RH,Accelerometer,190,6.333333333333333,True
S1,S1-Drill,InertialMeasurementUnit BACK,InertialMeasurementUnit,112,3.7333333333333334,True
S1,S1-Drill,InertialMeasurementUnit RUA,InertialMeasurementUnit,112,3.7333333333333334,True
S1,S1-Drill,InertialMeasurementUnit RLA,InertialMeasurementUnit,112,3.7333333333333334,True
S1,S1-Drill,InertialMeasurementUnit LUA,InertialMeasurementUnit,112,3.7333333333333334,True
S1,S1-Drill,InertialMeasurementUnit LLA,InertialMeasurementUnit,112,3.7333333333333334,True
S1,S1-Drill,InertialMeasurementUnit L-SHOE,InertialMeasurementUnit,50,1.6666666666666667,True
S1,S1-Drill,InertialMeasurementUnit R-SHOE,InertialMeasurementUnit,50,1.6666666666666667,True
S2,S2-ADL1,Accelerometer RKN^,Accelerometer,21,0.7,False
S2,S2-ADL1,Accelerometer RKN^,Accelerometer,24,0.8,False
S2,S2-ADL1,Accelerometer RKN^,Accelerometer,6771,225.7,True
S2,S2-ADL1,Accelerometer HIP,Accelerometer,20,0.6666666666666666,False
S2,S2-ADL1,Accelerometer HIP,Accelerometer,6795,226.5,True
S2,S2-ADL1,Accelerometer LUA^,Accelerometer,1249,41.63333333333333,False
S2,S2-ADL1,Accelerometer LUA^,Accelerometer,20,0.6666666666666666,False
S2,S2-ADL1,Accelerometer LUA^,Accelerometer,5139,171.3,False
S2,S2-ADL1,Accelerometer LUA^,Accelerometer,6091,203.03333333333333,True
S2,S2-ADL1,Accelerometer RUA_,Accelerometer,19,0.6333333333333333,False
S2,S2-ADL1,Accelerometer RUA_,Accelerometer,21,0.7,False
S2,S2-ADL1,Accelerometer RUA_,Accelerometer,6786,226.2,True
S2,S2-ADL1,Accelerometer LH,Accelerometer,24,0.8,False
S2,S2-ADL1,Accelerometer LH,Accelerometer,25,0.8333333333333334,False
S2,S2-ADL1,Accelerometer LH,Accelerometer,39,1.3,False
S2,S2-ADL1,Accelerometer LH,Accelerometer,28,0.9333333333333333,False
S2,S2-ADL1,Accelerometer LH,Accelerometer,20,0.6666666666666666,False
S2,S2-ADL1,Accelerometer LH,Accelerometer,19,0.6333333333333333,False
S2,S2-ADL1,Accelerometer LH,Accelerometer,38,1.2666666666666666,False
S2,S2-ADL1,Accelerometer LH,Accelerometer,22,0.7333333333333333,False
S2,S2-ADL1,Accelerometer LH,Accelerometer,19,0.6333333333333333,False
S2,S2-ADL1,Accelerometer LH,Accelerometer,20,0.6666666666666666,False
S2,S2-ADL1,Accelerometer LH,Accelerometer,20,0.6666666666666666,False
S2,S2-ADL1,Accelerometer LH,Accelerometer,20,0.6666666666666666,False
S2,S2-ADL1,Accelerometer LH,Accelerometer,31,1.0333333333333334,False
S2,S2-ADL1,Accelerometer LH,Accelerometer,21,0.7,False
S2,S2-ADL1,Accelerometer LH,Accelerometer,36,1.2,False
S2,S2-ADL1,Accelerometer LH,Accelerometer,19,0.6333333333333333,False
S2,S2-ADL1,Accelerometer LH,Accelerometer,20,0.6666666666666666,False
S2,S2-ADL1,Accelerometer LH,Accelerometer,32,1.0666666666666667,False
S2,S2-ADL1,Accelerometer LH,Accelerometer,20,0.6666666666666666,False
S2,S2-ADL1,Accelerometer LH,Accelerometer,20,0.6666666666666666,False
S2,S2-ADL1,Accelerometer LH,Accelerometer,19,0.6333333333333333,False
S2,S2-ADL1,Accelerometer LH,Accelerometer,43,1.4333333333333333,False
S2,S2-ADL1,Accelerometer LH,Accelerometer,39,1.3,False
S2,S2-ADL1,Accelerometer LH,Accelerometer,34,1.1333333333333333,False
S2,S2-ADL1,Accelerometer LH,Accelerometer,20,0.6666666666666666,False
S2,S2-ADL1,Accelerometer LH,Accelerometer,20,0.6666666666666666,False
S2,S2-ADL1,Accelerometer LH,Accelerometer,44,1.4666666666666666,False
S2,S2-ADL1,Accelerometer LH,Accelerometer,20,0.6666666666666666,False
S2,S2-ADL1,Accelerometer LH,Accelerometer,49,1.6333333333333333,False
S2,S2-ADL1,Accelerometer LH,Accelerometer,21,0.7,False
S2,S2-ADL1,Accelerometer LH,Accelerometer,20,0.6666666666666666,False
S2,S2-ADL1,Accelerometer LH,Accelerometer,6758,225.26666666666668,True
S2,S2-ADL1,Accelerometer BACK,Accelerometer,20,0.6666666666666666,False
S2,S2-ADL1,Accelerometer BACK,Accelerometer,20,0.6666666666666666,False
S2,S2-ADL1,Accelerometer BACK,Accelerometer,6788,226.26666666666668,True
S2,S2-ADL1,Accelerometer RKN_,Accelerometer,37,1.2333333333333334,False
S2,S2-ADL1,Accelerometer RKN_,Accelerometer,38,1.2666666666666666,False
S2,S2-ADL1,Accelerometer RKN_,Accelerometer,20,0.6666666666666666,False
S2,S2-ADL1,Accelerometer RKN_,Accelerometer,20,0.6666666666666666,False
S2,S2-ADL1,Accelerometer RKN_,Accelerometer,6767,225.56666666666666,True
S2,S2-ADL1,Accelerometer RWR,Accelerometer,20,0.6666666666666666,False
S2,S2-ADL1,Accelerometer RWR,Accelerometer,84,2.8,False
S2,S2-ADL1,Accelerometer RWR,Accelerometer,2087,69.56666666666666,False
S2,S2-ADL1,Accelerometer RWR,Accelerometer,6885,229.5,True
S2,S2-ADL1,Accelerometer RUA^,Accelerometer,20,0.6666666666666666,False
S2,S2-ADL1,Accelerometer RUA^,Accelerometer,20,0.6666666666666666,False
S2,S2-ADL1,Accelerometer RUA^,Accelerometer,21,0.7,False
S2,S2-ADL1,Accelerometer RUA^,Accelerometer,6803,226.76666666666668,True
S2,S2-ADL1,Accelerometer LUA_,Accelerometer,20,0.6666666666666666,False
S2,S2-ADL1,Accelerometer LUA_,Accelerometer,21,0.7,False
S2,S2-ADL1,Accelerometer LUA_,Accelerometer,28,0.9333333333333333,False
S2,S2-ADL1,Accelerometer LUA_,Accelerometer,20,0.6666666666666666,False
S2,S2-ADL1,Accelerometer LUA_,Accelerometer,20,0.6666666666666666,False
S2,S2-ADL1,Accelerometer LUA_,Accelerometer,6770,225.66666666666666,True
S2,S2-ADL1,Accelerometer LWR,Accelerometer,22,0.7333333333333333,False
S2,S2-ADL1,Accelerometer LWR,Accelerometer,21,0.7,False
S2,S2-ADL1,Accelerometer LWR,Accelerometer,24,0.8,False
S2,S2-ADL1,Accelerometer LWR,Accelerometer,22,0.7333333333333333,False
S2,S2-ADL1,Accelerometer LWR,Accelerometer,20,0.6666666666666666,False
S2,S2-ADL1,Accelerometer LWR,Accelerometer,21,0.7,False
S2,S2-ADL1,Accelerometer LWR,Accelerometer,19,0.6333333333333333,False
S2,S2-ADL1,Accelerometer LWR,Accelerometer,21,0.7,False
S2,S2-ADL1,Accelerometer LWR,Accelerometer,20,0.6666666666666666,False
S2,S2-ADL1,Accelerometer LWR,Accelerometer,32,1.0666666666666667,False
S2,S2-ADL1,Accelerometer LWR,Accelerometer,39,1.3,False
S2,S2-ADL1,Accelerometer LWR,Accelerometer,20,0.6666666666666666,False
S2,S2-ADL1,Accelerometer LWR,Accelerometer,20,0.6666666666666666,False
S2,S2-ADL1,Accelerometer LWR,Accelerometer,41,1.3666666666666667,False
S2,S2-ADL1,Accelerometer LWR,Accelerometer,6777,225.9,True
S2,S2-ADL1,Accelerometer RH,Accelerometer,36051,1201.7,True
S2,S2-ADL1,Accelerometer RH,Accelerometer,6745,224.83333333333334,True
S2,S2-ADL1,InertialMeasurementUnit BACK,InertialMeasurementUnit,6627,220.9,True
S2,S2-ADL1,InertialMeasurementUnit RUA,InertialMeasurementUnit,6627,220.9,True
S2,S2-ADL1,InertialMeasurementUnit RLA,InertialMeasurementUnit,6627,220.9,True
S2,S2-ADL1,InertialMeasurementUnit LUA,InertialMeasurementUnit,6627,220.9,True
S2,S2-ADL1,InertialMeasurementUnit LLA,InertialMeasurementUnit,6627,220.9,True
S2,S2-ADL2,Accelerometer RKN^,Accelerometer,29,0.9666666666666667,False
S2,S2-ADL2,Accelerometer RKN^,Accelerometer,43,1.4333333333333333,False
S2,S2-ADL2,Accelerometer RKN^,Accelerometer,36,1.2,False
S2,S2-ADL2,Accelerometer RKN^,Accelerometer,105,3.5,False
S2,S2-ADL2,Accelerometer RKN^,Accelerometer,218,7.266666666666667,True
S2,S2-ADL2,Accelerometer HIP,Accelerometer,20,0.6666666666666666,False
S2,S2-ADL2,Accelerometer HIP,Accelerometer,20,0.6666666666666666,False
S2,S2-ADL2,Accelerometer HIP,Accelerometer,213,7.1,True
S2,S2-ADL2,Accelerometer LUA^,Accelerometer,20,0.6666666666666666,False
S2,S2-ADL2,Accelerometer LUA^,Accelerometer,1246,41.53333333333333,False
S2,S2-ADL2,Accelerometer LUA^,Accelerometer,211,7.033333333333333,True
S2,S2-ADL2,Accelerometer RUA_,Accelerometer,20,0.6666666666666666,False
S2,S2-ADL2,Accelerometer RUA_,Accelerometer,21,0.7,False
S2,S2-ADL2,Accelerometer RUA_,Accelerometer,21,0.7,False
S2,S2-ADL2,Accelerometer RUA_,Accelerometer,20,0.6666666666666666,False
S2,S2-ADL2,Accelerometer RUA_,Accelerometer,20,0.6666666666666666,False
S2,S2-ADL2,Accelerometer RUA_,Accelerometer,20,0.6666666666666666,False
S2,S2-ADL2,Accelerometer RUA_,Accelerometer,21,0.7,False
S2,S2-ADL2,Accelerometer RUA_,Accelerometer,20,0.6666666666666666,False
S2,S2-ADL2,Accelerometer RUA_,Accelerometer,19,0.6333333333333333,False
S2,S2-ADL2,Accelerometer RUA_,Accelerometer,19,0.6333333333333333,False
S2,S2-ADL2,Accelerometer RUA_,Accelerometer,20,0.6666666666666666,False
S2,S2-ADL2,Accelerometer RUA_,Accelerometer,21,0.7,False
S2,S2-ADL2,Accelerometer RUA_,Accelerometer,206,6.866666666666666,True
S2,S2-ADL2,Accelerometer LH,Accelerometer,24,0.8,False
S2,S2-ADL2,Accelerometer LH,Accelerometer,23,0.7666666666666667,False
S2,S2-ADL2,Accelerometer LH,Accelerometer,24,0.8,False
S2,S2-ADL2,Accelerometer LH,Accelerometer,24,0.8,False
S2,S2-ADL2,Accelerometer LH,Accelerometer,24,0.8,False
S2,S2-ADL2,Accelerometer LH,Accelerometer,41,1.3666666666666667,False
S2,S2-ADL2,Accelerometer LH,Accelerometer,19,0.6333333333333333,False
S2,S2-ADL2,Accelerometer LH,Accelerometer,20,0.6666666666666666,False
S2,S2-ADL2,Accelerometer LH,Accelerometer,19,0.6333333333333333,False
S2,S2-ADL2,Accelerometer LH,Accelerometer,20,0.6666666666666666,False
S2,S2-ADL2,Accelerometer LH,Accelerometer,20,0.6666666666666666,False
S2,S2-ADL2,Accelerometer LH,Accelerometer,21,0.7,False
S2,S2-ADL2,Accelerometer LH,Accelerometer,49,1.6333333333333333,False
S2,S2-ADL2,Accelerometer LH,Accelerometer,823,27.433333333333334,False
S2,S2-ADL2,Accelerometer LH,Accelerometer,28,0.9333333333333333,False
S2,S2-ADL2,Accelerometer LH,Accelerometer,21,0.7,False
S2,S2-ADL2,Accelerometer LH,Accelerometer,50,1.6666666666666667,False
S2,S2-ADL2,Accelerometer LH,Accelerometer,20,0.6666666666666666,False
S2,S2-ADL2,Accelerometer LH,Accelerometer,20,0.6666666666666666,False
S2,S2-ADL2,Accelerometer LH,Accelerometer,20,0.6666666666666666,False
S2,S2-ADL2,Accelerometer LH,Accelerometer,33,1.1,False
S2,S2-ADL2,Accelerometer LH,Accelerometer,20,0.6666666666666666,False
S2,S2-ADL2,Accelerometer LH,Accelerometer,20,0.6666666666666666,False
S2,S2-ADL2,Accelerometer LH,Accelerometer,19,0.6333333333333333,False
S2,S2-ADL2,Accelerometer LH,Accelerometer,20,0.6666666666666666,False
S2,S2-ADL2,Accelerometer LH,Accelerometer,23,0.7666666666666667,False
S2,S2-ADL2,Accelerometer LH,Accelerometer,25,0.8333333333333334,False
S2,S2-ADL2,Accelerometer LH,Accelerometer,25,0.8333333333333334,False
S2,S2-ADL2,Accelerometer LH,Accelerometer,24,0.8,False
S2,S2-ADL2,Accelerometer LH,Accelerometer,23,0.7666666666666667,False
S2,S2-ADL2,Accelerometer LH,Accelerometer,20,0.6666666666666666,False
S2,S2-ADL2,Accelerometer LH,Accelerometer,211,7.033333333333333,True
S2,S2-ADL2,Accelerometer BACK,Accelerometer,21,0.7,False
S2,S2-ADL2,Accelerometer BACK,Accelerometer,20,0.6666666666666666,False
S2,S2-ADL2,Accelerometer BACK,Accelerometer,210,7.0,True
S2,S2-ADL2,Accelerometer RKN_,Accelerometer,54,1.8,False
S2,S2-ADL2,Accelerometer RKN_,Accelerometer,55,1.8333333333333333,False
S2,S2-ADL2,Accelerometer RKN_,Accelerometer,211,7.033333333333333,True
S2,S2-ADL2,Accelerometer RWR,Accelerometer,20,0.6666666666666666,False
S2,S2-ADL2,Accelerometer RWR,Accelerometer,20,0.6666666666666666,False
S2,S2-ADL2,Accelerometer RWR,Accelerometer,20,0.6666666666666666,False
S2,S2-ADL2,Accelerometer RWR,Accelerometer,20,0.6666666666666666,False
S2,S2-ADL2,Accelerometer RWR,Accelerometer,20,0.6666666666666666,False
S2,S2-ADL2,Accelerometer RWR,Accelerometer,20,0.6666666666666666,False
S2,S2-ADL2,Accelerometer RWR,Accelerometer,19,0.6333333333333333,False
S2,S2-ADL2,Accelerometer RWR,Accelerometer,19,0.6333333333333333,False
S2,S2-ADL2,Accelerometer RWR,Accelerometer,19,0.6333333333333333,False
S2,S2-ADL2,Accelerometer RWR,Accelerometer,21,0.7,False
S2,S2-ADL2,Accelerometer RWR,Accelerometer,209,6.966666666666667,True
S2,S2-ADL2,Accelerometer RUA^,Accelerometer,20,0.6666666666666666,False
S2,S2-ADL2,Accelerometer RUA^,Accelerometer,19,0.6333333333333333,False
S2,S2-ADL2,Accelerometer RUA^,Accelerometer,21,0.7,False
S2,S2-ADL2,Accelerometer RUA^,Accelerometer,22,0.7333333333333333,False
S2,S2-ADL2,Accelerometer RUA^,Accelerometer,21,0.7,False
S2,S2-ADL2,Accelerometer RUA^,Accelerometer,20,0.6666666666666666,False
S2,S2-ADL2,Accelerometer RUA^,Accelerometer,20,0.6666666666666666,False
S2,S2-ADL2,Accelerometer RUA^,Accelerometer,22,0.7333333333333333,False
S2,S2-ADL2,Accelerometer RUA^,Accelerometer,20,0.6666666666666666,False
S2,S2-ADL2,Accelerometer RUA^,Accelerometer,21,0.7,False
S2,S2-ADL2,Accelerometer RUA^,Accelerometer,20,0.6666666666666666,False
S2,S2-ADL2,Accelerometer RUA^,Accelerometer,209,6.966666666666667,True
S2,S2-ADL2,Accelerometer LUA_,Accelerometer,20,0.6666666666666666,False
S2,S2-ADL2,Accelerometer LUA_,Accelerometer,20,0.6666666666666666,False
S2,S2-ADL2,Accelerometer LUA_,Accelerometer,21,0.7,False
S2,S2-ADL2,Accelerometer LUA_,Accelerometer,20,0.6666666666666666,False
S2,S2-ADL2,Accelerometer LUA_,Accelerometer,21,0.7,False
S2,S2-ADL2,Accelerometer LUA_,Accelerometer,20,0.6666666666666666,False
S2,S2-ADL2,Accelerometer LUA_,Accelerometer,1169,38.96666666666667,False
S2,S2-ADL2,Accelerometer LUA_,Accelerometer,20,0.6666666666666666,False
S2,S2-ADL2,Accelerometer LUA_,Accelerometer,20,0.6666666666666666,False
S2,S2-ADL2,Accelerometer LUA_,Accelerometer,19,0.6333333333333333,False
S2,S2-ADL2,Accelerometer LUA_,Accelerometer,20,0.6666666666666666,False
S2,S2-ADL2,Accelerometer LUA_,Accelerometer,207,6.9,True
S2,S2-ADL2,Accelerometer LWR,Accelerometer,20,0.6666666666666666,False
S2,S2-ADL2,Accelerometer LWR,Accelerometer,20,0.6666666666666666,False
S2,S2-ADL2,Accelerometer LWR,Accelerometer,21,0.7,False
S2,S2-ADL2,Accelerometer LWR,Accelerometer,21,0.7,False
S2,S2-ADL2,Accelerometer LWR,Accelerometer,23,0.7666666666666667,False
S2,S2-ADL2,Accelerometer LWR,Accelerometer,21,0.7,False
S2,S2-ADL2,Accelerometer LWR,Accelerometer,20,0.6666666666666666,False
S2,S2-ADL2,Accelerometer LWR,Accelerometer,20,0.6666666666666666,False
S2,S2-ADL2,Accelerometer LWR,Accelerometer,20,0.6666666666666666,False
S2,S2-ADL2,Accelerometer LWR,Accelerometer,20,0.6666666666666666,False
S2,S2-ADL2,Accelerometer LWR,Accelerometer,20,0.6666666666666666,False
S2,S2-ADL2,Accelerometer LWR,Accelerometer,20,0.6666666666666666,False
S2,S2-ADL2,Accelerometer LWR,Accelerometer,206,6.866666666666666,True
S2,S2-ADL2,Accelerometer RH,Accelerometer,319,10.633333333333333,True
S2,S2-ADL2,Accelerometer RH,Accelerometer,19,0.6333333333333333,False
S2,S2-ADL2,Accelerometer RH,Accelerometer,20,0.6666666666666666,False
S2,S2-ADL2,Accelerometer RH,Accelerometer,26,0.8666666666666667,False
S2,S2-ADL2,Accelerometer RH,Accelerometer,22,0.7333333333333333,False
S2,S2-ADL2,Accelerometer RH,Accelerometer,19,0.6333333333333333,False
S2,S2-ADL2,Accelerometer RH,Accelerometer,31,1.0333333333333334,False
S2,S2-ADL2,Accelerometer RH,Accelerometer,20,0.6666666666666666,False
S2,S2-ADL2,Accelerometer RH,Accelerometer,20,0.6666666666666666,False
S2,S2-ADL2,Accelerometer RH,Accelerometer,20,0.6666666666666666,False
S2,S2-ADL2,Accelerometer RH,Accelerometer,30,1.0,False
S2,S2-ADL2,Accelerometer RH,Accelerometer,20,0.6666666666666666,False
S2,S2-ADL2,Accelerometer RH,Accelerometer,19,0.6333333333333333,False
S2,S2-ADL2,Accelerometer RH,Accelerometer,20,0.6666666666666666,False
S2,S2-ADL2,Accelerometer RH,Accelerometer,20,0.6666666666666666,False
S2,S2-ADL2,Accelerometer RH,Accelerometer,28,0.9333333333333333,False
S2,S2-ADL2,Accelerometer RH,Accelerometer,23,0.7666666666666667,False
S2,S2-ADL2,Accelerometer RH,Accelerometer,25,0.8333333333333334,False
S2,S2-ADL2,Accelerometer RH,Accelerometer,527,17.566666666666666,False
S2,S2-ADL2,Accelerometer RH,Accelerometer,215,7.166666666666667,True
S2,S2-ADL2,InertialMeasurementUnit BACK,InertialMeasurementUnit,172,5.733333333333333,True
S2,S2-ADL2,InertialMeasurementUnit RUA,InertialMeasurementUnit,172,5.733333333333333,True
S2,S2-ADL2,InertialMeasurementUnit RLA,InertialMeasurementUnit,172,5.733333333333333,True
S2,S2-ADL2,InertialMeasurementUnit LUA,InertialMeasurementUnit,172,5.733333333333333,True
S2,S2-ADL2,InertialMeasurementUnit LLA,InertialMeasurementUnit,172,5.733333333333333,True
S2,S2-ADL3,Accelerometer RKN^,Accelerometer,20,0.6666666666666666,False
S2,S2-ADL3,Accelerometer RKN^,Accelerometer,20,0.6666666666666666,False
S2,S2-ADL3,Accelerometer RKN^,Accelerometer,32,1.0666666666666667,False
S2,S2-ADL3,Accelerometer RKN^,Accelerometer,26,0.8666666666666667,False
S2,S2-ADL3,Accelerometer RKN^,Accelerometer,37,1.2333333333333334,False
S2,S2-ADL3,Accelerometer RKN^,Accelerometer,74,2.466666666666667,False
S2,S2-ADL3,Accelerometer RKN^,Accelerometer,271,9.033333333333333,True
S2,S2-ADL3,Accelerometer HIP,Accelerometer,19,0.6333333333333333,False
S2,S2-ADL3,Accelerometer HIP,Accelerometer,20,0.6666666666666666,False
S2,S2-ADL3,Accelerometer HIP,Accelerometer,20,0.6666666666666666,False
S2,S2-ADL3,Accelerometer HIP,Accelerometer,20,0.6666666666666666,False
S2,S2-ADL3,Accelerometer HIP,Accelerometer,20,0.6666666666666666,False
S2,S2-ADL3,Accelerometer HIP,Accelerometer,277,9.233333333333333,True
S2,S2-ADL3,Accelerometer LUA^,Accelerometer,21,0.7,False
S2,S2-ADL3,Accelerometer LUA^,Accelerometer,20,0.6666666666666666,False
S2,S2-ADL3,Accelerometer LUA^,Accelerometer,20,0.6666666666666666,False
S2,S2-ADL3,Accelerometer LUA^,Accelerometer,20,0.6666666666666666,False
S2,S2-ADL3,Accelerometer LUA^,Accelerometer,20,0.6666666666666666,False
S2,S2-ADL3,Accelerometer LUA^,Accelerometer,19,0.6333333333333333,False
S2,S2-ADL3,Accelerometer LUA^,Accelerometer,20,0.6666666666666666,False
S2,S2-ADL3,Accelerometer LUA^,Accelerometer,20,0.6666666666666666,False
S2,S2-ADL3,Accelerometer LUA^,Accelerometer,21,0.7,False
S2,S2-ADL3,Accelerometer LUA^,Accelerometer,276,9.2,True
S2,S2-ADL3,Accelerometer RUA_,Accelerometer,151,5.033333333333333,False
S2,S2-ADL3,Accelerometer RUA_,Accelerometer,1969,65.63333333333334,False
S2,S2-ADL3,Accelerometer RUA_,Accelerometer,19,0.6333333333333333,False
S2,S2-ADL3,Accelerometer RUA_,Accelerometer,92,3.066666666666667,False
S2,S2-ADL3,Accelerometer RUA_,Accelerometer,39,1.3,False
S2,S2-ADL3,Accelerometer RUA_,Accelerometer,79,2.6333333333333333,False
S2,S2-ADL3,Accelerometer RUA_,Accelerometer,267,8.9,True
S2,S2-ADL3,Accelerometer LH,Accelerometer,25,0.8333333333333334,False
S2,S2-ADL3,Accelerometer LH,Accelerometer,25,0.8333333333333334,False
S2,S2-ADL3,Accelerometer LH,Accelerometer,24,0.8,False
S2,S2-ADL3,Accelerometer LH,Accelerometer,22,0.7333333333333333,False
S2,S2-ADL3,Accelerometer LH,Accelerometer,25,0.8333333333333334,False
S2,S2-ADL3,Accelerometer LH,Accelerometer,21,0.7,False
S2,S2-ADL3,Accelerometer LH,Accelerometer,20,0.6666666666666666,False
S2,S2-ADL3,Accelerometer LH,Accelerometer,20,0.6666666666666666,False
S2,S2-ADL3,Accelerometer LH,Accelerometer,22,0.7333333333333333,False
S2,S2-ADL3,Accelerometer LH,Accelerometer,20,0.6666666666666666,False
S2,S2-ADL3,Accelerometer LH,Accelerometer,19,0.6333333333333333,False
S2,S2-ADL3,Accelerometer LH,Accelerometer,41,1.3666666666666667,False
S2,S2-ADL3,Accelerometer LH,Accelerometer,20,0.6666666666666666,False
S2,S2-ADL3,Accelerometer LH,Accelerometer,20,0.6666666666666666,False
S2,S2-ADL3,Accelerometer LH,Accelerometer,22,0.7333333333333333,False
S2,S2-ADL3,Accelerometer LH,Accelerometer,20,0.6666666666666666,False
S2,S2-ADL3,Accelerometer LH,Accelerometer,19,0.6333333333333333,False
S2,S2-ADL3,Accelerometer LH,Accelerometer,20,0.6666666666666666,False
S2,S2-ADL3,Accelerometer LH,Accelerometer,19,0.6333333333333333,False
S2,S2-ADL3,Accelerometer LH,Accelerometer,20,0.6666666666666666,False
S2,S2-ADL3,Accelerometer LH,Accelerometer,19,0.6333333333333333,False
S2,S2-ADL3,Accelerometer LH,Accelerometer,19,0.6333333333333333,False
S2,S2-ADL3,Accelerometer LH,Accelerometer,20,0.6666666666666666,False
S2,S2-ADL3,Accelerometer LH,Accelerometer,31,1.0333333333333334,False
S2,S2-ADL3,Accelerometer LH,Accelerometer,20,0.6666666666666666,False
S2,S2-ADL3,Accelerometer LH,Accelerometer,54,1.8,False
S2,S2-ADL3,Accelerometer LH,Accelerometer,20,0.6666666666666666,False
S2,S2-ADL3,Accelerometer LH,Accelerometer,24,0.8,False
S2,S2-ADL3,Accelerometer LH,Accelerometer,20,0.6666666666666666,False
S2,S2-ADL3,Accelerometer LH,Accelerometer,20,0.6666666666666666,False
S2,S2-ADL3,Accelerometer LH,Accelerometer,19,0.6333333333333333,False
S2,S2-ADL3,Accelerometer LH,Accelerometer,23,0.7666666666666667,False
S2,S2-ADL3,Accelerometer LH,Accelerometer,24,0.8,False
S2,S2-ADL3,Accelerometer LH,Accelerometer,23,0.7666666666666667,False
S2,S2-ADL3,Accelerometer LH,Accelerometer,21,0.7,False
S2,S2-ADL3,Accelerometer LH,Accelerometer,24,0.8,False
S2,S2-ADL3,Accelerometer LH,Accelerometer,20,0.6666666666666666,False
S2,S2-ADL3,Accelerometer LH,Accelerometer,276,9.2,True
S2,S2-ADL3,Accelerometer BACK,Accelerometer,20,0.6666666666666666,False
S2,S2-ADL3,Accelerometer BACK,Accelerometer,20,0.6666666666666666,False
S2,S2-ADL3,Accelerometer BACK,Accelerometer,274,9.133333333333333,True
S2,S2-ADL3,Accelerometer RKN_,Accelerometer,48,1.6,False
S2,S2-ADL3,Accelerometer RKN_,Accelerometer,36,1.2,False
S2,S2-ADL3,Accelerometer RKN_,Accelerometer,22,0.7333333333333333,False
S2,S2-ADL3,Accelerometer RKN_,Accelerometer,34,1.1333333333333333,False
S2,S2-ADL3,Accelerometer RKN_,Accelerometer,36,1.2,False
S2,S2-ADL3,Accelerometer RKN_,Accelerometer,24,0.8,False
S2,S2-ADL3,Accelerometer RKN_,Accelerometer,269,8.966666666666667,True
S2,S2-ADL3,Accelerometer RWR,Accelerometer,20,0.6666666666666666,False
S2,S2-ADL3,Accelerometer RWR,Accelerometer,20,0.6666666666666666,False
S2,S2-ADL3,Accelerometer RWR,Accelerometer,20,0.6666666666666666,False
S2,S2-ADL3,Accelerometer RWR,Accelerometer,20,0.6666666666666666,False
S2,S2-ADL3,Accelerometer RWR,Accelerometer,20,0.6666666666666666,False
S2,S2-ADL3,Accelerometer RWR,Accelerometer,20,0.6666666666666666,False
S2,S2-ADL3,Accelerometer RWR,Accelerometer,19,0.6333333333333333,False
S2,S2-ADL3,Accelerometer RWR,Accelerometer,20,0.6666666666666666,False
S2,S2-ADL3,Accelerometer RWR,Accelerometer,19,0.6333333333333333,False
S2,S2-ADL3,Accelerometer RWR,Accelerometer,20,0.6666666666666666,False
S2,S2-ADL3,Accelerometer RWR,Accelerometer,19,0.6333333333333333,False
S2,S2-ADL3,Accelerometer RWR,Accelerometer,20,0.6666666666666666,False
S2,S2-ADL3,Accelerometer RWR,Accelerometer,19,0.6333333333333333,False
S2,S2-ADL3,Accelerometer RWR,Accelerometer,272,9.066666666666666,True
S2,S2-ADL3,Accelerometer RUA^,Accelerometer,21,0.7,False
S2,S2-ADL3,Accelerometer RUA^,Accelerometer,21,0.7,False
S2,S2-ADL3,Accelerometer RUA^,Accelerometer,20,0.6666666666666666,False
S2,S2-ADL3,Accelerometer RUA^,Accelerometer,21,0.7,False
S2,S2-ADL3,Accelerometer RUA^,Accelerometer,19,0.6333333333333333,False
S2,S2-ADL3,Accelerometer RUA^,Accelerometer,20,0.6666666666666666,False
S2,S2-ADL3,Accelerometer RUA^,Accelerometer,21,0.7,False
S2,S2-ADL3,Accelerometer RUA^,Accelerometer,21,0.7,False
S2,S2-ADL3,Accelerometer RUA^,Accelerometer,21,0.7,False
S2,S2-ADL3,Accelerometer RUA^,Accelerometer,272,9.066666666666666,True
S2,S2-ADL3,Accelerometer LUA_,Accelerometer,20,0.6666666666666666,False
S2,S2-ADL3,Accelerometer LUA_,Accelerometer,21,0.7,False
S2,S2-ADL3,Accelerometer LUA_,Accelerometer,21,0.7,False
S2,S2-ADL3,Accelerometer LUA_,Accelerometer,20,0.6666666666666666,False
S2,S2-ADL3,Accelerometer LUA_,Accelerometer,20,0.6666666666666666,False
S2,S2-ADL3,Accelerometer LUA_,Accelerometer,20,0.6666666666666666,False
S2,S2-ADL3,Accelerometer LUA_,Accelerometer,20,0.6666666666666666,False
S2,S2-ADL3,Accelerometer LUA_,Accelerometer,20,0.6666666666666666,False
S2,S2-ADL3,Accelerometer LUA_,Accelerometer,20,0.6666666666666666,False
S2,S2-ADL3,Accelerometer LUA_,Accelerometer,20,0.6666666666666666,False
S2,S2-ADL3,Accelerometer LUA_,Accelerometer,21,0.7,False
S2,S2-ADL3,Accelerometer LUA_,Accelerometer,19,0.6333333333333333,False
S2,S2-ADL3,Accelerometer LUA_,Accelerometer,270,9.0,True
S2,S2-ADL3,Accelerometer LWR,Accelerometer,22,0.7333333333333333,False
S2,S2-ADL3,Accelerometer LWR,Accelerometer,20,0.6666666666666666,False
S2,S2-ADL3,Accelerometer LWR,Accelerometer,21,0.7,False
S2,S2-ADL3,Accelerometer LWR,Accelerometer,20,0.6666666666666666,False
S2,S2-ADL3,Accelerometer LWR,Accelerometer,22,0.7333333333333333,False
S2,S2-ADL3,Accelerometer LWR,Accelerometer,19,0.6333333333333333,False
S2,S2-ADL3,Accelerometer LWR,Accelerometer,21,0.7,False
S2,S2-ADL3,Accelerometer LWR,Accelerometer,20,0.6666666666666666,False
S2,S2-ADL3,Accelerometer LWR,Accelerometer,20,0.6666666666666666,False
S2,S2-ADL3,Accelerometer LWR,Accelerometer,20,0.6666666666666666,False
S2,S2-ADL3,Accelerometer LWR,Accelerometer,21,0.7,False
S2,S2-ADL3,Accelerometer LWR,Accelerometer,20,0.6666666666666666,False
S2,S2-ADL3,Accelerometer LWR,Accelerometer,270,9.0,True
S2,S2-ADL3,Accelerometer RH,Accelerometer,290,9.666666666666666,True
S2,S2-ADL3,Accelerometer RH,Accelerometer,20,0.6666666666666666,False
S2,S2-ADL3,Accelerometer RH,Accelerometer,21,0.7,False
S2,S2-ADL3,Accelerometer RH,Accelerometer,25,0.8333333333333334,False
S2,S2-ADL3,Accelerometer RH,Accelerometer,20,0.6666666666666666,False
S2,S2-ADL3,Accelerometer RH,Accelerometer,20,0.6666666666666666,False
S2,S2-ADL3,Accelerometer RH,Accelerometer,23,0.7666666666666667,False
S2,S2-ADL3,Accelerometer RH,Accelerometer,41,1.3666666666666667,False
S2,S2-ADL3,Accelerometer RH,Accelerometer,21,0.7,False
S2,S2-ADL3,Accelerometer RH,Accelerometer,20,0.6666666666666666,False
S2,S2-ADL3,Accelerometer RH,Accelerometer,23,0.7666666666666667,False
S2,S2-ADL3,Accelerometer RH,Accelerometer,20,0.6666666666666666,False
S2,S2-ADL3,Accelerometer RH,Accelerometer,26,0.8666666666666667,False
S2,S2-ADL3,Accelerometer RH,Accelerometer,20,0.6666666666666666,False
S2,S2-ADL3,Accelerometer RH,Accelerometer,20,0.6666666666666666,False
S2,S2-ADL3,Accelerometer RH,Accelerometer,24,0.8,False
S2,S2-ADL3,Accelerometer RH,Accelerometer,22,0.7333333333333333,False
S2,S2-ADL3,Accelerometer RH,Accelerometer,37,1.2333333333333334,False
S2,S2-ADL3,Accelerometer RH,Accelerometer,36,1.2,False
S2,S2-ADL3,Accelerometer RH,Accelerometer,30,1.0,False
S2,S2-ADL3,Accelerometer RH,Accelerometer,64,2.1333333333333333,False
S2,S2-ADL3,Accelerometer RH,Accelerometer,50,1.6666666666666667,False
S2,S2-ADL3,Accelerometer RH,Accelerometer,55,1.8333333333333333,False
S2,S2-ADL3,Accelerometer RH,Accelerometer,77,2.566666666666667,False
S2,S2-ADL3,Accelerometer RH,Accelerometer,54,1.8,False
S2,S2-ADL3,Accelerometer RH,Accelerometer,58,1.9333333333333333,False
S2,S2-ADL3,Accelerometer RH,Accelerometer,45,1.5,False
S2,S2-ADL3,Accelerometer RH,Accelerometer,19,0.6333333333333333,False
S2,S2-ADL3,Accelerometer RH,Accelerometer,20,0.6666666666666666,False
S2,S2-ADL3,Accelerometer RH,Accelerometer,42,1.4,False
S2,S2-ADL3,Accelerometer RH,Accelerometer,37,1.2333333333333334,False
S2,S2-ADL3,Accelerometer RH,Accelerometer,19,0.6333333333333333,False
S2,S2-ADL3,Accelerometer RH,Accelerometer,20,0.6666666666666666,False
S2,S2-ADL3,Accelerometer RH,Accelerometer,23,0.7666666666666667,False
S2,S2-ADL3,Accelerometer RH,Accelerometer,21,0.7,False
S2,S2-ADL3,Accelerometer RH,Accelerometer,23,0.7666666666666667,False
S2,S2-ADL3,Accelerometer RH,Accelerometer,24,0.8,False
S2,S2-ADL3,Accelerometer RH,Accelerometer,24,0.8,False
S2,S2-ADL3,Accelerometer RH,Accelerometer,255,8.5,True
S2,S2-ADL3,InertialMeasurementUnit BACK,InertialMeasurementUnit,248,8.266666666666667,True
S2,S2-ADL3,InertialMeasurementUnit RUA,InertialMeasurementUnit,248,8.266666666666667,True
S2,S2-ADL3,InertialMeasurementUnit RLA,InertialMeasurementUnit,248,8.266666666666667,True
S2,S2-ADL3,InertialMeasurementUnit LUA,InertialMeasurementUnit,248,8.266666666666667,True
S2,S2-ADL3,InertialMeasurementUnit LLA,InertialMeasurementUnit,248,8.266666666666667,True
S2,S2-ADL3,InertialMeasurementUnit L-SHOE,InertialMeasurementUnit,172,5.733333333333333,True
S2,S2-ADL3,InertialMeasurementUnit R-SHOE,InertialMeasurementUnit,172,5.733333333333333,True
S2,S2-ADL4,Accelerometer RKN^,Accelerometer,42,1.4,False
S2,S2-ADL4,Accelerometer RKN^,Accelerometer,34,1.1333333333333333,False
S2,S2-ADL4,Accelerometer RKN^,Accelerometer,62,2.066666666666667,False
S2,S2-ADL4,Accelerometer RKN^,Accelerometer,19,0.6333333333333333,False
S2,S2-ADL4,Accelerometer RKN^,Accelerometer,231,7.7,True
S2,S2-ADL4,Accelerometer HIP,Accelerometer,27,0.9,False
S2,S2-ADL4,Accelerometer HIP,Accelerometer,19,0.6333333333333333,False
S2,S2-ADL4,Accelerometer HIP,Accelerometer,231,7.7,True
S2,S2-ADL4,Accelerometer LUA^,Accelerometer,20,0.6666666666666666,False
S2,S2-ADL4,Accelerometer LUA^,Accelerometer,20,0.6666666666666666,False
S2,S2-ADL4,Accelerometer LUA^,Accelerometer,19,0.6333333333333333,False
S2,S2-ADL4,Accelerometer LUA^,Accelerometer,20,0.6666666666666666,False
S2,S2-ADL4,Accelerometer LUA^,Accelerometer,21,0.7,False
S2,S2-ADL4,Accelerometer LUA^,Accelerometer,19,0.6333333333333333,False
S2,S2-ADL4,Accelerometer LUA^,Accelerometer,979,32.63333333333333,False
S2,S2-ADL4,Accelerometer LUA^,Accelerometer,20,0.6666666666666666,False
S2,S2-ADL4,Accelerometer LUA^,Accelerometer,20,0.6666666666666666,False
S2,S2-ADL4,Accelerometer LUA^,Accelerometer,20,0.6666666666666666,False
S2,S2-ADL4,Accelerometer LUA^,Accelerometer,19,0.6333333333333333,False
S2,S2-ADL4,Accelerometer LUA^,Accelerometer,19,0.6333333333333333,False
S2,S2-ADL4,Accelerometer LUA^,Accelerometer,231,7.7,True
S2,S2-ADL4,Accelerometer RUA_,Accelerometer,20,0.6666666666666666,False
S2,S2-ADL4,Accelerometer RUA_,Accelerometer,20,0.6666666666666666,False
S2,S2-ADL4,Accelerometer RUA_,Accelerometer,20,0.6666666666666666,False
S2,S2-ADL4,Accelerometer RUA_,Accelerometer,19,0.6333333333333333,False
S2,S2-ADL4,Accelerometer RUA_,Accelerometer,20,0.6666666666666666,False
S2,S2-ADL4,Accelerometer RUA_,Accelerometer,20,0.6666666666666666,False
S2,S2-ADL4,Accelerometer RUA_,Accelerometer,20,0.6666666666666666,False
S2,S2-ADL4,Accelerometer RUA_,Accelerometer,20,0.6666666666666666,False
S2,S2-ADL4,Accelerometer RUA_,Accelerometer,20,0.6666666666666666,False
S2,S2-ADL4,Accelerometer RUA_,Accelerometer,19,0.6333333333333333,False
S2,S2-ADL4,Accelerometer RUA_,Accelerometer,227,7.566666666666666,True
S2,S2-ADL4,Accelerometer LH,Accelerometer,22,0.7333333333333333,False
S2,S2-ADL4,Accelerometer LH,Accelerometer,25,0.8333333333333334,False
S2,S2-ADL4,Accelerometer LH,Accelerometer,21,0.7,False
S2,S2-ADL4,Accelerometer LH,Accelerometer,25,0.8333333333333334,False
S2,S2-ADL4,Accelerometer LH,Accelerometer,25,0.8333333333333334,False
S2,S2-ADL4,Accelerometer LH,Accelerometer,20,0.6666666666666666,False
S2,S2-ADL4,Accelerometer LH,Accelerometer,24,0.8,False
S2,S2-ADL4,Accelerometer LH,Accelerometer,19,0.6333333333333333,False
S2,S2-ADL4,Accelerometer LH,Accelerometer,21,0.7,False
S2,S2-ADL4,Accelerometer LH,Accelerometer,20,0.6666666666666666,False
S2,S2-ADL4,Accelerometer LH,Accelerometer,31,1.0333333333333334,False
S2,S2-ADL4,Accelerometer LH,Accelerometer,20,0.6666666666666666,False
S2,S2-ADL4,Accelerometer LH,Accelerometer,20,0.6666666666666666,False
S2,S2-ADL4,Accelerometer LH,Accelerometer,20,0.6666666666666666,False
S2,S2-ADL4,Accelerometer LH,Accelerometer,20,0.6666666666666666,False
S2,S2-ADL4,Accelerometer LH,Accelerometer,20,0.6666666666666666,False
S2,S2-ADL4,Accelerometer LH,Accelerometer,37,1.2333333333333334,False
S2,S2-ADL4,Accelerometer LH,Accelerometer,20,0.6666666666666666,False
S2,S2-ADL4,Accelerometer LH,Accelerometer,49,1.6333333333333333,False
S2,S2-ADL4,Accelerometer LH,Accelerometer,19,0.6333333333333333,False
S2,S2-ADL4,Accelerometer LH,Accelerometer,20,0.6666666666666666,False
S2,S2-ADL4,Accelerometer LH,Accelerometer,20,0.6666666666666666,False
S2,S2-ADL4,Accelerometer LH,Accelerometer,24,0.8,False
S2,S2-ADL4,Accelerometer LH,Accelerometer,21,0.7,False
S2,S2-ADL4,Accelerometer LH,Accelerometer,24,0.8,False
S2,S2-ADL4,Accelerometer LH,Accelerometer,21,0.7,False
S2,S2-ADL4,Accelerometer LH,Accelerometer,24,0.8,False
S2,S2-ADL4,Accelerometer LH,Accelerometer,22,0.7333333333333333,False
S2,S2-ADL4,Accelerometer LH,Accelerometer,229,7.633333333333334,True
S2,S2-ADL4,Accelerometer BACK,Accelerometer,19,0.6333333333333333,False
S2,S2-ADL4,Accelerometer BACK,Accelerometer,23,0.7666666666666667,False
S2,S2-ADL4,Accelerometer BACK,Accelerometer,229,7.633333333333334,True
S2,S2-ADL4,Accelerometer RKN_,Accelerometer,20,0.6666666666666666,False
S2,S2-ADL4,Accelerometer RKN_,Accelerometer,20,0.6666666666666666,False
S2,S2-ADL4,Accelerometer RKN_,Accelerometer,20,0.6666666666666666,False
S2,S2-ADL4,Accelerometer RKN_,Accelerometer,20,0.6666666666666666,False
S2,S2-ADL4,Accelerometer RKN_,Accelerometer,20,0.6666666666666666,False
S2,S2-ADL4,Accelerometer RKN_,Accelerometer,20,0.6666666666666666,False
S2,S2-ADL4,Accelerometer RKN_,Accelerometer,20,0.6666666666666666,False
S2,S2-ADL4,Accelerometer RKN_,Accelerometer,20,0.6666666666666666,False
S2,S2-ADL4,Accelerometer RKN_,Accelerometer,19,0.6333333333333333,False
S2,S2-ADL4,Accelerometer RKN_,Accelerometer,20,0.6666666666666666,False
S2,S2-ADL4,Accelerometer RKN_,Accelerometer,19,0.6333333333333333,False
S2,S2-ADL4,Accelerometer RKN_,Accelerometer,20,0.6666666666666666,False
S2,S2-ADL4,Accelerometer RKN_,Accelerometer,20,0.6666666666666666,False
S2,S2-ADL4,Accelerometer RKN_,Accelerometer,20,0.6666666666666666,False
S2,S2-ADL4,Accelerometer RKN_,Accelerometer,19,0.6333333333333333,False
S2,S2-ADL4,Accelerometer RKN_,Accelerometer,20,0.6666666666666666,False
S2,S2-ADL4,Accelerometer RKN_,Accelerometer,20,0.6666666666666666,False
S2,S2-ADL4,Accelerometer RKN_,Accelerometer,20,0.6666666666666666,False
S2,S2-ADL4,Accelerometer RKN_,Accelerometer,20,0.6666666666666666,False
S2,S2-ADL4,Accelerometer RKN_,Accelerometer,20,0.6666666666666666,False
S2,S2-ADL4,Accelerometer RKN_,Accelerometer,20,0.6666666666666666,False
S2,S2-ADL4,Accelerometer RKN_,Accelerometer,20,0.6666666666666666,False
S2,S2-ADL4,Accelerometer RKN_,Accelerometer,20,0.6666666666666666,False
S2,S2-ADL4,Accelerometer RKN_,Accelerometer,19,0.6333333333333333,False
S2,S2-ADL4,Accelerometer RKN_,Accelerometer,20,0.6666666666666666,False
S2,S2-ADL4,Accelerometer RKN_,Accelerometer,20,0.6666666666666666,False
S2,S2-ADL4,Accelerometer RKN_,Accelerometer,20,0.6666666666666666,False
S2,S2-ADL4,Accelerometer RKN_,Accelerometer,20,0.6666666666666666,False
S2,S2-ADL4,Accelerometer RKN_,Accelerometer,20,0.6666666666666666,False
S2,S2-ADL4,Accelerometer RKN_,Accelerometer,20,0.6666666666666666,False
S2,S2-ADL4,Accelerometer RKN_,Accelerometer,19,0.6333333333333333,False
S2,S2-ADL4,Accelerometer RKN_,Accelerometer,20,0.6666666666666666,False
S2,S2-ADL4,Accelerometer RKN_,Accelerometer,20,0.6666666666666666,False
S2,S2-ADL4,Accelerometer RKN_,Accelerometer,209,6.966666666666667,True
S2,S2-ADL4,Accelerometer RWR,Accelerometer,20,0.6666666666666666,False
S2,S2-ADL4,Accelerometer RWR,Accelerometer,20,0.6666666666666666,False
S2,S2-ADL4,Accelerometer RWR,Accelerometer,20,0.6666666666666666,False
S2,S2-ADL4,Accelerometer RWR,Accelerometer,20,0.6666666666666666,False
S2,S2-ADL4,Accelerometer RWR,Accelerometer,20,0.6666666666666666,False
S2,S2-ADL4,Accelerometer RWR,Accelerometer,20,0.6666666666666666,False
S2,S2-ADL4,Accelerometer RWR,Accelerometer,20,0.6666666666666666,False
S2,S2-ADL4,Accelerometer RWR,Accelerometer,20,0.6666666666666666,False
S2,S2-ADL4,Accelerometer RWR,Accelerometer,19,0.6333333333333333,False
S2,S2-ADL4,Accelerometer RWR,Accelerometer,20,0.6666666666666666,False
S2,S2-ADL4,Accelerometer RWR,Accelerometer,20,0.6666666666666666,False
S2,S2-ADL4,Accelerometer RWR,Accelerometer,20,0.6666666666666666,False
S2,S2-ADL4,Accelerometer RWR,Accelerometer,20,0.6666666666666666,False
S2,S2-ADL4,Accelerometer RWR,Accelerometer,20,0.6666666666666666,False
S2,S2-ADL4,Accelerometer RWR,Accelerometer,228,7.6,True
S2,S2-ADL4,Accelerometer RUA^,Accelerometer,21,0.7,False
S2,S2-ADL4,Accelerometer RUA^,Accelerometer,20,0.6666666666666666,False
S2,S2-ADL4,Accelerometer RUA^,Accelerometer,21,0.7,False
S2,S2-ADL4,Accelerometer RUA^,Accelerometer,21,0.7,False
S2,S2-ADL4,Accelerometer RUA^,Accelerometer,20,0.6666666666666666,False
S2,S2-ADL4,Accelerometer RUA^,Accelerometer,20,0.6666666666666666,False
S2,S2-ADL4,Accelerometer RUA^,Accelerometer,21,0.7,False
S2,S2-ADL4,Accelerometer RUA^,Accelerometer,20,0.6666666666666666,False
S2,S2-ADL4,Accelerometer RUA^,Accelerometer,22,0.7333333333333333,False
S2,S2-ADL4,Accelerometer RUA^,Accelerometer,20,0.6666666666666666,False
S2,S2-ADL4,Accelerometer RUA^,Accelerometer,227,7.566666666666666,True
S2,S2-ADL4,Accelerometer LUA_,Accelerometer,746,24.866666666666667,False
S2,S2-ADL4,Accelerometer LUA_,Accelerometer,21,0.7,False
S2,S2-ADL4,Accelerometer LUA_,Accelerometer,225,7.5,True
S2,S2-ADL4,Accelerometer LWR,Accelerometer,19,0.6333333333333333,False
S2,S2-ADL4,Accelerometer LWR,Accelerometer,20,0.6666666666666666,False
S2,S2-ADL4,Accelerometer LWR,Accelerometer,19,0.6333333333333333,False
S2,S2-ADL4,Accelerometer LWR,Accelerometer,20,0.6666666666666666,False
S2,S2-ADL4,Accelerometer LWR,Accelerometer,20,0.6666666666666666,False
S2,S2-ADL4,Accelerometer LWR,Accelerometer,19,0.6333333333333333,False
S2,S2-ADL4,Accelerometer LWR,Accelerometer,20,0.6666666666666666,False
S2,S2-ADL4,Accelerometer LWR,Accelerometer,21,0.7,False
S2,S2-ADL4,Accelerometer LWR,Accelerometer,20,0.6666666666666666,False
S2,S2-ADL4,Accelerometer LWR,Accelerometer,21,0.7,False
S2,S2-ADL4,Accelerometer LWR,Accelerometer,238,7.933333333333334,True
S2,S2-ADL4,Accelerometer RH,Accelerometer,23,0.7666666666666667,False
S2,S2-ADL4,Accelerometer RH,Accelerometer,23,0.7666666666666667,False
S2,S2-ADL4,Accelerometer RH,Accelerometer,20,0.6666666666666666,False
S2,S2-ADL4,Accelerometer RH,Accelerometer,23,0.7666666666666667,False
S2,S2-ADL4,Accelerometer RH,Accelerometer,20,0.6666666666666666,False
S2,S2-ADL4,Accelerometer RH,Accelerometer,21,0.7,False
S2,S2-ADL4,Accelerometer RH,Accelerometer,19,0.6333333333333333,False
S2,S2-ADL4,Accelerometer RH,Accelerometer,20,0.6666666666666666,False
S2,S2-ADL4,Accelerometer RH,Accelerometer,20,0.6666666666666666,False
S2,S2-ADL4,Accelerometer RH,Accelerometer,25,0.8333333333333334,False
S2,S2-ADL4,Accelerometer RH,Accelerometer,21,0.7,False
S2,S2-ADL4,Accelerometer RH,Accelerometer,20,0.6666666666666666,False
S2,S2-ADL4,Accelerometer RH,Accelerometer,20,0.6666666666666666,False
S2,S2-ADL4,Accelerometer RH,Accelerometer,64,2.1333333333333333,False
S2,S2-ADL4,Accelerometer RH,Accelerometer,20,0.6666666666666666,False
S2,S2-ADL4,Accelerometer RH,Accelerometer,20,0.6666666666666666,False
S2,S2-ADL4,Accelerometer RH,Accelerometer,22,0.7333333333333333,False
S2,S2-ADL4,Accelerometer RH,Accelerometer,20,0.6666666666666666,False
S2,S2-ADL4,Accelerometer RH,Accelerometer,20,0.6666666666666666,False
S2,S2-ADL4,Accelerometer RH,Accelerometer,20,0.6666666666666666,False
S2,S2-ADL4,Accelerometer RH,Accelerometer,20,0.6666666666666666,False
S2,S2-ADL4,Accelerometer RH,Accelerometer,23,0.7666666666666667,False
S2,S2-ADL4,Accelerometer RH,Accelerometer,24,0.8,False
S2,S2-ADL4,Accelerometer RH,Accelerometer,21,0.7,False
S2,S2-ADL4,Accelerometer RH,Accelerometer,22,0.7333333333333333,False
S2,S2-ADL4,Accelerometer RH,Accelerometer,24,0.8,False
S2,S2-ADL4,Accelerometer RH,Accelerometer,219,7.3,True
S2,S2-ADL4,InertialMeasurementUnit BACK,InertialMeasurementUnit,205,6.833333333333333,True
S2,S2-ADL4,InertialMeasurementUnit RUA,InertialMeasurementUnit,205,6.833333333333333,True
S2,S2-ADL4,InertialMeasurementUnit RLA,InertialMeasurementUnit,205,6.833333333333333,True
S2,S2-ADL4,InertialMeasurementUnit LUA,InertialMeasurementUnit,205,6.833333333333333,True
S2,S2-ADL4,InertialMeasurementUnit LLA,InertialMeasurementUnit,205,6.833333333333333,True
S2,S2-ADL4,InertialMeasurementUnit L-SHOE,InertialMeasurementUnit,34,1.1333333333333333,True
S2,S2-ADL4,InertialMeasurementUnit R-SHOE,InertialMeasurementUnit,34,1.1333333333333333,True
S2,S2-ADL5,Accelerometer RKN^,Accelerometer,82,2.7333333333333334,False
S2,S2-ADL5,Accelerometer RKN^,Accelerometer,61,2.033333333333333,False
S2,S2-ADL5,Accelerometer RKN^,Accelerometer,44,1.4666666666666666,False
S2,S2-ADL5,Accelerometer RKN^,Accelerometer,30,1.0,False
S2,S2-ADL5,Accelerometer RKN^,Accelerometer,136,4.533333333333333,False
S2,S2-ADL5,Accelerometer RKN^,Accelerometer,26,0.8666666666666667,False
S2,S2-ADL5,Accelerometer RKN^,Accelerometer,524,17.466666666666665,True
S2,S2-ADL5,Accelerometer HIP,Accelerometer,21,0.7,False
S2,S2-ADL5,Accelerometer HIP,Accelerometer,20,0.6666666666666666,False
S2,S2-ADL5,Accelerometer HIP,Accelerometer,536,17.866666666666667,True
S2,S2-ADL5,Accelerometer LUA^,Accelerometer,20,0.6666666666666666,False
S2,S2-ADL5,Accelerometer LUA^,Accelerometer,19,0.6333333333333333,False
S2,S2-ADL5,Accelerometer LUA^,Accelerometer,20,0.6666666666666666,False
S2,S2-ADL5,Accelerometer LUA^,Accelerometer,20,0.6666666666666666,False
S2,S2-ADL5,Accelerometer LUA^,Accelerometer,711,23.7,False
S2,S2-ADL5,Accelerometer LUA^,Accelerometer,20,0.6666666666666666,False
S2,S2-ADL5,Accelerometer LUA^,Accelerometer,20,0.6666666666666666,False
S2,S2-ADL5,Accelerometer LUA^,Accelerometer,535,17.833333333333332,True
S2,S2-ADL5,Accelerometer RUA_,Accelerometer,20,0.6666666666666666,False
S2,S2-ADL5,Accelerometer RUA_,Accelerometer,20,0.6666666666666666,False
S2,S2-ADL5,Accelerometer RUA_,Accelerometer,19,0.6333333333333333,False
S2,S2-ADL5,Accelerometer RUA_,Accelerometer,19,0.6333333333333333,False
S2,S2-ADL5,Accelerometer RUA_,Accelerometer,20,0.6666666666666666,False
S2,S2-ADL5,Accelerometer RUA_,Accelerometer,20,0.6666666666666666,False
S2,S2-ADL5,Accelerometer RUA_,Accelerometer,20,0.6666666666666666,False
S2,S2-ADL5,Accelerometer RUA_,Accelerometer,19,0.6333333333333333,False
S2,S2-ADL5,Accelerometer RUA_,Accelerometer,20,0.6666666666666666,False
S2,S2-ADL5,Accelerometer RUA_,Accelerometer,533,17.766666666666666,True
S2,S2-ADL5,Accelerometer LH,Accelerometer,24,0.8,False
S2,S2-ADL5,Accelerometer LH,Accelerometer,24,0.8,False
S2,S2-ADL5,Accelerometer LH,Accelerometer,24,0.8,False
S2,S2-ADL5,Accelerometer LH,Accelerometer,22,0.7333333333333333,False
S2,S2-ADL5,Accelerometer LH,Accelerometer,24,0.8,False
S2,S2-ADL5,Accelerometer LH,Accelerometer,23,0.7666666666666667,False
S2,S2-ADL5,Accelerometer LH,Accelerometer,26,0.8666666666666667,False
S2,S2-ADL5,Accelerometer LH,Accelerometer,20,0.6666666666666666,False
S2,S2-ADL5,Accelerometer LH,Accelerometer,20,0.6666666666666666,False
S2,S2-ADL5,Accelerometer LH,Accelerometer,20,0.6666666666666666,False
S2,S2-ADL5,Accelerometer LH,Accelerometer,29,0.9666666666666667,False
S2,S2-ADL5,Accelerometer LH,Accelerometer,22,0.7333333333333333,False
S2,S2-ADL5,Accelerometer LH,Accelerometer,67,2.2333333333333334,False
S2,S2-ADL5,Accelerometer LH,Accelerometer,20,0.6666666666666666,False
S2,S2-ADL5,Accelerometer LH,Accelerometer,20,0.6666666666666666,False
S2,S2-ADL5,Accelerometer LH,Accelerometer,19,0.6333333333333333,False
S2,S2-ADL5,Accelerometer LH,Accelerometer,20,0.6666666666666666,False
S2,S2-ADL5,Accelerometer LH,Accelerometer,20,0.6666666666666666,False
S2,S2-ADL5,Accelerometer LH,Accelerometer,20,0.6666666666666666,False
S2,S2-ADL5,Accelerometer LH,Accelerometer,21,0.7,False
S2,S2-ADL5,Accelerometer LH,Accelerometer,20,0.6666666666666666,False
S2,S2-ADL5,Accelerometer LH,Accelerometer,21,0.7,False
S2,S2-ADL5,Accelerometer LH,Accelerometer,22,0.7333333333333333,False
S2,S2-ADL5,Accelerometer LH,Accelerometer,20,0.6666666666666666,False
S2,S2-ADL5,Accelerometer LH,Accelerometer,22,0.7333333333333333,False
S2,S2-ADL5,Accelerometer LH,Accelerometer,20,0.6666666666666666,False
S2,S2-ADL5,Accelerometer LH,Accelerometer,21,0.7,False
S2,S2-ADL5,Accelerometer LH,Accelerometer,20,0.6666666666666666,False
S2,S2-ADL5,Accelerometer LH,Accelerometer,19,0.6333333333333333,False
S2,S2-ADL5,Accelerometer LH,Accelerometer,19,0.6333333333333333,False
S2,S2-ADL5,Accelerometer LH,Accelerometer,37,1.2333333333333334,False
S2,S2-ADL5,Accelerometer LH,Accelerometer,20,0.6666666666666666,False
S2,S2-ADL5,Accelerometer LH,Accelerometer,1020,34.0,False
S2,S2-ADL5,Accelerometer LH,Accelerometer,20,0.6666666666666666,False
S2,S2-ADL5,Accelerometer LH,Accelerometer,19,0.6333333333333333,False
S2,S2-ADL5,Accelerometer LH,Accelerometer,20,0.6666666666666666,False
S2,S2-ADL5,Accelerometer LH,Accelerometer,44,1.4666666666666666,False
S2,S2-ADL5,Accelerometer LH,Accelerometer,19,0.6333333333333333,False
S2,S2-ADL5,Accelerometer LH,Accelerometer,20,0.6666666666666666,False
S2,S2-ADL5,Accelerometer LH,Accelerometer,24,0.8,False
S2,S2-ADL5,Accelerometer LH,Accelerometer,20,0.6666666666666666,False
S2,S2-ADL5,Accelerometer LH,Accelerometer,21,0.7,False
S2,S2-ADL5,Accelerometer LH,Accelerometer,21,0.7,False
S2,S2-ADL5,Accelerometer LH,Accelerometer,24,0.8,False
S2,S2-ADL5,Accelerometer LH,Accelerometer,22,0.7333333333333333,False
S2,S2-ADL5,Accelerometer LH,Accelerometer,533,17.766666666666666,True
S2,S2-ADL5,Accelerometer BACK,Accelerometer,533,17.766666666666666,True
S2,S2-ADL5,Accelerometer RKN_,Accelerometer,75,2.5,False
S2,S2-ADL5,Accelerometer RKN_,Accelerometer,187,6.233333333333333,False
S2,S2-ADL5,Accelerometer RKN_,Accelerometer,78,2.6,False
S2,S2-ADL5,Accelerometer RKN_,Accelerometer,24,0.8,False
S2,S2-ADL5,Accelerometer RKN_,Accelerometer,518,17.266666666666666,True
S2,S2-ADL5,Accelerometer RWR,Accelerometer,20,0.6666666666666666,False
S2,S2-ADL5,Accelerometer RWR,Accelerometer,20,0.6666666666666666,False
S2,S2-ADL5,Accelerometer RWR,Accelerometer,20,0.6666666666666666,False
S2,S2-ADL5,Accelerometer RWR,Accelerometer,20,0.6666666666666666,False
S2,S2-ADL5,Accelerometer RWR,Accelerometer,20,0.6666666666666666,False
S2,S2-ADL5,Accelerometer RWR,Accelerometer,20,0.6666666666666666,False
S2,S2-ADL5,Accelerometer RWR,Accelerometer,21,0.7,False
S2,S2-ADL5,Accelerometer RWR,Accelerometer,20,0.6666666666666666,False
S2,S2-ADL5,Accelerometer RWR,Accelerometer,20,0.6666666666666666,False
S2,S2-ADL5,Accelerometer RWR,Accelerometer,21,0.7,False
S2,S2-ADL5,Accelerometer RWR,Accelerometer,20,0.6666666666666666,False
S2,S2-ADL5,Accelerometer RWR,Accelerometer,19,0.6333333333333333,False
S2,S2-ADL5,Accelerometer RWR,Accelerometer,20,0.6666666666666666,False
S2,S2-ADL5,Accelerometer RWR,Accelerometer,532,17.733333333333334,True
S2,S2-ADL5,Accelerometer RUA^,Accelerometer,20,0.6666666666666666,False
S2,S2-ADL5,Accelerometer RUA^,Accelerometer,21,0.7,False
S2,S2-ADL5,Accelerometer RUA^,Accelerometer,20,0.6666666666666666,False
S2,S2-ADL5,Accelerometer RUA^,Accelerometer,20,0.6666666666666666,False
S2,S2-ADL5,Accelerometer RUA^,Accelerometer,20,0.6666666666666666,False
S2,S2-ADL5,Accelerometer RUA^,Accelerometer,20,0.6666666666666666,False
S2,S2-ADL5,Accelerometer RUA^,Accelerometer,20,0.6666666666666666,False
S2,S2-ADL5,Accelerometer RUA^,Accelerometer,20,0.6666666666666666,False
S2,S2-ADL5,Accelerometer RUA^,Accelerometer,20,0.6666666666666666,False
S2,S2-ADL5,Accelerometer RUA^,Accelerometer,532,17.733333333333334,True
S2,S2-ADL5,Accelerometer LUA_,Accelerometer,21,0.7,False
S2,S2-ADL5,Accelerometer LUA_,Accelerometer,21,0.7,False
S2,S2-ADL5,Accelerometer LUA_,Accelerometer,21,0.7,False
S2,S2-ADL5,Accelerometer LUA_,Accelerometer,19,0.6333333333333333,False
S2,S2-ADL5,Accelerometer LUA_,Accelerometer,20,0.6666666666666666,False
S2,S2-ADL5,Accelerometer LUA_,Accelerometer,20,0.6666666666666666,False
S2,S2-ADL5,Accelerometer LUA_,Accelerometer,20,0.6666666666666666,False
S2,S2-ADL5,Accelerometer LUA_,Accelerometer,20,0.6666666666666666,False
S2,S2-ADL5,Accelerometer LUA_,Accelerometer,19,0.6333333333333333,False
S2,S2-ADL5,Accelerometer LUA_,Accelerometer,531,17.7,True
S2,S2-ADL5,Accelerometer LWR,Accelerometer,21,0.7,False
S2,S2-ADL5,Accelerometer LWR,Accelerometer,20,0.6666666666666666,False
S2,S2-ADL5,Accelerometer LWR,Accelerometer,20,0.6666666666666666,False
S2,S2-ADL5,Accelerometer LWR,Accelerometer,19,0.6333333333333333,False
S2,S2-ADL5,Accelerometer LWR,Accelerometer,19,0.6333333333333333,False
S2,S2-ADL5,Accelerometer LWR,Accelerometer,21,0.7,False
S2,S2-ADL5,Accelerometer LWR,Accelerometer,20,0.6666666666666666,False
S2,S2-ADL5,Accelerometer LWR,Accelerometer,20,0.6666666666666666,False
S2,S2-ADL5,Accelerometer LWR,Accelerometer,20,0.6666666666666666,False
S2,S2-ADL5,Accelerometer LWR,Accelerometer,19,0.6333333333333333,False
S2,S2-ADL5,Accelerometer LWR,Accelerometer,20,0.6666666666666666,False
S2,S2-ADL5,Accelerometer LWR,Accelerometer,20,0.6666666666666666,False
S2,S2-ADL5,Accelerometer LWR,Accelerometer,20,0.6666666666666666,False
S2,S2-ADL5,Accelerometer LWR,Accelerometer,20,0.6666666666666666,False
S2,S2-ADL5,Accelerometer LWR,Accelerometer,20,0.6666666666666666,False
S2,S2-ADL5,Accelerometer LWR,Accelerometer,20,0.6666666666666666,False
S2,S2-ADL5,Accelerometer LWR,Accelerometer,20,0.6666666666666666,False
S2,S2-ADL5,Accelerometer LWR,Accelerometer,20,0.6666666666666666,False
S2,S2-ADL5,Accelerometer LWR,Accelerometer,530,17.666666666666668,True
S2,S2-ADL5,Accelerometer RH,Accelerometer,23,0.7666666666666667,False
S2,S2-ADL5,Accelerometer RH,Accelerometer,20,0.6666666666666666,False
S2,S2-ADL5,Accelerometer RH,Accelerometer,23,0.7666666666666667,False
S2,S2-ADL5,Accelerometer RH,Accelerometer,21,0.7,False
S2,S2-ADL5,Accelerometer RH,Accelerometer,31057,1035.2333333333333,False
S2,S2-ADL5,Accelerometer RH,Accelerometer,527,17.566666666666666,True
S2,S2-ADL5,InertialMeasurementUnit BACK,InertialMeasurementUnit,513,17.1,True
S2,S2-ADL5,InertialMeasurementUnit RUA,InertialMeasurementUnit,513,17.1,True
S2,S2-ADL5,InertialMeasurementUnit RLA,InertialMeasurementUnit,513,17.1,True
S2,S2-ADL5,InertialMeasurementUnit LUA,InertialMeasurementUnit,513,17.1,True
S2,S2-ADL5,InertialMeasurementUnit LLA,InertialMeasurementUnit,513,17.1,True
S2,S2-ADL5,InertialMeasurementUnit L-SHOE,InertialMeasurementUnit,260,8.666666666666666,True
S2,S2-ADL5,InertialMeasurementUnit R-SHOE,InertialMeasurementUnit,260,8.666666666666666,True
S2,S2-Drill,Accelerometer RKN^,Accelerometer,19,0.6333333333333333,False
S2,S2-Drill,Accelerometer RKN^,Accelerometer,20,0.6666666666666666,False
S2,S2-Drill,Accelerometer RKN^,Accelerometer,20,0.6666666666666666,False
S2,S2-Drill,Accelerometer RKN^,Accelerometer,19,0.6333333333333333,False
S2,S2-Drill,Accelerometer RKN^,Accelerometer,19,0.6333333333333333,False
S2,S2-Drill,Accelerometer RKN^,Accelerometer,20,0.6666666666666666,False
S2,S2-Drill,Accelerometer RKN^,Accelerometer,20,0.6666666666666666,False
S2,S2-Drill,Accelerometer RKN^,Accelerometer,20,0.6666666666666666,False
S2,S2-Drill,Accelerometer RKN^,Accelerometer,20,0.6666666666666666,False
S2,S2-Drill,Accelerometer RKN^,Accelerometer,20,0.6666666666666666,False
S2,S2-Drill,Accelerometer RKN^,Accelerometer,19,0.6333333333333333,False
S2,S2-Drill,Accelerometer RKN^,Accelerometer,20,0.6666666666666666,False
S2,S2-Drill,Accelerometer RKN^,Accelerometer,20,0.6666666666666666,False
S2,S2-Drill,Accelerometer RKN^,Accelerometer,19,0.6333333333333333,False
S2,S2-Drill,Accelerometer RKN^,Accelerometer,21,0.7,False
S2,S2-Drill,Accelerometer RKN^,Accelerometer,20,0.6666666666666666,False
S2,S2-Drill,Accelerometer RKN^,Accelerometer,19,0.6333333333333333,False
S2,S2-Drill,Accelerometer RKN^,Accelerometer,20,0.6666666666666666,False
S2,S2-Drill,Accelerometer RKN^,Accelerometer,20,0.6666666666666666,False
S2,S2-Drill,Accelerometer RKN^,Accelerometer,20,0.6666666666666666,False
S2,S2-Drill,Accelerometer RKN^,Accelerometer,23,0.7666666666666667,False
S2,S2-Drill,Accelerometer RKN^,Accelerometer,20,0.6666666666666666,False
S2,S2-Drill,Accelerometer RKN^,Accelerometer,20,0.6666666666666666,False
S2,S2-Drill,Accelerometer RKN^,Accelerometer,19,0.6333333333333333,False
S2,S2-Drill,Accelerometer RKN^,Accelerometer,377,12.566666666666666,True
S2,S2-Drill,Accelerometer HIP,Accelerometer,379,12.633333333333333,True
S2,S2-Drill,Accelerometer LUA^,Accelerometer,19,0.6333333333333333,False
S2,S2-Drill,Accelerometer LUA^,Accelerometer,4419,147.3,False
S2,S2-Drill,Accelerometer LUA^,Accelerometer,20,0.6666666666666666,False
S2,S2-Drill,Accelerometer LUA^,Accelerometer,378,12.6,True
S2,S2-Drill,Accelerometer RUA_,Accelerometer,20,0.6666666666666666,False
S2,S2-Drill,Accelerometer RUA_,Accelerometer,19,0.6333333333333333,False
S2,S2-Drill,Accelerometer RUA_,Accelerometer,20,0.6666666666666666,False
S2,S2-Drill,Accelerometer RUA_,Accelerometer,20,0.6666666666666666,False
S2,S2-Drill,Accelerometer RUA_,Accelerometer,20,0.6666666666666666,False
S2,S2-Drill,Accelerometer RUA_,Accelerometer,20,0.6666666666666666,False
S2,S2-Drill,Accelerometer RUA_,Accelerometer,20,0.6666666666666666,False
S2,S2-Drill,Accelerometer RUA_,Accelerometer,20,0.6666666666666666,False
S2,S2-Drill,Accelerometer RUA_,Accelerometer,20,0.6666666666666666,False
S2,S2-Drill,Accelerometer RUA_,Accelerometer,20,0.6666666666666666,False
S2,S2-Drill,Accelerometer RUA_,Accelerometer,378,12.6,True
S2,S2-Drill,Accelerometer LH,Accelerometer,24,0.8,False
S2,S2-Drill,Accelerometer LH,Accelerometer,24,0.8,False
S2,S2-Drill,Accelerometer LH,Accelerometer,22,0.7333333333333333,False
S2,S2-Drill,Accelerometer LH,Accelerometer,24,0.8,False
S2,S2-Drill,Accelerometer LH,Accelerometer,23,0.7666666666666667,False
S2,S2-Drill,Accelerometer LH,Accelerometer,21,0.7,False
S2,S2-Drill,Accelerometer LH,Accelerometer,20,0.6666666666666666,False
S2,S2-Drill,Accelerometer LH,Accelerometer,41,1.3666666666666667,False
S2,S2-Drill,Accelerometer LH,Accelerometer,19,0.6333333333333333,False
S2,S2-Drill,Accelerometer LH,Accelerometer,20,0.6666666666666666,False
S2,S2-Drill,Accelerometer LH,Accelerometer,1058,35.266666666666666,False
S2,S2-Drill,Accelerometer LH,Accelerometer,20,0.6666666666666666,False
S2,S2-Drill,Accelerometer LH,Accelerometer,20,0.6666666666666666,False
S2,S2-Drill,Accelerometer LH,Accelerometer,20,0.6666666666666666,False
S2,S2-Drill,Accelerometer LH,Accelerometer,29,0.9666666666666667,False
S2,S2-Drill,Accelerometer LH,Accelerometer,70,2.3333333333333335,False
S2,S2-Drill,Accelerometer LH,Accelerometer,19,0.6333333333333333,False
S2,S2-Drill,Accelerometer LH,Accelerometer,21,0.7,False
S2,S2-Drill,Accelerometer LH,Accelerometer,27,0.9,False
S2,S2-Drill,Accelerometer LH,Accelerometer,19,0.6333333333333333,False
S2,S2-Drill,Accelerometer LH,Accelerometer,20,0.6666666666666666,False
S2,S2-Drill,Accelerometer LH,Accelerometer,20,0.6666666666666666,False
S2,S2-Drill,Accelerometer LH,Accelerometer,20,0.6666666666666666,False
S2,S2-Drill,Accelerometer LH,Accelerometer,20,0.6666666666666666,False
S2,S2-Drill,Accelerometer LH,Accelerometer,26,0.8666666666666667,False
S2,S2-Drill,Accelerometer LH,Accelerometer,19,0.6333333333333333,False
S2,S2-Drill,Accelerometer LH,Accelerometer,20,0.6666666666666666,False
S2,S2-Drill,Accelerometer LH,Accelerometer,23,0.7666666666666667,False
S2,S2-Drill,Accelerometer LH,Accelerometer,21,0.7,False
S2,S2-Drill,Accelerometer LH,Accelerometer,21,0.7,False
S2,S2-Drill,Accelerometer LH,Accelerometer,20,0.6666666666666666,False
S2,S2-Drill,Accelerometer LH,Accelerometer,39,1.3,False
S2,S2-Drill,Accelerometer LH,Accelerometer,19,0.6333333333333333,False
S2,S2-Drill,Accelerometer LH,Accelerometer,20,0.6666666666666666,False
S2,S2-Drill,Accelerometer LH,Accelerometer,20,0.6666666666666666,False
S2,S2-Drill,Accelerometer LH,Accelerometer,20,0.6666666666666666,False
S2,S2-Drill,Accelerometer LH,Accelerometer,24,0.8,False
S2,S2-Drill,Accelerometer LH,Accelerometer,22,0.7333333333333333,False
S2,S2-Drill,Accelerometer LH,Accelerometer,94,3.1333333333333333,False
S2,S2-Drill,Accelerometer LH,Accelerometer,19,0.6333333333333333,False
S2,S2-Drill,Accelerometer LH,Accelerometer,23,0.7666666666666667,False
S2,S2-Drill,Accelerometer LH,Accelerometer,24,0.8,False
S2,S2-Drill,Accelerometer LH,Accelerometer,24,0.8,False
S2,S2-Drill,Accelerometer LH,Accelerometer,23,0.7666666666666667,False
S2,S2-Drill,Accelerometer LH,Accelerometer,23,0.7666666666666667,False
S2,S2-Drill,Accelerometer LH,Accelerometer,22,0.7333333333333333,False
S2,S2-Drill,Accelerometer LH,Accelerometer,376,12.533333333333333,True
S2,S2-Drill,Accelerometer BACK,Accelerometer,377,12.566666666666666,True
S2,S2-Drill,Accelerometer RKN_,Accelerometer,26,0.8666666666666667,False
S2,S2-Drill,Accelerometer RKN_,Accelerometer,20,0.6666666666666666,False
S2,S2-Drill,Accelerometer RKN_,Accelerometer,375,12.5,True
S2,S2-Drill,Accelerometer RWR,Accelerometer,20,0.6666666666666666,False
S2,S2-Drill,Accelerometer RWR,Accelerometer,19,0.6333333333333333,False
S2,S2-Drill,Accelerometer RWR,Accelerometer,20,0.6666666666666666,False
S2,S2-Drill,Accelerometer RWR,Accelerometer,20,0.6666666666666666,False
S2,S2-Drill,Accelerometer RWR,Accelerometer,20,0.6666666666666666,False
S2,S2-Drill,Accelerometer RWR,Accelerometer,19,0.6333333333333333,False
S2,S2-Drill,Accelerometer RWR,Accelerometer,19,0.6333333333333333,False
S2,S2-Drill,Accelerometer RWR,Accelerometer,20,0.6666666666666666,False
S2,S2-Drill,Accelerometer RWR,Accelerometer,19,0.6333333333333333,False
S2,S2-Drill,Accelerometer RWR,Accelerometer,20,0.6666666666666666,False
S2,S2-Drill,Accelerometer RWR,Accelerometer,94,3.1333333333333333,False
S2,S2-Drill,Accelerometer RWR,Accelerometer,21,0.7,False
S2,S2-Drill,Accelerometer RWR,Accelerometer,19,0.6333333333333333,False
S2,S2-Drill,Accelerometer RWR,Accelerometer,20,0.6666666666666666,False
S2,S2-Drill,Accelerometer RWR,Accelerometer,20,0.6666666666666666,False
S2,S2-Drill,Accelerometer RWR,Accelerometer,20,0.6666666666666666,False
S2,S2-Drill,Accelerometer RWR,Accelerometer,375,12.5,True
S2,S2-Drill,Accelerometer RUA^,Accelerometer,37,1.2333333333333334,False
S2,S2-Drill,Accelerometer RUA^,Accelerometer,23,0.7666666666666667,False
S2,S2-Drill,Accelerometer RUA^,Accelerometer,40,1.3333333333333333,False
S2,S2-Drill,Accelerometer RUA^,Accelerometer,79,2.6333333333333333,False
S2,S2-Drill,Accelerometer RUA^,Accelerometer,22,0.7333333333333333,False
S2,S2-Drill,Accelerometer RUA^,Accelerometer,81,2.7,False
S2,S2-Drill,Accelerometer RUA^,Accelerometer,65,2.1666666666666665,False
S2,S2-Drill,Accelerometer RUA^,Accelerometer,24,0.8,False
S2,S2-Drill,Accelerometer RUA^,Accelerometer,120,4.0,False
S2,S2-Drill,Accelerometer RUA^,Accelerometer,486,16.2,False
S2,S2-Drill,Accelerometer RUA^,Accelerometer,388,12.933333333333334,True
S2,S2-Drill,Accelerometer LUA_,Accelerometer,20,0.6666666666666666,False
S2,S2-Drill,Accelerometer LUA_,Accelerometer,21,0.7,False
S2,S2-Drill,Accelerometer LUA_,Accelerometer,20,0.6666666666666666,False
S2,S2-Drill,Accelerometer LUA_,Accelerometer,21,0.7,False
S2,S2-Drill,Accelerometer LUA_,Accelerometer,19,0.6333333333333333,False
S2,S2-Drill,Accelerometer LUA_,Accelerometer,20,0.6666666666666666,False
S2,S2-Drill,Accelerometer LUA_,Accelerometer,20,0.6666666666666666,False
S2,S2-Drill,Accelerometer LUA_,Accelerometer,19,0.6333333333333333,False
S2,S2-Drill,Accelerometer LUA_,Accelerometer,20,0.6666666666666666,False
S2,S2-Drill,Accelerometer LUA_,Accelerometer,20,0.6666666666666666,False
S2,S2-Drill,Accelerometer LUA_,Accelerometer,372,12.4,True
S2,S2-Drill,Accelerometer LWR,Accelerometer,20,0.6666666666666666,False
S2,S2-Drill,Accelerometer LWR,Accelerometer,20,0.6666666666666666,False
S2,S2-Drill,Accelerometer LWR,Accelerometer,19,0.6333333333333333,False
S2,S2-Drill,Accelerometer LWR,Accelerometer,20,0.6666666666666666,False
S2,S2-Drill,Accelerometer LWR,Accelerometer,19,0.6333333333333333,False
S2,S2-Drill,Accelerometer LWR,Accelerometer,19,0.6333333333333333,False
S2,S2-Drill,Accelerometer LWR,Accelerometer,21,0.7,False
S2,S2-Drill,Accelerometer LWR,Accelerometer,20,0.6666666666666666,False
S2,S2-Drill,Accelerometer LWR,Accelerometer,20,0.6666666666666666,False
S2,S2-Drill,Accelerometer LWR,Accelerometer,19,0.6333333333333333,False
S2,S2-Drill,Accelerometer LWR,Accelerometer,30,1.0,False
S2,S2-Drill,Accelerometer LWR,Accelerometer,22,0.7333333333333333,False
S2,S2-Drill,Accelerometer LWR,Accelerometer,20,0.6666666666666666,False
S2,S2-Drill,Accelerometer LWR,Accelerometer,19,0.6333333333333333,False
S2,S2-Drill,Accelerometer LWR,Accelerometer,20,0.6666666666666666,False
S2,S2-Drill,Accelerometer LWR,Accelerometer,19,0.6333333333333333,False
S2,S2-Drill,Accelerometer LWR,Accelerometer,373,12.433333333333334,True
S2,S2-Drill,Accelerometer RH,Accelerometer,53025,1767.5,True
S2,S2-Drill,Accelerometer RH,Accelerometer,372,12.4,True
S2,S2-Drill,InertialMeasurementUnit BACK,InertialMeasurementUnit,344,11.466666666666667,True
S2,S2-Drill,InertialMeasurementUnit RUA,InertialMeasurementUnit,344,11.466666666666667,True
S2,S2-Drill,InertialMeasurementUnit RLA,InertialMeasurementUnit,344,11.466666666666667,True
S2,S2-Drill,InertialMeasurementUnit LUA,InertialMeasurementUnit,344,11.466666666666667,True
S2,S2-Drill,InertialMeasurementUnit LLA,InertialMeasurementUnit,344,11.466666666666667,True
S2,S2-Drill,InertialMeasurementUnit L-SHOE,InertialMeasurementUnit,271,9.033333333333333,True
S2,S2-Drill,InertialMeasurementUnit R-SHOE,InertialMeasurementUnit,271,9.033333333333333,True
S3,S3-ADL1,Accelerometer RKN^,Accelerometer,19,0.6333333333333333,False
S3,S3-ADL1,Accelerometer RKN^,Accelerometer,20,0.6666666666666666,False
S3,S3-ADL1,Accelerometer RKN^,Accelerometer,19,0.6333333333333333,False
S3,S3-ADL1,Accelerometer RKN^,Accelerometer,20,0.6666666666666666,False
S3,S3-ADL1,Accelerometer RKN^,Accelerometer,20,0.6666666666666666,False
S3,S3-ADL1,Accelerometer RKN^,Accelerometer,20,0.6666666666666666,False
S3,S3-ADL1,Accelerometer RKN^,Accelerometer,20,0.6666666666666666,False
S3,S3-ADL1,Accelerometer RKN^,Accelerometer,19,0.6333333333333333,False
S3,S3-ADL1,Accelerometer RKN^,Accelerometer,20,0.6666666666666666,False
S3,S3-ADL1,Accelerometer RKN^,Accelerometer,20,0.6666666666666666,False
S3,S3-ADL1,Accelerometer RKN^,Accelerometer,20,0.6666666666666666,False
S3,S3-ADL1,Accelerometer RKN^,Accelerometer,20,0.6666666666666666,False
S3,S3-ADL1,Accelerometer RKN^,Accelerometer,20,0.6666666666666666,False
S3,S3-ADL1,Accelerometer RKN^,Accelerometer,20,0.6666666666666666,False
S3,S3-ADL1,Accelerometer RKN^,Accelerometer,952,31.733333333333334,True
S3,S3-ADL1,Accelerometer HIP,Accelerometer,213,7.1,False
S3,S3-ADL1,Accelerometer HIP,Accelerometer,32,1.0666666666666667,False
S3,S3-ADL1,Accelerometer HIP,Accelerometer,362,12.066666666666666,False
S3,S3-ADL1,Accelerometer HIP,Accelerometer,961,32.03333333333333,True
S3,S3-ADL1,Accelerometer LUA^,Accelerometer,19,0.6333333333333333,False
S3,S3-ADL1,Accelerometer LUA^,Accelerometer,20,0.6666666666666666,False
S3,S3-ADL1,Accelerometer LUA^,Accelerometer,20,0.6666666666666666,False
S3,S3-ADL1,Accelerometer LUA^,Accelerometer,20,0.6666666666666666,False
S3,S3-ADL1,Accelerometer LUA^,Accelerometer,20,0.6666666666666666,False
S3,S3-ADL1,Accelerometer LUA^,Accelerometer,20,0.6666666666666666,False
S3,S3-ADL1,Accelerometer LUA^,Accelerometer,19,0.6333333333333333,False
S3,S3-ADL1,Accelerometer LUA^,Accelerometer,20,0.6666666666666666,False
S3,S3-ADL1,Accelerometer LUA^,Accelerometer,21,0.7,False
S3,S3-ADL1,Accelerometer LUA^,Accelerometer,20,0.6666666666666666,False
S3,S3-ADL1,Accelerometer LUA^,Accelerometer,21,0.7,False
S3,S3-ADL1,Accelerometer LUA^,Accelerometer,20,0.6666666666666666,False
S3,S3-ADL1,Accelerometer LUA^,Accelerometer,951,31.7,True
S3,S3-ADL1,Accelerometer RUA_,Accelerometer,6051,201.7,True
S3,S3-ADL1,Accelerometer RUA_,Accelerometer,117,3.9,False
S3,S3-ADL1,Accelerometer RUA_,Accelerometer,145,4.833333333333333,False
S3,S3-ADL1,Accelerometer RUA_,Accelerometer,120,4.0,False
S3,S3-ADL1,Accelerometer RUA_,Accelerometer,25,0.8333333333333334,False
S3,S3-ADL1,Accelerometer RUA_,Accelerometer,108,3.6,False
S3,S3-ADL1,Accelerometer RUA_,Accelerometer,43,1.4333333333333333,False
S3,S3-ADL1,Accelerometer RUA_,Accelerometer,122,4.066666666666666,False
S3,S3-ADL1,Accelerometer RUA_,Accelerometer,57,1.9,False
S3,S3-ADL1,Accelerometer RUA_,Accelerometer,62,2.066666666666667,False
S3,S3-ADL1,Accelerometer RUA_,Accelerometer,4688,156.26666666666668,True
S3,S3-ADL1,Accelerometer LH,Accelerometer,22,0.7333333333333333,False
S3,S3-ADL1,Accelerometer LH,Accelerometer,36,1.2,False
S3,S3-ADL1,Accelerometer LH,Accelerometer,34,1.1333333333333333,False
S3,S3-ADL1,Accelerometer LH,Accelerometer,34,1.1333333333333333,False
S3,S3-ADL1,Accelerometer LH,Accelerometer,20,0.6666666666666666,False
S3,S3-ADL1,Accelerometer LH,Accelerometer,22,0.7333333333333333,False
S3,S3-ADL1,Accelerometer LH,Accelerometer,21,0.7,False
S3,S3-ADL1,Accelerometer LH,Accelerometer,20,0.6666666666666666,False
S3,S3-ADL1,Accelerometer LH,Accelerometer,20,0.6666666666666666,False
S3,S3-ADL1,Accelerometer LH,Accelerometer,24,0.8,False
S3,S3-ADL1,Accelerometer LH,Accelerometer,20,0.6666666666666666,False
S3,S3-ADL1,Accelerometer LH,Accelerometer,20,0.6666666666666666,False
S3,S3-ADL1,Accelerometer LH,Accelerometer,21,0.7,False
S3,S3-ADL1,Accelerometer LH,Accelerometer,40,1.3333333333333333,False
S3,S3-ADL1,Accelerometer LH,Accelerometer,20,0.6666666666666666,False
S3,S3-ADL1,Accelerometer LH,Accelerometer,20,0.6666666666666666,False
S3,S3-ADL1,Accelerometer LH,Accelerometer,20,0.6666666666666666,False
S3,S3-ADL1,Accelerometer LH,Accelerometer,19,0.6333333333333333,False
S3,S3-ADL1,Accelerometer LH,Accelerometer,20,0.6666666666666666,False
S3,S3-ADL1,Accelerometer LH,Accelerometer,21,0.7,False
S3,S3-ADL1,Accelerometer LH,Accelerometer,23,0.7666666666666667,False
S3,S3-ADL1,Accelerometer LH,Accelerometer,20,0.6666666666666666,False
S3,S3-ADL1,Accelerometer LH,Accelerometer,20,0.6666666666666666,False
S3,S3-ADL1,Accelerometer LH,Accelerometer,19,0.6333333333333333,False
S3,S3-ADL1,Accelerometer LH,Accelerometer,952,31.733333333333334,True
S3,S3-ADL1,Accelerometer BACK,Accelerometer,58,1.9333333333333333,False
S3,S3-ADL1,Accelerometer BACK,Accelerometer,177,5.9,False
S3,S3-ADL1,Accelerometer BACK,Accelerometer,28,0.9333333333333333,False
S3,S3-ADL1,Accelerometer BACK,Accelerometer,55,1.8333333333333333,False
S3,S3-ADL1,Accelerometer BACK,Accelerometer,25,0.8333333333333334,False
S3,S3-ADL1,Accelerometer BACK,Accelerometer,35,1.1666666666666667,False
S3,S3-ADL1,Accelerometer BACK,Accelerometer,27,0.9,False
S3,S3-ADL1,Accelerometer BACK,Accelerometer,95,3.1666666666666665,False
S3,S3-ADL1,Accelerometer BACK,Accelerometer,110,3.6666666666666665,False
S3,S3-ADL1,Accelerometer BACK,Accelerometer,120,4.0,False
S3,S3-ADL1,Accelerometer BACK,Accelerometer,113,3.7666666666666666,False
S3,S3-ADL1,Accelerometer BACK,Accelerometer,108,3.6,False
S3,S3-ADL1,Accelerometer BACK,Accelerometer,40,1.3333333333333333,False
S3,S3-ADL1,Accelerometer BACK,Accelerometer,717,23.9,False
S3,S3-ADL1,Accelerometer BACK,Accelerometer,74,2.466666666666667,False
S3,S3-ADL1,Accelerometer BACK,Accelerometer,107,3.566666666666667,False
S3,S3-ADL1,Accelerometer BACK,Accelerometer,83,2.7666666666666666,False
S3,S3-ADL1,Accelerometer BACK,Accelerometer,23,0.7666666666666667,False
S3,S3-ADL1,Accelerometer BACK,Accelerometer,122,4.066666666666666,False
S3,S3-ADL1,Accelerometer BACK,Accelerometer,19,0.6333333333333333,False
S3,S3-ADL1,Accelerometer BACK,Accelerometer,88,2.933333333333333,False
S3,S3-ADL1,Accelerometer BACK,Accelerometer,28,0.9333333333333333,False
S3,S3-ADL1,Accelerometer BACK,Accelerometer,21,0.7,False
S3,S3-ADL1,Accelerometer BACK,Accelerometer,58,1.9333333333333333,False
S3,S3-ADL1,Accelerometer BACK,Accelerometer,28,0.9333333333333333,False
S3,S3-ADL1,Accelerometer BACK,Accelerometer,65,2.1666666666666665,False
S3,S3-ADL1,Accelerometer BACK,Accelerometer,53,1.7666666666666666,False
S3,S3-ADL1,Accelerometer BACK,Accelerometer,29,0.9666666666666667,False
S3,S3-ADL1,Accelerometer BACK,Accelerometer,30,1.0,False
S3,S3-ADL1,Accelerometer BACK,Accelerometer,45,1.5,False
S3,S3-ADL1,Accelerometer BACK,Accelerometer,44,1.4666666666666666,False
S3,S3-ADL1,Accelerometer BACK,Accelerometer,98,3.2666666666666666,False
S3,S3-ADL1,Accelerometer BACK,Accelerometer,53,1.7666666666666666,False
S3,S3-ADL1,Accelerometer BACK,Accelerometer,47,1.5666666666666667,False
S3,S3-ADL1,Accelerometer BACK,Accelerometer,77,2.566666666666667,False
S3,S3-ADL1,Accelerometer BACK,Accelerometer,195,6.5,False
S3,S3-ADL1,Accelerometer BACK,Accelerometer,90,3.0,False
S3,S3-ADL1,Accelerometer BACK,Accelerometer,61,2.033333333333333,False
S3,S3-ADL1,Accelerometer BACK,Accelerometer,21,0.7,False
S3,S3-ADL1,Accelerometer BACK,Accelerometer,56,1.8666666666666667,False
S3,S3-ADL1,Accelerometer BACK,Accelerometer,34,1.1333333333333333,False
S3,S3-ADL1,Accelerometer BACK,Accelerometer,48,1.6,False
S3,S3-ADL1,Accelerometer BACK,Accelerometer,67,2.2333333333333334,False
S3,S3-ADL1,Accelerometer BACK,Accelerometer,49,1.6333333333333333,False
S3,S3-ADL1,Accelerometer BACK,Accelerometer,23,0.7666666666666667,False
S3,S3-ADL1,Accelerometer BACK,Accelerometer,102,3.4,False
S3,S3-ADL1,Accelerometer BACK,Accelerometer,64,2.1333333333333333,False
S3,S3-ADL1,Accelerometer BACK,Accelerometer,39,1.3,False
S3,S3-ADL1,Accelerometer BACK,Accelerometer,104,3.466666666666667,False
S3,S3-ADL1,Accelerometer BACK,Accelerometer,53,1.7666666666666666,False
S3,S3-ADL1,Accelerometer BACK,Accelerometer,34,1.1333333333333333,False
S3,S3-ADL1,Accelerometer BACK,Accelerometer,145,4.833333333333333,False
S3,S3-ADL1,Accelerometer BACK,Accelerometer,216,7.2,False
S3,S3-ADL1,Accelerometer BACK,Accelerometer,44,1.4666666666666666,False
S3,S3-ADL1,Accelerometer BACK,Accelerometer,218,7.266666666666667,False
S3,S3-ADL1,Accelerometer BACK,Accelerometer,39,1.3,False
S3,S3-ADL1,Accelerometer BACK,Accelerometer,182,6.066666666666666,False
S3,S3-ADL1,Accelerometer BACK,Accelerometer,28,0.9333333333333333,False
S3,S3-ADL1,Accelerometer BACK,Accelerometer,69,2.3,False
S3,S3-ADL1,Accelerometer BACK,Accelerometer,36,1.2,False
S3,S3-ADL1,Accelerometer BACK,Accelerometer,37,1.2333333333333334,False
S3,S3-ADL1,Accelerometer BACK,Accelerometer,204,6.8,False
S3,S3-ADL1,Accelerometer BACK,Accelerometer,190,6.333333333333333,False
S3,S3-ADL1,Accelerometer BACK,Accelerometer,52,1.7333333333333334,False
S3,S3-ADL1,Accelerometer BACK,Accelerometer,19,0.6333333333333333,False
S3,S3-ADL1,Accelerometer BACK,Accelerometer,24,0.8,False
S3,S3-ADL1,Accelerometer BACK,Accelerometer,19,0.6333333333333333,False
S3,S3-ADL1,Accelerometer BACK,Accelerometer,135,4.5,False
S3,S3-ADL1,Accelerometer BACK,Accelerometer,29,0.9666666666666667,False
S3,S3-ADL1,Accelerometer BACK,Accelerometer,36,1.2,False
S3,S3-ADL1,Accelerometer BACK,Accelerometer,26,0.8666666666666667,False
S3,S3-ADL1,Accelerometer BACK,Accelerometer,182,6.066666666666666,False
S3,S3-ADL1,Accelerometer BACK,Accelerometer,120,4.0,False
S3,S3-ADL1,Accelerometer BACK,Accelerometer,47,1.5666666666666667,False
S3,S3-ADL1,Accelerometer BACK,Accelerometer,174,5.8,False
S3,S3-ADL1,Accelerometer BACK,Accelerometer,358,11.933333333333334,False
S3,S3-ADL1,Accelerometer BACK,Accelerometer,40,1.3333333333333333,False
S3,S3-ADL1,Accelerometer BACK,Accelerometer,202,6.733333333333333,False
S3,S3-ADL1,Accelerometer BACK,Accelerometer,114,3.8,False
S3,S3-ADL1,Accelerometer BACK,Accelerometer,116,3.8666666666666667,False
S3,S3-ADL1,Accelerometer BACK,Accelerometer,25,0.8333333333333334,False
S3,S3-ADL1,Accelerometer BACK,Accelerometer,27,0.9,False
S3,S3-ADL1,Accelerometer BACK,Accelerometer,40,1.3333333333333333,False
S3,S3-ADL1,Accelerometer BACK,Accelerometer,39,1.3,False
S3,S3-ADL1,Accelerometer BACK,Accelerometer,53,1.7666666666666666,False
S3,S3-ADL1,Accelerometer BACK,Accelerometer,74,2.466666666666667,False
S3,S3-ADL1,Accelerometer BACK,Accelerometer,762,25.4,True
S3,S3-ADL1,Accelerometer RKN_,Accelerometer,67,2.2333333333333334,False
S3,S3-ADL1,Accelerometer RKN_,Accelerometer,33,1.1,False
S3,S3-ADL1,Accelerometer RKN_,Accelerometer,79,2.6333333333333333,False
S3,S3-ADL1,Accelerometer RKN_,Accelerometer,138,4.6,False
S3,S3-ADL1,Accelerometer RKN_,Accelerometer,65,2.1666666666666665,False
S3,S3-ADL1,Accelerometer RKN_,Accelerometer,49,1.6333333333333333,False
S3,S3-ADL1,Accelerometer RKN_,Accelerometer,56,1.8666666666666667,False
S3,S3-ADL1,Accelerometer RKN_,Accelerometer,40,1.3333333333333333,False
S3,S3-ADL1,Accelerometer RKN_,Accelerometer,54,1.8,False
S3,S3-ADL1,Accelerometer RKN_,Accelerometer,60,2.0,False
S3,S3-ADL1,Accelerometer RKN_,Accelerometer,29,0.9666666666666667,False
S3,S3-ADL1,Accelerometer RKN_,Accelerometer,58,1.9333333333333333,False
S3,S3-ADL1,Accelerometer RKN_,Accelerometer,24,0.8,False
S3,S3-ADL1,Accelerometer RKN_,Accelerometer,122,4.066666666666666,False
S3,S3-ADL1,Accelerometer RKN_,Accelerometer,63,2.1,False
S3,S3-ADL1,Accelerometer RKN_,Accelerometer,54,1.8,False
S3,S3-ADL1,Accelerometer RKN_,Accelerometer,62,2.066666666666667,False
S3,S3-ADL1,Accelerometer RKN_,Accelerometer,22,0.7333333333333333,False
S3,S3-ADL1,Accelerometer RKN_,Accelerometer,20,0.6666666666666666,False
S3,S3-ADL1,Accelerometer RKN_,Accelerometer,70,2.3333333333333335,False
S3,S3-ADL1,Accelerometer RKN_,Accelerometer,33,1.1,False
S3,S3-ADL1,Accelerometer RKN_,Accelerometer,22,0.7333333333333333,False
S3,S3-ADL1,Accelerometer RKN_,Accelerometer,28,0.9333333333333333,False
S3,S3-ADL1,Accelerometer RKN_,Accelerometer,140,4.666666666666667,False
S3,S3-ADL1,Accelerometer RKN_,Accelerometer,154,5.133333333333334,False
S3,S3-ADL1,Accelerometer RKN_,Accelerometer,43,1.4333333333333333,False
S3,S3-ADL1,Accelerometer RKN_,Accelerometer,26,0.8666666666666667,False
S3,S3-ADL1,Accelerometer RKN_,Accelerometer,29,0.9666666666666667,False
S3,S3-ADL1,Accelerometer RKN_,Accelerometer,41,1.3666666666666667,False
S3,S3-ADL1,Accelerometer RKN_,Accelerometer,282,9.4,False
S3,S3-ADL1,Accelerometer RKN_,Accelerometer,168,5.6,False
S3,S3-ADL1,Accelerometer RKN_,Accelerometer,31,1.0333333333333334,False
S3,S3-ADL1,Accelerometer RKN_,Accelerometer,331,11.033333333333333,False
S3,S3-ADL1,Accelerometer RKN_,Accelerometer,29,0.9666666666666667,False
S3,S3-ADL1,Accelerometer RKN_,Accelerometer,161,5.366666666666666,False
S3,S3-ADL1,Accelerometer RKN_,Accelerometer,21,0.7,False
S3,S3-ADL1,Accelerometer RKN_,Accelerometer,22,0.7333333333333333,False
S3,S3-ADL1,Accelerometer RKN_,Accelerometer,33,1.1,False
S3,S3-ADL1,Accelerometer RKN_,Accelerometer,112,3.7333333333333334,False
S3,S3-ADL1,Accelerometer RKN_,Accelerometer,48,1.6,False
S3,S3-ADL1,Accelerometer RKN_,Accelerometer,48,1.6,False
S3,S3-ADL1,Accelerometer RKN_,Accelerometer,27,0.9,False
S3,S3-ADL1,Accelerometer RKN_,Accelerometer,270,9.0,False
S3,S3-ADL1,Accelerometer RKN_,Accelerometer,116,3.8666666666666667,False
S3,S3-ADL1,Accelerometer RKN_,Accelerometer,203,6.766666666666667,False
S3,S3-ADL1,Accelerometer RKN_,Accelerometer,42,1.4,False
S3,S3-ADL1,Accelerometer RKN_,Accelerometer,77,2.566666666666667,False
S3,S3-ADL1,Accelerometer RKN_,Accelerometer,58,1.9333333333333333,False
S3,S3-ADL1,Accelerometer RKN_,Accelerometer,36,1.2,False
S3,S3-ADL1,Accelerometer RKN_,Accelerometer,894,29.8,True
S3,S3-ADL1,Accelerometer RWR,Accelerometer,21,0.7,False
S3,S3-ADL1,Accelerometer RWR,Accelerometer,31,1.0333333333333334,False
S3,S3-ADL1,Accelerometer RWR,Accelerometer,52,1.7333333333333334,False
S3,S3-ADL1,Accelerometer RWR,Accelerometer,23,0.7666666666666667,False
S3,S3-ADL1,Accelerometer RWR,Accelerometer,59,1.9666666666666666,False
S3,S3-ADL1,Accelerometer RWR,Accelerometer,61,2.033333333333333,False
S3,S3-ADL1,Accelerometer RWR,Accelerometer,20,0.6666666666666666,False
S3,S3-ADL1,Accelerometer RWR,Accelerometer,59,1.9666666666666666,False
S3,S3-ADL1,Accelerometer RWR,Accelerometer,55,1.8333333333333333,False
S3,S3-ADL1,Accelerometer RWR,Accelerometer,27,0.9,False
S3,S3-ADL1,Accelerometer RWR,Accelerometer,28,0.9333333333333333,False
S3,S3-ADL1,Accelerometer RWR,Accelerometer,997,33.233333333333334,True
S3,S3-ADL1,Accelerometer RUA^,Accelerometer,20,0.6666666666666666,False
S3,S3-ADL1,Accelerometer RUA^,Accelerometer,20,0.6666666666666666,False
S3,S3-ADL1,Accelerometer RUA^,Accelerometer,20,0.6666666666666666,False
S3,S3-ADL1,Accelerometer RUA^,Accelerometer,20,0.6666666666666666,False
S3,S3-ADL1,Accelerometer RUA^,Accelerometer,20,0.6666666666666666,False
S3,S3-ADL1,Accelerometer RUA^,Accelerometer,20,0.6666666666666666,False
S3,S3-ADL1,Accelerometer RUA^,Accelerometer,20,0.6666666666666666,False
S3,S3-ADL1,Accelerometer RUA^,Accelerometer,20,0.6666666666666666,False
S3,S3-ADL1,Accelerometer RUA^,Accelerometer,19,0.6333333333333333,False
S3,S3-ADL1,Accelerometer RUA^,Accelerometer,20,0.6666666666666666,False
S3,S3-ADL1,Accelerometer RUA^,Accelerometer,20,0.6666666666666666,False
S3,S3-ADL1,Accelerometer RUA^,Accelerometer,21,0.7,False
S3,S3-ADL1,Accelerometer RUA^,Accelerometer,944,31.466666666666665,True
S3,S3-ADL1,Accelerometer LUA_,Accelerometer,19,0.6333333333333333,False
S3,S3-ADL1,Accelerometer LUA_,Accelerometer,21,0.7,False
S3,S3-ADL1,Accelerometer LUA_,Accelerometer,20,0.6666666666666666,False
S3,S3-ADL1,Accelerometer LUA_,Accelerometer,20,0.6666666666666666,False
S3,S3-ADL1,Accelerometer LUA_,Accelerometer,20,0.6666666666666666,False
S3,S3-ADL1,Accelerometer LUA_,Accelerometer,20,0.6666666666666666,False
S3,S3-ADL1,Accelerometer LUA_,Accelerometer,19,0.6333333333333333,False
S3,S3-ADL1,Accelerometer LUA_,Accelerometer,20,0.6666666666666666,False
S3,S3-ADL1,Accelerometer LUA_,Accelerometer,20,0.6666666666666666,False
S3,S3-ADL1,Accelerometer LUA_,Accelerometer,944,31.466666666666665,True
S3,S3-ADL1,Accelerometer LWR,Accelerometer,21,0.7,False
S3,S3-ADL1,Accelerometer LWR,Accelerometer,20,0.6666666666666666,False
S3,S3-ADL1,Accelerometer LWR,Accelerometer,32,1.0666666666666667,False
S3,S3-ADL1,Accelerometer LWR,Accelerometer,21,0.7,False
S3,S3-ADL1,Accelerometer LWR,Accelerometer,19,0.6333333333333333,False
S3,S3-ADL1,Accelerometer LWR,Accelerometer,19,0.6333333333333333,False
S3,S3-ADL1,Accelerometer LWR,Accelerometer,19,0.6333333333333333,False
S3,S3-ADL1,Accelerometer LWR,Accelerometer,20,0.6666666666666666,False
S3,S3-ADL1,Accelerometer LWR,Accelerometer,20,0.6666666666666666,False
S3,S3-ADL1,Accelerometer LWR,Accelerometer,21,0.7,False
S3,S3-ADL1,Accelerometer LWR,Accelerometer,19,0.6333333333333333,False
S3,S3-ADL1,Accelerometer LWR,Accelerometer,19,0.6333333333333333,False
S3,S3-ADL1,Accelerometer LWR,Accelerometer,20,0.6666666666666666,False
S3,S3-ADL1,Accelerometer LWR,Accelerometer,20,0.6666666666666666,False
S3,S3-ADL1,Accelerometer LWR,Accelerometer,21,0.7,False
S3,S3-ADL1,Accelerometer LWR,Accelerometer,942,31.4,True
S3,S3-ADL1,Accelerometer RH,Accelerometer,22,0.7333333333333333,False
S3,S3-ADL1,Accelerometer RH,Accelerometer,60,2.0,False
S3,S3-ADL1,Accelerometer RH,Accelerometer,44,1.4666666666666666,False
S3,S3-ADL1,Accelerometer RH,Accelerometer,30,1.0,False
S3,S3-ADL1,Accelerometer RH,Accelerometer,35,1.1666666666666667,False
S3,S3-ADL1,Accelerometer RH,Accelerometer,34,1.1333333333333333,False
S3,S3-ADL1,Accelerometer RH,Accelerometer,41,1.3666666666666667,False
S3,S3-ADL1,Accelerometer RH,Accelerometer,57,1.9,False
S3,S3-ADL1,Accelerometer RH,Accelerometer,126,4.2,False
S3,S3-ADL1,Accelerometer RH,Accelerometer,95,3.1666666666666665,False
S3,S3-ADL1,Accelerometer RH,Accelerometer,98,3.2666666666666666,False
S3,S3-ADL1,Accelerometer RH,Accelerometer,33,1.1,False
S3,S3-ADL1,Accelerometer RH,Accelerometer,941,31.366666666666667,True
S3,S3-ADL1,InertialMeasurementUnit BACK,InertialMeasurementUnit,921,30.7,True
S3,S3-ADL1,InertialMeasurementUnit RUA,InertialMeasurementUnit,921,30.7,True
S3,S3-ADL1,InertialMeasurementUnit RLA,InertialMeasurementUnit,921,30.7,True
S3,S3-ADL1,InertialMeasurementUnit LUA,InertialMeasurementUnit,921,30.7,True
S3,S3-ADL1,InertialMeasurementUnit LLA,InertialMeasurementUnit,921,30.7,True
S3,S3-ADL1,InertialMeasurementUnit L-SHOE,InertialMeasurementUnit,2576,85.86666666666666,True
S3,S3-ADL1,InertialMeasurementUnit R-SHOE,InertialMeasurementUnit,2576,85.86666666666666,True
S3,S3-ADL2,Accelerometer RKN^,Accelerometer,20,0.6666666666666666,False
S3,S3-ADL2,Accelerometer RKN^,Accelerometer,20,0.6666666666666666,False
S3,S3-ADL2,Accelerometer RKN^,Accelerometer,20,0.6666666666666666,False
S3,S3-ADL2,Accelerometer RKN^,Accelerometer,20,0.6666666666666666,False
S3,S3-ADL2,Accelerometer RKN^,Accelerometer,21,0.7,False
S3,S3-ADL2,Accelerometer RKN^,Accelerometer,20,0.6666666666666666,False
S3,S3-ADL2,Accelerometer RKN^,Accelerometer,20,0.6666666666666666,False
S3,S3-ADL2,Accelerometer RKN^,Accelerometer,20,0.6666666666666666,False
S3,S3-ADL2,Accelerometer RKN^,Accelerometer,20,0.6666666666666666,False
S3,S3-ADL2,Accelerometer RKN^,Accelerometer,20,0.6666666666666666,False
S3,S3-ADL2,Accelerometer RKN^,Accelerometer,20,0.6666666666666666,False
S3,S3-ADL2,Accelerometer RKN^,Accelerometer,20,0.6666666666666666,False
S3,S3-ADL2,Accelerometer RKN^,Accelerometer,19,0.6333333333333333,False
S3,S3-ADL2,Accelerometer RKN^,Accelerometer,20,0.6666666666666666,False
S3,S3-ADL2,Accelerometer RKN^,Accelerometer,19,0.6333333333333333,False
S3,S3-ADL2,Accelerometer RKN^,Accelerometer,20,0.6666666666666666,False
S3,S3-ADL2,Accelerometer RKN^,Accelerometer,20,0.6666666666666666,False
S3,S3-ADL2,Accelerometer RKN^,Accelerometer,406,13.533333333333333,True
S3,S3-ADL2,Accelerometer HIP,Accelerometer,403,13.433333333333334,True
S3,S3-ADL2,Accelerometer LUA^,Accelerometer,21,0.7,False
S3,S3-ADL2,Accelerometer LUA^,Accelerometer,403,13.433333333333334,True
S3,S3-ADL2,Accelerometer RUA_,Accelerometer,25,0.8333333333333334,False
S3,S3-ADL2,Accelerometer RUA_,Accelerometer,401,13.366666666666667,True
S3,S3-ADL2,Accelerometer LH,Accelerometer,23,0.7666666666666667,False
S3,S3-ADL2,Accelerometer LH,Accelerometer,21,0.7,False
S3,S3-ADL2,Accelerometer LH,Accelerometer,31,1.0333333333333334,False
S3,S3-ADL2,Accelerometer LH,Accelerometer,24,0.8,False
S3,S3-ADL2,Accelerometer LH,Accelerometer,20,0.6666666666666666,False
S3,S3-ADL2,Accelerometer LH,Accelerometer,38,1.2666666666666666,False
S3,S3-ADL2,Accelerometer LH,Accelerometer,20,0.6666666666666666,False
S3,S3-ADL2,Accelerometer LH,Accelerometer,19,0.6333333333333333,False
S3,S3-ADL2,Accelerometer LH,Accelerometer,21,0.7,False
S3,S3-ADL2,Accelerometer LH,Accelerometer,20,0.6666666666666666,False
S3,S3-ADL2,Accelerometer LH,Accelerometer,21,0.7,False
S3,S3-ADL2,Accelerometer LH,Accelerometer,21,0.7,False
S3,S3-ADL2,Accelerometer LH,Accelerometer,20,0.6666666666666666,False
S3,S3-ADL2,Accelerometer LH,Accelerometer,20,0.6666666666666666,False
S3,S3-ADL2,Accelerometer LH,Accelerometer,20,0.6666666666666666,False
S3,S3-ADL2,Accelerometer LH,Accelerometer,19,0.6333333333333333,False
S3,S3-ADL2,Accelerometer LH,Accelerometer,20,0.6666666666666666,False
S3,S3-ADL2,Accelerometer LH,Accelerometer,21,0.7,False
S3,S3-ADL2,Accelerometer LH,Accelerometer,22,0.7333333333333333,False
S3,S3-ADL2,Accelerometer LH,Accelerometer,31,1.0333333333333334,False
S3,S3-ADL2,Accelerometer LH,Accelerometer,32,1.0666666666666667,False
S3,S3-ADL2,Accelerometer LH,Accelerometer,22,0.7333333333333333,False
S3,S3-ADL2,Accelerometer LH,Accelerometer,402,13.4,True
S3,S3-ADL2,Accelerometer BACK,Accelerometer,62,2.066666666666667,False
S3,S3-ADL2,Accelerometer BACK,Accelerometer,97,3.2333333333333334,False
S3,S3-ADL2,Accelerometer BACK,Accelerometer,111,3.7,False
S3,S3-ADL2,Accelerometer BACK,Accelerometer,107,3.566666666666667,False
S3,S3-ADL2,Accelerometer BACK,Accelerometer,273,9.1,False
S3,S3-ADL2,Accelerometer BACK,Accelerometer,574,19.133333333333333,False
S3,S3-ADL2,Accelerometer BACK,Accelerometer,155,5.166666666666667,False
S3,S3-ADL2,Accelerometer BACK,Accelerometer,271,9.033333333333333,False
S3,S3-ADL2,Accelerometer BACK,Accelerometer,211,7.033333333333333,False
S3,S3-ADL2,Accelerometer BACK,Accelerometer,27,0.9,False
S3,S3-ADL2,Accelerometer BACK,Accelerometer,125,4.166666666666667,False
S3,S3-ADL2,Accelerometer BACK,Accelerometer,54,1.8,False
S3,S3-ADL2,Accelerometer BACK,Accelerometer,25,0.8333333333333334,False
S3,S3-ADL2,Accelerometer BACK,Accelerometer,42,1.4,False
S3,S3-ADL2,Accelerometer BACK,Accelerometer,138,4.6,False
S3,S3-ADL2,Accelerometer BACK,Accelerometer,57,1.9,False
S3,S3-ADL2,Accelerometer BACK,Accelerometer,123,4.1,False
S3,S3-ADL2,Accelerometer BACK,Accelerometer,45,1.5,False
S3,S3-ADL2,Accelerometer BACK,Accelerometer,110,3.6666666666666665,False
S3,S3-ADL2,Accelerometer BACK,Accelerometer,276,9.2,False
S3,S3-ADL2,Accelerometer BACK,Accelerometer,87,2.9,False
S3,S3-ADL2,Accelerometer BACK,Accelerometer,79,2.6333333333333333,False
S3,S3-ADL2,Accelerometer BACK,Accelerometer,47,1.5666666666666667,False
S3,S3-ADL2,Accelerometer BACK,Accelerometer,265,8.833333333333334,False
S3,S3-ADL2,Accelerometer BACK,Accelerometer,284,9.466666666666667,False
S3,S3-ADL2,Accelerometer BACK,Accelerometer,87,2.9,False
S3,S3-ADL2,Accelerometer BACK,Accelerometer,252,8.4,False
S3,S3-ADL2,Accelerometer BACK,Accelerometer,47,1.5666666666666667,False
S3,S3-ADL2,Accelerometer BACK,Accelerometer,229,7.633333333333334,False
S3,S3-ADL2,Accelerometer BACK,Accelerometer,23,0.7666666666666667,False
S3,S3-ADL2,Accelerometer BACK,Accelerometer,23,0.7666666666666667,False
S3,S3-ADL2,Accelerometer BACK,Accelerometer,59,1.9666666666666666,False
S3,S3-ADL2,Accelerometer BACK,Accelerometer,372,12.4,False
S3,S3-ADL2,Accelerometer BACK,Accelerometer,187,6.233333333333333,False
S3,S3-ADL2,Accelerometer BACK,Accelerometer,47,1.5666666666666667,False
S3,S3-ADL2,Accelerometer BACK,Accelerometer,34,1.1333333333333333,False
S3,S3-ADL2,Accelerometer BACK,Accelerometer,22,0.7333333333333333,False
S3,S3-ADL2,Accelerometer BACK,Accelerometer,58,1.9333333333333333,False
S3,S3-ADL2,Accelerometer RKN_,Accelerometer,55,1.8333333333333333,False
S3,S3-ADL2,Accelerometer RKN_,Accelerometer,109,3.6333333333333333,False
S3,S3-ADL2,Accelerometer RKN_,Accelerometer,46,1.5333333333333334,False
S3,S3-ADL2,Accelerometer RKN_,Accelerometer,48,1.6,False
S3,S3-ADL2,Accelerometer RKN_,Accelerometer,25,0.8333333333333334,False
S3,S3-ADL2,Accelerometer RKN_,Accelerometer,80,2.6666666666666665,False
S3,S3-ADL2,Accelerometer RKN_,Accelerometer,34,1.1333333333333333,False
S3,S3-ADL2,Accelerometer RKN_,Accelerometer,21,0.7,False
S3,S3-ADL2,Accelerometer RKN_,Accelerometer,50,1.6666666666666667,False
S3,S3-ADL2,Accelerometer RKN_,Accelerometer,54,1.8,False
S3,S3-ADL2,Accelerometer RKN_,Accelerometer,26,0.8666666666666667,False
S3,S3-ADL2,Accelerometer RKN_,Accelerometer,62,2.066666666666667,False
S3,S3-ADL2,Accelerometer RKN_,Accelerometer,52,1.7333333333333334,False
S3,S3-ADL2,Accelerometer RKN_,Accelerometer,139,4.633333333333334,False
S3,S3-ADL2,Accelerometer RKN_,Accelerometer,28,0.9333333333333333,False
S3,S3-ADL2,Accelerometer RKN_,Accelerometer,47,1.5666666666666667,False
S3,S3-ADL2,Accelerometer RKN_,Accelerometer,20,0.6666666666666666,False
S3,S3-ADL2,Accelerometer RKN_,Accelerometer,21,0.7,False
S3,S3-ADL2,Accelerometer RKN_,Accelerometer,27,0.9,False
S3,S3-ADL2,Accelerometer RKN_,Accelerometer,41,1.3666666666666667,False
S3,S3-ADL2,Accelerometer RKN_,Accelerometer,25,0.8333333333333334,False
S3,S3-ADL2,Accelerometer RKN_,Accelerometer,49,1.6333333333333333,False
S3,S3-ADL2,Accelerometer RKN_,Accelerometer,36,1.2,False
S3,S3-ADL2,Accelerometer RKN_,Accelerometer,83,2.7666666666666666,False
S3,S3-ADL2,Accelerometer RKN_,Accelerometer,23,0.7666666666666667,False
S3,S3-ADL2,Accelerometer RKN_,Accelerometer,101,3.3666666666666667,False
S3,S3-ADL2,Accelerometer RKN_,Accelerometer,178,5.933333333333334,False
S3,S3-ADL2,Accelerometer RKN_,Accelerometer,22,0.7333333333333333,False
S3,S3-ADL2,Accelerometer RKN_,Accelerometer,69,2.3,False
S3,S3-ADL2,Accelerometer RKN_,Accelerometer,28,0.9333333333333333,False
S3,S3-ADL2,Accelerometer RKN_,Accelerometer,83,2.7666666666666666,False
S3,S3-ADL2,Accelerometer RKN_,Accelerometer,105,3.5,False
S3,S3-ADL2,Accelerometer RKN_,Accelerometer,60,2.0,False
S3,S3-ADL2,Accelerometer RKN_,Accelerometer,28,0.9333333333333333,False
S3,S3-ADL2,Accelerometer RKN_,Accelerometer,80,2.6666666666666665,False
S3,S3-ADL2,Accelerometer RKN_,Accelerometer,137,4.566666666666666,False
S3,S3-ADL2,Accelerometer RKN_,Accelerometer,127,4.233333333333333,False
S3,S3-ADL2,Accelerometer RKN_,Accelerometer,143,4.766666666666667,False
S3,S3-ADL2,Accelerometer RKN_,Accelerometer,25,0.8333333333333334,False
S3,S3-ADL2,Accelerometer RKN_,Accelerometer,26,0.8666666666666667,False
S3,S3-ADL2,Accelerometer RKN_,Accelerometer,353,11.766666666666667,True
S3,S3-ADL2,Accelerometer RWR,Accelerometer,158,5.266666666666667,False
S3,S3-ADL2,Accelerometer RWR,Accelerometer,91,3.033333333333333,False
S3,S3-ADL2,Accelerometer RWR,Accelerometer,371,12.366666666666667,False
S3,S3-ADL2,Accelerometer RWR,Accelerometer,25,0.8333333333333334,False
S3,S3-ADL2,Accelerometer RWR,Accelerometer,44,1.4666666666666666,False
S3,S3-ADL2,Accelerometer RWR,Accelerometer,103,3.433333333333333,False
S3,S3-ADL2,Accelerometer RWR,Accelerometer,29,0.9666666666666667,False
S3,S3-ADL2,Accelerometer RWR,Accelerometer,37,1.2333333333333334,False
S3,S3-ADL2,Accelerometer RWR,Accelerometer,62,2.066666666666667,False
S3,S3-ADL2,Accelerometer RWR,Accelerometer,84,2.8,False
S3,S3-ADL2,Accelerometer RWR,Accelerometer,19,0.6333333333333333,False
S3,S3-ADL2,Accelerometer RWR,Accelerometer,321,10.7,False
S3,S3-ADL2,Accelerometer RWR,Accelerometer,1797,59.9,False
S3,S3-ADL2,Accelerometer RWR,Accelerometer,229,7.633333333333334,False
S3,S3-ADL2,Accelerometer RWR,Accelerometer,79,2.6333333333333333,False
S3,S3-ADL2,Accelerometer RWR,Accelerometer,670,22.333333333333332,False
S3,S3-ADL2,Accelerometer RWR,Accelerometer,872,29.066666666666666,False
S3,S3-ADL2,Accelerometer RWR,Accelerometer,436,14.533333333333333,True
S3,S3-ADL2,Accelerometer RUA^,Accelerometer,384,12.8,True
S3,S3-ADL2,Accelerometer LUA_,Accelerometer,20,0.6666666666666666,False
S3,S3-ADL2,Accelerometer LUA_,Accelerometer,21,0.7,False
S3,S3-ADL2,Accelerometer LUA_,Accelerometer,20,0.6666666666666666,False
S3,S3-ADL2,Accelerometer LUA_,Accelerometer,20,0.6666666666666666,False
S3,S3-ADL2,Accelerometer LUA_,Accelerometer,19,0.6333333333333333,False
S3,S3-ADL2,Accelerometer LUA_,Accelerometer,20,0.6666666666666666,False
S3,S3-ADL2,Accelerometer LUA_,Accelerometer,20,0.6666666666666666,False
S3,S3-ADL2,Accelerometer LUA_,Accelerometer,19,0.6333333333333333,False
S3,S3-ADL2,Accelerometer LUA_,Accelerometer,19,0.6333333333333333,False
S3,S3-ADL2,Accelerometer LUA_,Accelerometer,21,0.7,False
S3,S3-ADL2,Accelerometer LUA_,Accelerometer,20,0.6666666666666666,False
S3,S3-ADL2,Accelerometer LUA_,Accelerometer,20,0.6666666666666666,False
S3,S3-ADL2,Accelerometer LUA_,Accelerometer,19,0.6333333333333333,False
S3,S3-ADL2,Accelerometer LUA_,Accelerometer,383,12.766666666666667,True
S3,S3-ADL2,Accelerometer LWR,Accelerometer,20,0.6666666666666666,False
S3,S3-ADL2,Accelerometer LWR,Accelerometer,19,0.6333333333333333,False
S3,S3-ADL2,Accelerometer LWR,Accelerometer,21,0.7,False
S3,S3-ADL2,Accelerometer LWR,Accelerometer,21,0.7,False
S3,S3-ADL2,Accelerometer LWR,Accelerometer,20,0.6666666666666666,False
S3,S3-ADL2,Accelerometer LWR,Accelerometer,38,1.2666666666666666,False
S3,S3-ADL2,Accelerometer LWR,Accelerometer,20,0.6666666666666666,False
S3,S3-ADL2,Accelerometer LWR,Accelerometer,21,0.7,False
S3,S3-ADL2,Accelerometer LWR,Accelerometer,20,0.6666666666666666,False
S3,S3-ADL2,Accelerometer LWR,Accelerometer,20,0.6666666666666666,False
S3,S3-ADL2,Accelerometer LWR,Accelerometer,21,0.7,False
S3,S3-ADL2,Accelerometer LWR,Accelerometer,20,0.6666666666666666,False
S3,S3-ADL2,Accelerometer LWR,Accelerometer,21,0.7,False
S3,S3-ADL2,Accelerometer LWR,Accelerometer,20,0.6666666666666666,False
S3,S3-ADL2,Accelerometer LWR,Accelerometer,20,0.6666666666666666,False
S3,S3-ADL2,Accelerometer LWR,Accelerometer,376,12.533333333333333,True
S3,S3-ADL2,Accelerometer RH,Accelerometer,38,1.2666666666666666,False
S3,S3-ADL2,Accelerometer RH,Accelerometer,34,1.1333333333333333,False
S3,S3-ADL2,Accelerometer RH,Accelerometer,379,12.633333333333333,True
S3,S3-ADL2,InertialMeasurementUnit BACK,InertialMeasurementUnit,368,12.266666666666667,True
S3,S3-ADL2,InertialMeasurementUnit RUA,InertialMeasurementUnit,368,12.266666666666667,True
S3,S3-ADL2,InertialMeasurementUnit RLA,InertialMeasurementUnit,368,12.266666666666667,True
S3,S3-ADL2,InertialMeasurementUnit LUA,InertialMeasurementUnit,368,12.266666666666667,True
S3,S3-ADL2,InertialMeasurementUnit LLA,InertialMeasurementUnit,368,12.266666666666667,True
S3,S3-ADL2,InertialMeasurementUnit L-SHOE,InertialMeasurementUnit,204,6.8,True
S3,S3-ADL2,InertialMeasurementUnit R-SHOE,InertialMeasurementUnit,204,6.8,True
S3,S3-ADL3,Accelerometer RKN^,Accelerometer,20,0.6666666666666666,False
S3,S3-ADL3,Accelerometer RKN^,Accelerometer,20,0.6666666666666666,False
S3,S3-ADL3,Accelerometer RKN^,Accelerometer,21,0.7,False
S3,S3-ADL3,Accelerometer RKN^,Accelerometer,1563,52.1,False
S3,S3-ADL3,Accelerometer RKN^,Accelerometer,20,0.6666666666666666,False
S3,S3-ADL3,Accelerometer RKN^,Accelerometer,20,0.6666666666666666,False
S3,S3-ADL3,Accelerometer RKN^,Accelerometer,20,0.6666666666666666,False
S3,S3-ADL3,Accelerometer RKN^,Accelerometer,19,0.6333333333333333,False
S3,S3-ADL3,Accelerometer RKN^,Accelerometer,20,0.6666666666666666,False
S3,S3-ADL3,Accelerometer RKN^,Accelerometer,20,0.6666666666666666,False
S3,S3-ADL3,Accelerometer RKN^,Accelerometer,20,0.6666666666666666,False
S3,S3-ADL3,Accelerometer RKN^,Accelerometer,20,0.6666666666666666,False
S3,S3-ADL3,Accelerometer RKN^,Accelerometer,20,0.6666666666666666,False
S3,S3-ADL3,Accelerometer RKN^,Accelerometer,20,0.6666666666666666,False
S3,S3-ADL3,Accelerometer RKN^,Accelerometer,19,0.6333333333333333,False
S3,S3-ADL3,Accelerometer RKN^,Accelerometer,19,0.6333333333333333,False
S3,S3-ADL3,Accelerometer RKN^,Accelerometer,20,0.6666666666666666,False
S3,S3-ADL3,Accelerometer RKN^,Accelerometer,20,0.6666666666666666,False
S3,S3-ADL3,Accelerometer RKN^,Accelerometer,20,0.6666666666666666,False
S3,S3-ADL3,Accelerometer RKN^,Accelerometer,20,0.6666666666666666,False
S3,S3-ADL3,Accelerometer RKN^,Accelerometer,20,0.6666666666666666,False
S3,S3-ADL3,Accelerometer RKN^,Accelerometer,20,0.6666666666666666,False
S3,S3-ADL3,Accelerometer RKN^,Accelerometer,20,0.6666666666666666,False
S3,S3-ADL3,Accelerometer RKN^,Accelerometer,348,11.6,True
S3,S3-ADL3,Accelerometer HIP,Accelerometer,973,32.43333333333333,False
S3,S3-ADL3,Accelerometer HIP,Accelerometer,969,32.3,False
S3,S3-ADL3,Accelerometer HIP,Accelerometer,357,11.9,True
S3,S3-ADL3,Accelerometer LUA^,Accelerometer,40,1.3333333333333333,False
S3,S3-ADL3,Accelerometer LUA^,Accelerometer,47,1.5666666666666667,False
S3,S3-ADL3,Accelerometer LUA^,Accelerometer,24,0.8,False
S3,S3-ADL3,Accelerometer LUA^,Accelerometer,36,1.2,False
S3,S3-ADL3,Accelerometer LUA^,Accelerometer,39,1.3,False
S3,S3-ADL3,Accelerometer LUA^,Accelerometer,53,1.7666666666666666,False
S3,S3-ADL3,Accelerometer LUA^,Accelerometer,1400,46.666666666666664,False
S3,S3-ADL3,Accelerometer LUA^,Accelerometer,51,1.7,False
S3,S3-ADL3,Accelerometer LUA^,Accelerometer,40,1.3333333333333333,False
S3,S3-ADL3,Accelerometer LUA^,Accelerometer,94,3.1333333333333333,False
S3,S3-ADL3,Accelerometer LUA^,Accelerometer,115,3.8333333333333335,False
S3,S3-ADL3,Accelerometer LUA^,Accelerometer,36,1.2,False
S3,S3-ADL3,Accelerometer LUA^,Accelerometer,63,2.1,False
S3,S3-ADL3,Accelerometer LUA^,Accelerometer,22,0.7333333333333333,False
S3,S3-ADL3,Accelerometer LUA^,Accelerometer,38,1.2666666666666666,False
S3,S3-ADL3,Accelerometer LUA^,Accelerometer,93,3.1,False
S3,S3-ADL3,Accelerometer LUA^,Accelerometer,313,10.433333333333334,True
S3,S3-ADL3,Accelerometer RUA_,Accelerometer,35,1.1666666666666667,False
S3,S3-ADL3,Accelerometer RUA_,Accelerometer,75,2.5,False
S3,S3-ADL3,Accelerometer RUA_,Accelerometer,358,11.933333333333334,True
S3,S3-ADL3,Accelerometer LH,Accelerometer,70,2.3333333333333335,False
S3,S3-ADL3,Accelerometer LH,Accelerometer,49,1.6333333333333333,False
S3,S3-ADL3,Accelerometer LH,Accelerometer,1516,50.53333333333333,False
S3,S3-ADL3,Accelerometer LH,Accelerometer,40,1.3333333333333333,False
S3,S3-ADL3,Accelerometer LH,Accelerometer,66,2.2,False
S3,S3-ADL3,Accelerometer LH,Accelerometer,72,2.4,False
S3,S3-ADL3,Accelerometer LH,Accelerometer,334,11.133333333333333,True
S3,S3-ADL3,Accelerometer BACK,Accelerometer,1895,63.166666666666664,False
S3,S3-ADL3,Accelerometer BACK,Accelerometer,345,11.5,True
S3,S3-ADL3,Accelerometer RKN_,Accelerometer,59,1.9666666666666666,False
S3,S3-ADL3,Accelerometer RKN_,Accelerometer,19,0.6333333333333333,False
S3,S3-ADL3,Accelerometer RKN_,Accelerometer,58,1.9333333333333333,False
S3,S3-ADL3,Accelerometer RKN_,Accelerometer,72,2.4,False
S3,S3-ADL3,Accelerometer RKN_,Accelerometer,36,1.2,False
S3,S3-ADL3,Accelerometer RKN_,Accelerometer,1296,43.2,False
S3,S3-ADL3,Accelerometer RKN_,Accelerometer,864,28.8,False
S3,S3-ADL3,Accelerometer RKN_,Accelerometer,341,11.366666666666667,True
S3,S3-ADL3,Accelerometer RWR,Accelerometer,21,0.7,False
S3,S3-ADL3,Accelerometer RWR,Accelerometer,94,3.1333333333333333,False
S3,S3-ADL3,Accelerometer RWR,Accelerometer,84,2.8,False
S3,S3-ADL3,Accelerometer RWR,Accelerometer,90,3.0,False
S3,S3-ADL3,Accelerometer RWR,Accelerometer,97,3.2333333333333334,False
S3,S3-ADL3,Accelerometer RWR,Accelerometer,336,11.2,True
S3,S3-ADL3,Accelerometer RUA^,Accelerometer,30,1.0,False
S3,S3-ADL3,Accelerometer RUA^,Accelerometer,420,14.0,True
S3,S3-ADL3,Accelerometer LUA_,Accelerometer,66,2.2,False
S3,S3-ADL3,Accelerometer LUA_,Accelerometer,24,0.8,False
S3,S3-ADL3,Accelerometer LUA_,Accelerometer,1360,45.333333333333336,False
S3,S3-ADL3,Accelerometer LUA_,Accelerometer,34,1.1333333333333333,False
S3,S3-ADL3,Accelerometer LUA_,Accelerometer,76,2.533333333333333,False
S3,S3-ADL3,Accelerometer LUA_,Accelerometer,41,1.3666666666666667,False
S3,S3-ADL3,Accelerometer LUA_,Accelerometer,55,1.8333333333333333,False
S3,S3-ADL3,Accelerometer LUA_,Accelerometer,70,2.3333333333333335,False
S3,S3-ADL3,Accelerometer LUA_,Accelerometer,47,1.5666666666666667,False
S3,S3-ADL3,Accelerometer LUA_,Accelerometer,39,1.3,False
S3,S3-ADL3,Accelerometer LUA_,Accelerometer,26,0.8666666666666667,False
S3,S3-ADL3,Accelerometer LUA_,Accelerometer,279,9.3,True
S3,S3-ADL3,Accelerometer LWR,Accelerometer,40,1.3333333333333333,False
S3,S3-ADL3,Accelerometer LWR,Accelerometer,21,0.7,False
S3,S3-ADL3,Accelerometer LWR,Accelerometer,38,1.2666666666666666,False
S3,S3-ADL3,Accelerometer LWR,Accelerometer,33,1.1,False
S3,S3-ADL3,Accelerometer LWR,Accelerometer,64,2.1333333333333333,False
S3,S3-ADL3,Accelerometer LWR,Accelerometer,38,1.2666666666666666,False
S3,S3-ADL3,Accelerometer LWR,Accelerometer,69,2.3,False
S3,S3-ADL3,Accelerometer LWR,Accelerometer,104,3.466666666666667,False
S3,S3-ADL3,Accelerometer LWR,Accelerometer,74,2.466666666666667,False
S3,S3-ADL3,Accelerometer LWR,Accelerometer,45,1.5,False
S3,S3-ADL3,Accelerometer LWR,Accelerometer,20,0.6666666666666666,False
S3,S3-ADL3,Accelerometer LWR,Accelerometer,33,1.1,False
S3,S3-ADL3,Accelerometer LWR,Accelerometer,1323,44.1,False
S3,S3-ADL3,Accelerometer LWR,Accelerometer,20,0.6666666666666666,False
S3,S3-ADL3,Accelerometer LWR,Accelerometer,25,0.8333333333333334,False
S3,S3-ADL3,Accelerometer LWR,Accelerometer,21,0.7,False
S3,S3-ADL3,Accelerometer LWR,Accelerometer,66,2.2,False
S3,S3-ADL3,Accelerometer LWR,Accelerometer,106,3.533333333333333,False
S3,S3-ADL3,Accelerometer LWR,Accelerometer,65,2.1666666666666665,False
S3,S3-ADL3,Accelerometer LWR,Accelerometer,43,1.4333333333333333,False
S3,S3-ADL3,Accelerometer LWR,Accelerometer,42,1.4,False
S3,S3-ADL3,Accelerometer LWR,Accelerometer,119,3.966666666666667,False
S3,S3-ADL3,Accelerometer LWR,Accelerometer,42,1.4,False
S3,S3-ADL3,Accelerometer LWR,Accelerometer,36,1.2,False
S3,S3-ADL3,Accelerometer LWR,Accelerometer,21,0.7,False
S3,S3-ADL3,Accelerometer LWR,Accelerometer,31,1.0333333333333334,False
S3,S3-ADL3,Accelerometer LWR,Accelerometer,70,2.3333333333333335,False
S3,S3-ADL3,Accelerometer LWR,Accelerometer,22,0.7333333333333333,False
S3,S3-ADL3,Accelerometer LWR,Accelerometer,26,0.8666666666666667,False
S3,S3-ADL3,Accelerometer LWR,Accelerometer,58,1.9333333333333333,False
S3,S3-ADL3,Accelerometer LWR,Accelerometer,37,1.2333333333333334,False
S3,S3-ADL3,Accelerometer LWR,Accelerometer,32,1.0666666666666667,False
S3,S3-ADL3,Accelerometer LWR,Accelerometer,29,0.9666666666666667,False
S3,S3-ADL3,Accelerometer LWR,Accelerometer,21,0.7,False
S3,S3-ADL3,Accelerometer LWR,Accelerometer,137,4.566666666666666,False
S3,S3-ADL3,Accelerometer LWR,Accelerometer,20,0.6666666666666666,False
S3,S3-ADL3,Accelerometer LWR,Accelerometer,47,1.5666666666666667,False
S3,S3-ADL3,Accelerometer LWR,Accelerometer,163,5.433333333333334,False
S3,S3-ADL3,Accelerometer LWR,Accelerometer,165,5.5,False
S3,S3-ADL3,Accelerometer LWR,Accelerometer,35,1.1666666666666667,False
S3,S3-ADL3,Accelerometer LWR,Accelerometer,123,4.1,False
S3,S3-ADL3,Accelerometer LWR,Accelerometer,24,0.8,False
S3,S3-ADL3,Accelerometer LWR,Accelerometer,113,3.7666666666666666,False
S3,S3-ADL3,Accelerometer LWR,Accelerometer,48,1.6,False
S3,S3-ADL3,Accelerometer LWR,Accelerometer,78,2.6,False
S3,S3-ADL3,Accelerometer LWR,Accelerometer,218,7.266666666666667,True
S3,S3-ADL3,Accelerometer RH,Accelerometer,22,0.7333333333333333,False
S3,S3-ADL3,Accelerometer RH,Accelerometer,55,1.8333333333333333,False
S3,S3-ADL3,Accelerometer RH,Accelerometer,71,2.3666666666666667,False
S3,S3-ADL3,Accelerometer RH,Accelerometer,20,0.6666666666666666,False
S3,S3-ADL3,Accelerometer RH,Accelerometer,20,0.6666666666666666,False
S3,S3-ADL3,Accelerometer RH,Accelerometer,20,0.6666666666666666,False
S3,S3-ADL3,Accelerometer RH,Accelerometer,19,0.6333333333333333,False
S3,S3-ADL3,Accelerometer RH,Accelerometer,20,0.6666666666666666,False
S3,S3-ADL3,Accelerometer RH,Accelerometer,20,0.6666666666666666,False
S3,S3-ADL3,Accelerometer RH,Accelerometer,20,0.6666666666666666,False
S3,S3-ADL3,Accelerometer RH,Accelerometer,19,0.6333333333333333,False
S3,S3-ADL3,Accelerometer RH,Accelerometer,13143,438.1,True
S3,S3-ADL3,InertialMeasurementUnit BACK,InertialMeasurementUnit,269,8.966666666666667,True
S3,S3-ADL3,InertialMeasurementUnit RUA,InertialMeasurementUnit,269,8.966666666666667,True
S3,S3-ADL3,InertialMeasurementUnit RLA,InertialMeasurementUnit,269,8.966666666666667,True
S3,S3-ADL3,InertialMeasurementUnit LUA,InertialMeasurementUnit,269,8.966666666666667,True
S3,S3-ADL3,InertialMeasurementUnit LLA,InertialMeasurementUnit,269,8.966666666666667,True
S3,S3-ADL4,Accelerometer RKN^,Accelerometer,26,0.8666666666666667,False
S3,S3-ADL4,Accelerometer RKN^,Accelerometer,44,1.4666666666666666,False
S3,S3-ADL4,Accelerometer RKN^,Accelerometer,64,2.1333333333333333,False
S3,S3-ADL4,Accelerometer RKN^,Accelerometer,97,3.2333333333333334,False
S3,S3-ADL4,Accelerometer RKN^,Accelerometer,142,4.733333333333333,False
S3,S3-ADL4,Accelerometer RKN^,Accelerometer,22,0.7333333333333333,False
S3,S3-ADL4,Accelerometer RKN^,Accelerometer,73,2.433333333333333,False
S3,S3-ADL4,Accelerometer RKN^,Accelerometer,75,2.5,False
S3,S3-ADL4,Accelerometer RKN^,Accelerometer,88,2.933333333333333,False
S3,S3-ADL4,Accelerometer RKN^,Accelerometer,99,3.3,False
S3,S3-ADL4,Accelerometer RKN^,Accelerometer,35,1.1666666666666667,False
S3,S3-ADL4,Accelerometer RKN^,Accelerometer,126,4.2,False
S3,S3-ADL4,Accelerometer RKN^,Accelerometer,43,1.4333333333333333,False
S3,S3-ADL4,Accelerometer RKN^,Accelerometer,37,1.2333333333333334,False
S3,S3-ADL4,Accelerometer RKN^,Accelerometer,20,0.6666666666666666,False
S3,S3-ADL4,Accelerometer RKN^,Accelerometer,31,1.0333333333333334,False
S3,S3-ADL4,Accelerometer RKN^,Accelerometer,122,4.066666666666666,False
S3,S3-ADL4,Accelerometer RKN^,Accelerometer,63,2.1,False
S3,S3-ADL4,Accelerometer RKN^,Accelerometer,62,2.066666666666667,False
S3,S3-ADL4,Accelerometer RKN^,Accelerometer,70,2.3333333333333335,False
S3,S3-ADL4,Accelerometer RKN^,Accelerometer,35,1.1666666666666667,False
S3,S3-ADL4,Accelerometer RKN^,Accelerometer,25,0.8333333333333334,False
S3,S3-ADL4,Accelerometer RKN^,Accelerometer,39,1.3,False
S3,S3-ADL4,Accelerometer RKN^,Accelerometer,30,1.0,False
S3,S3-ADL4,Accelerometer RKN^,Accelerometer,74,2.466666666666667,False
S3,S3-ADL4,Accelerometer RKN^,Accelerometer,80,2.6666666666666665,False
S3,S3-ADL4,Accelerometer RKN^,Accelerometer,94,3.1333333333333333,False
S3,S3-ADL4,Accelerometer RKN^,Accelerometer,48,1.6,False
S3,S3-ADL4,Accelerometer RKN^,Accelerometer,117,3.9,False
S3,S3-ADL4,Accelerometer RKN^,Accelerometer,31,1.0333333333333334,False
S3,S3-ADL4,Accelerometer RKN^,Accelerometer,61,2.033333333333333,False
S3,S3-ADL4,Accelerometer RKN^,Accelerometer,25,0.8333333333333334,False
S3,S3-ADL4,Accelerometer RKN^,Accelerometer,36,1.2,False
S3,S3-ADL4,Accelerometer RKN^,Accelerometer,55,1.8333333333333333,False
S3,S3-ADL4,Accelerometer RKN^,Accelerometer,25,0.8333333333333334,False
S3,S3-ADL4,Accelerometer RKN^,Accelerometer,253,8.433333333333334,True
S3,S3-ADL4,Accelerometer HIP,Accelerometer,20,0.6666666666666666,False
S3,S3-ADL4,Accelerometer HIP,Accelerometer,66,2.2,False
S3,S3-ADL4,Accelerometer HIP,Accelerometer,49,1.6333333333333333,False
S3,S3-ADL4,Accelerometer HIP,Accelerometer,56,1.8666666666666667,False
S3,S3-ADL4,Accelerometer HIP,Accelerometer,32,1.0666666666666667,False
S3,S3-ADL4,Accelerometer HIP,Accelerometer,24,0.8,False
S3,S3-ADL4,Accelerometer HIP,Accelerometer,20,0.6666666666666666,False
S3,S3-ADL4,Accelerometer HIP,Accelerometer,27,0.9,False
S3,S3-ADL4,Accelerometer HIP,Accelerometer,279,9.3,True
S3,S3-ADL4,Accelerometer LUA^,Accelerometer,19,0.6333333333333333,False
S3,S3-ADL4,Accelerometer LUA^,Accelerometer,21,0.7,False
S3,S3-ADL4,Accelerometer LUA^,Accelerometer,20,0.6666666666666666,False
S3,S3-ADL4,Accelerometer LUA^,Accelerometer,20,0.6666666666666666,False
S3,S3-ADL4,Accelerometer LUA^,Accelerometer,21,0.7,False
S3,S3-ADL4,Accelerometer LUA^,Accelerometer,19,0.6333333333333333,False
S3,S3-ADL4,Accelerometer LUA^,Accelerometer,20,0.6666666666666666,False
S3,S3-ADL4,Accelerometer LUA^,Accelerometer,19,0.6333333333333333,False
S3,S3-ADL4,Accelerometer LUA^,Accelerometer,19,0.6333333333333333,False
S3,S3-ADL4,Accelerometer LUA^,Accelerometer,19,0.6333333333333333,False
S3,S3-ADL4,Accelerometer LUA^,Accelerometer,20,0.6666666666666666,False
S3,S3-ADL4,Accelerometer LUA^,Accelerometer,287,9.566666666666666,True
S3,S3-ADL4,Accelerometer RUA_,Accelerometer,85,2.8333333333333335,False
S3,S3-ADL4,Accelerometer RUA_,Accelerometer,20,0.6666666666666666,False
S3,S3-ADL4,Accelerometer RUA_,Accelerometer,184,6.133333333333334,False
S3,S3-ADL4,Accelerometer RUA_,Accelerometer,20,0.6666666666666666,False
S3,S3-ADL4,Accelerometer RUA_,Accelerometer,114,3.8,False
S3,S3-ADL4,Accelerometer RUA_,Accelerometer,111,3.7,False
S3,S3-ADL4,Accelerometer RUA_,Accelerometer,243,8.1,False
S3,S3-ADL4,Accelerometer RUA_,Accelerometer,275,9.166666666666666,False
S3,S3-ADL4,Accelerometer RUA_,Accelerometer,72,2.4,False
S3,S3-ADL4,Accelerometer RUA_,Accelerometer,124,4.133333333333334,False
S3,S3-ADL4,Accelerometer RUA_,Accelerometer,33,1.1,False
S3,S3-ADL4,Accelerometer RUA_,Accelerometer,292,9.733333333333333,True
S3,S3-ADL4,Accelerometer LH,Accelerometer,22,0.7333333333333333,False
S3,S3-ADL4,Accelerometer LH,Accelerometer,26,0.8666666666666667,False
S3,S3-ADL4,Accelerometer LH,Accelerometer,31,1.0333333333333334,False
S3,S3-ADL4,Accelerometer LH,Accelerometer,28,0.9333333333333333,False
S3,S3-ADL4,Accelerometer LH,Accelerometer,34,1.1333333333333333,False
S3,S3-ADL4,Accelerometer LH,Accelerometer,19,0.6333333333333333,False
S3,S3-ADL4,Accelerometer LH,Accelerometer,40,1.3333333333333333,False
S3,S3-ADL4,Accelerometer LH,Accelerometer,21,0.7,False
S3,S3-ADL4,Accelerometer LH,Accelerometer,21,0.7,False
S3,S3-ADL4,Accelerometer LH,Accelerometer,20,0.6666666666666666,False
S3,S3-ADL4,Accelerometer LH,Accelerometer,20,0.6666666666666666,False
S3,S3-ADL4,Accelerometer LH,Accelerometer,21,0.7,False
S3,S3-ADL4,Accelerometer LH,Accelerometer,20,0.6666666666666666,False
S3,S3-ADL4,Accelerometer LH,Accelerometer,21,0.7,False
S3,S3-ADL4,Accelerometer LH,Accelerometer,20,0.6666666666666666,False
S3,S3-ADL4,Accelerometer LH,Accelerometer,20,0.6666666666666666,False
S3,S3-ADL4,Accelerometer LH,Accelerometer,22,0.7333333333333333,False
S3,S3-ADL4,Accelerometer LH,Accelerometer,22,0.7333333333333333,False
S3,S3-ADL4,Accelerometer LH,Accelerometer,62,2.066666666666667,False
S3,S3-ADL4,Accelerometer LH,Accelerometer,32,1.0666666666666667,False
S3,S3-ADL4,Accelerometer LH,Accelerometer,286,9.533333333333333,True
S3,S3-ADL4,Accelerometer BACK,Accelerometer,285,9.5,True
S3,S3-ADL4,Accelerometer RKN_,Accelerometer,37,1.2333333333333334,False
S3,S3-ADL4,Accelerometer RKN_,Accelerometer,19,0.6333333333333333,False
S3,S3-ADL4,Accelerometer RKN_,Accelerometer,34,1.1333333333333333,False
S3,S3-ADL4,Accelerometer RKN_,Accelerometer,49,1.6333333333333333,False
S3,S3-ADL4,Accelerometer RKN_,Accelerometer,27,0.9,False
S3,S3-ADL4,Accelerometer RKN_,Accelerometer,42,1.4,False
S3,S3-ADL4,Accelerometer RKN_,Accelerometer,29,0.9666666666666667,False
S3,S3-ADL4,Accelerometer RKN_,Accelerometer,59,1.9666666666666666,False
S3,S3-ADL4,Accelerometer RKN_,Accelerometer,146,4.866666666666666,False
S3,S3-ADL4,Accelerometer RKN_,Accelerometer,54,1.8,False
S3,S3-ADL4,Accelerometer RKN_,Accelerometer,74,2.466666666666667,False
S3,S3-ADL4,Accelerometer RKN_,Accelerometer,47,1.5666666666666667,False
S3,S3-ADL4,Accelerometer RKN_,Accelerometer,43,1.4333333333333333,False
S3,S3-ADL4,Accelerometer RKN_,Accelerometer,96,3.2,False
S3,S3-ADL4,Accelerometer RKN_,Accelerometer,23,0.7666666666666667,False
S3,S3-ADL4,Accelerometer RKN_,Accelerometer,81,2.7,False
S3,S3-ADL4,Accelerometer RKN_,Accelerometer,32,1.0666666666666667,False
S3,S3-ADL4,Accelerometer RKN_,Accelerometer,36,1.2,False
S3,S3-ADL4,Accelerometer RKN_,Accelerometer,28,0.9333333333333333,False
S3,S3-ADL4,Accelerometer RKN_,Accelerometer,207,6.9,False
S3,S3-ADL4,Accelerometer RKN_,Accelerometer,156,5.2,False
S3,S3-ADL4,Accelerometer RKN_,Accelerometer,22,0.7333333333333333,False
S3,S3-ADL4,Accelerometer RKN_,Accelerometer,26,0.8666666666666667,False
S3,S3-ADL4,Accelerometer RKN_,Accelerometer,27,0.9,False
S3,S3-ADL4,Accelerometer RKN_,Accelerometer,52,1.7333333333333334,False
S3,S3-ADL4,Accelerometer RKN_,Accelerometer,20,0.6666666666666666,False
S3,S3-ADL4,Accelerometer RKN_,Accelerometer,36,1.2,False
S3,S3-ADL4,Accelerometer RKN_,Accelerometer,114,3.8,False
S3,S3-ADL4,Accelerometer RKN_,Accelerometer,333,11.1,False
S3,S3-ADL4,Accelerometer RKN_,Accelerometer,423,14.1,False
S3,S3-ADL4,Accelerometer RKN_,Accelerometer,155,5.166666666666667,False
S3,S3-ADL4,Accelerometer RKN_,Accelerometer,490,16.333333333333332,False
S3,S3-ADL4,Accelerometer RKN_,Accelerometer,42,1.4,False
S3,S3-ADL4,Accelerometer RKN_,Accelerometer,29,0.9666666666666667,False
S3,S3-ADL4,Accelerometer RKN_,Accelerometer,27,0.9,False
S3,S3-ADL4,Accelerometer RKN_,Accelerometer,72,2.4,False
S3,S3-ADL4,Accelerometer RKN_,Accelerometer,69,2.3,False
S3,S3-ADL4,Accelerometer RKN_,Accelerometer,161,5.366666666666666,False
S3,S3-ADL4,Accelerometer RKN_,Accelerometer,70,2.3333333333333335,False
S3,S3-ADL4,Accelerometer RKN_,Accelerometer,105,3.5,False
S3,S3-ADL4,Accelerometer RKN_,Accelerometer,37,1.2333333333333334,False
S3,S3-ADL4,Accelerometer RKN_,Accelerometer,132,4.4,False
S3,S3-ADL4,Accelerometer RKN_,Accelerometer,147,4.9,False
S3,S3-ADL4,Accelerometer RKN_,Accelerometer,87,2.9,False
S3,S3-ADL4,Accelerometer RKN_,Accelerometer,112,3.7333333333333334,False
S3,S3-ADL4,Accelerometer RKN_,Accelerometer,98,3.2666666666666666,False
S3,S3-ADL4,Accelerometer RKN_,Accelerometer,74,2.466666666666667,False
S3,S3-ADL4,Accelerometer RKN_,Accelerometer,37,1.2333333333333334,False
S3,S3-ADL4,Accelerometer RKN_,Accelerometer,64,2.1333333333333333,False
S3,S3-ADL4,Accelerometer RKN_,Accelerometer,82,2.7333333333333334,False
S3,S3-ADL4,Accelerometer RKN_,Accelerometer,56,1.8666666666666667,False
S3,S3-ADL4,Accelerometer RKN_,Accelerometer,79,2.6333333333333333,False
S3,S3-ADL4,Accelerometer RKN_,Accelerometer,30,1.0,False
S3,S3-ADL4,Accelerometer RKN_,Accelerometer,129,4.3,False
S3,S3-ADL4,Accelerometer RKN_,Accelerometer,126,4.2,False
S3,S3-ADL4,Accelerometer RKN_,Accelerometer,44,1.4666666666666666,False
S3,S3-ADL4,Accelerometer RKN_,Accelerometer,66,2.2,False
S3,S3-ADL4,Accelerometer RKN_,Accelerometer,21,0.7,False
S3,S3-ADL4,Accelerometer RKN_,Accelerometer,56,1.8666666666666667,False
S3,S3-ADL4,Accelerometer RKN_,Accelerometer,81,2.7,False
S3,S3-ADL4,Accelerometer RKN_,Accelerometer,79,2.6333333333333333,False
S3,S3-ADL4,Accelerometer RKN_,Accelerometer,138,4.6,False
S3,S3-ADL4,Accelerometer RKN_,Accelerometer,45,1.5,False
S3,S3-ADL4,Accelerometer RKN_,Accelerometer,68,2.2666666666666666,False
S3,S3-ADL4,Accelerometer RKN_,Accelerometer,116,3.8666666666666667,False
S3,S3-ADL4,Accelerometer RKN_,Accelerometer,190,6.333333333333333,False
S3,S3-ADL4,Accelerometer RKN_,Accelerometer,433,14.433333333333334,False
S3,S3-ADL4,Accelerometer RKN_,Accelerometer,34,1.1333333333333333,False
S3,S3-ADL4,Accelerometer RKN_,Accelerometer,141,4.7,False
S3,S3-ADL4,Accelerometer RKN_,Accelerometer,81,2.7,False
S3,S3-ADL4,Accelerometer RKN_,Accelerometer,123,4.1,False
S3,S3-ADL4,Accelerometer RKN_,Accelerometer,59,1.9666666666666666,False
S3,S3-ADL4,Accelerometer RKN_,Accelerometer,73,2.433333333333333,False
S3,S3-ADL4,Accelerometer RKN_,Accelerometer,84,2.8,False
S3,S3-ADL4,Accelerometer RKN_,Accelerometer,194,6.466666666666667,True
S3,S3-ADL4,Accelerometer RWR,Accelerometer,20,0.6666666666666666,False
S3,S3-ADL4,Accelerometer RWR,Accelerometer,20,0.6666666666666666,False
S3,S3-ADL4,Accelerometer RWR,Accelerometer,19,0.6333333333333333,False
S3,S3-ADL4,Accelerometer RWR,Accelerometer,20,0.6666666666666666,False
S3,S3-ADL4,Accelerometer RWR,Accelerometer,20,0.6666666666666666,False
S3,S3-ADL4,Accelerometer RWR,Accelerometer,19,0.6333333333333333,False
S3,S3-ADL4,Accelerometer RWR,Accelerometer,20,0.6666666666666666,False
S3,S3-ADL4,Accelerometer RWR,Accelerometer,19,0.6333333333333333,False
S3,S3-ADL4,Accelerometer RWR,Accelerometer,19,0.6333333333333333,False
S3,S3-ADL4,Accelerometer RWR,Accelerometer,19,0.6333333333333333,False
S3,S3-ADL4,Accelerometer RWR,Accelerometer,19,0.6333333333333333,False
S3,S3-ADL4,Accelerometer RWR,Accelerometer,291,9.7,True
S3,S3-ADL4,Accelerometer RUA^,Accelerometer,20,0.6666666666666666,False
S3,S3-ADL4,Accelerometer RUA^,Accelerometer,20,0.6666666666666666,False
S3,S3-ADL4,Accelerometer RUA^,Accelerometer,19,0.6333333333333333,False
S3,S3-ADL4,Accelerometer RUA^,Accelerometer,19,0.6333333333333333,False
S3,S3-ADL4,Accelerometer RUA^,Accelerometer,20,0.6666666666666666,False
S3,S3-ADL4,Accelerometer RUA^,Accelerometer,19,0.6333333333333333,False
S3,S3-ADL4,Accelerometer RUA^,Accelerometer,20,0.6666666666666666,False
S3,S3-ADL4,Accelerometer RUA^,Accelerometer,20,0.6666666666666666,False
S3,S3-ADL4,Accelerometer RUA^,Accelerometer,19,0.6333333333333333,False
S3,S3-ADL4,Accelerometer RUA^,Accelerometer,20,0.6666666666666666,False
S3,S3-ADL4,Accelerometer RUA^,Accelerometer,281,9.366666666666667,True
S3,S3-ADL4,Accelerometer LUA_,Accelerometer,20,0.6666666666666666,False
S3,S3-ADL4,Accelerometer LUA_,Accelerometer,19,0.6333333333333333,False
S3,S3-ADL4,Accelerometer LUA_,Accelerometer,19,0.6333333333333333,False
S3,S3-ADL4,Accelerometer LUA_,Accelerometer,21,0.7,False
S3,S3-ADL4,Accelerometer LUA_,Accelerometer,20,0.6666666666666666,False
S3,S3-ADL4,Accelerometer LUA_,Accelerometer,20,0.6666666666666666,False
S3,S3-ADL4,Accelerometer LUA_,Accelerometer,21,0.7,False
S3,S3-ADL4,Accelerometer LUA_,Accelerometer,20,0.6666666666666666,False
S3,S3-ADL4,Accelerometer LUA_,Accelerometer,20,0.6666666666666666,False
S3,S3-ADL4,Accelerometer LUA_,Accelerometer,21,0.7,False
S3,S3-ADL4,Accelerometer LUA_,Accelerometer,281,9.366666666666667,True
S3,S3-ADL4,Accelerometer LWR,Accelerometer,19,0.6333333333333333,False
S3,S3-ADL4,Accelerometer LWR,Accelerometer,20,0.6666666666666666,False
S3,S3-ADL4,Accelerometer LWR,Accelerometer,20,0.6666666666666666,False
S3,S3-ADL4,Accelerometer LWR,Accelerometer,20,0.6666666666666666,False
S3,S3-ADL4,Accelerometer LWR,Accelerometer,20,0.6666666666666666,False
S3,S3-ADL4,Accelerometer LWR,Accelerometer,20,0.6666666666666666,False
S3,S3-ADL4,Accelerometer LWR,Accelerometer,19,0.6333333333333333,False
S3,S3-ADL4,Accelerometer LWR,Accelerometer,20,0.6666666666666666,False
S3,S3-ADL4,Accelerometer LWR,Accelerometer,20,0.6666666666666666,False
S3,S3-ADL4,Accelerometer LWR,Accelerometer,21,0.7,False
S3,S3-ADL4,Accelerometer LWR,Accelerometer,20,0.6666666666666666,False
S3,S3-ADL4,Accelerometer LWR,Accelerometer,20,0.6666666666666666,False
S3,S3-ADL4,Accelerometer LWR,Accelerometer,20,0.6666666666666666,False
S3,S3-ADL4,Accelerometer LWR,Accelerometer,31,1.0333333333333334,False
S3,S3-ADL4,Accelerometer LWR,Accelerometer,278,9.266666666666667,True
S3,S3-ADL4,Accelerometer RH,Accelerometer,20,0.6666666666666666,False
S3,S3-ADL4,Accelerometer RH,Accelerometer,25,0.8333333333333334,False
S3,S3-ADL4,Accelerometer RH,Accelerometer,23,0.7666666666666667,False
S3,S3-ADL4,Accelerometer RH,Accelerometer,23,0.7666666666666667,False
S3,S3-ADL4,Accelerometer RH,Accelerometer,37,1.2333333333333334,False
S3,S3-ADL4,Accelerometer RH,Accelerometer,19,0.6333333333333333,False
S3,S3-ADL4,Accelerometer RH,Accelerometer,20,0.6666666666666666,False
S3,S3-ADL4,Accelerometer RH,Accelerometer,20,0.6666666666666666,False
S3,S3-ADL4,Accelerometer RH,Accelerometer,21,0.7,False
S3,S3-ADL4,Accelerometer RH,Accelerometer,20,0.6666666666666666,False
S3,S3-ADL4,Accelerometer RH,Accelerometer,20,0.6666666666666666,False
S3,S3-ADL4,Accelerometer RH,Accelerometer,20,0.6666666666666666,False
S3,S3-ADL4,Accelerometer RH,Accelerometer,19,0.6333333333333333,False
S3,S3-ADL4,Accelerometer RH,Accelerometer,20,0.6666666666666666,False
S3,S3-ADL4,Accelerometer RH,Accelerometer,21,0.7,False
S3,S3-ADL4,Accelerometer RH,Accelerometer,4652,155.06666666666666,True
S3,S3-ADL4,InertialMeasurementUnit BACK,InertialMeasurementUnit,140,4.666666666666667,True
S3,S3-ADL4,InertialMeasurementUnit RUA,InertialMeasurementUnit,140,4.666666666666667,True
S3,S3-ADL4,InertialMeasurementUnit RLA,InertialMeasurementUnit,140,4.666666666666667,True
S3,S3-ADL4,InertialMeasurementUnit LUA,InertialMeasurementUnit,140,4.666666666666667,True
S3,S3-ADL4,InertialMeasurementUnit LLA,InertialMeasurementUnit,140,4.666666666666667,True
S3,S3-ADL5,Accelerometer RKN^,Accelerometer,56,1.8666666666666667,False
S3,S3-ADL5,Accelerometer RKN^,Accelerometer,52,1.7333333333333334,False
S3,S3-ADL5,Accelerometer RKN^,Accelerometer,194,6.466666666666667,False
S3,S3-ADL5,Accelerometer RKN^,Accelerometer,25,0.8333333333333334,False
S3,S3-ADL5,Accelerometer RKN^,Accelerometer,37,1.2333333333333334,False
S3,S3-ADL5,Accelerometer RKN^,Accelerometer,41,1.3666666666666667,False
S3,S3-ADL5,Accelerometer RKN^,Accelerometer,46,1.5333333333333334,False
S3,S3-ADL5,Accelerometer RKN^,Accelerometer,34,1.1333333333333333,False
S3,S3-ADL5,Accelerometer RKN^,Accelerometer,266,8.866666666666667,False
S3,S3-ADL5,Accelerometer RKN^,Accelerometer,608,20.266666666666666,False
S3,S3-ADL5,Accelerometer RKN^,Accelerometer,208,6.933333333333334,False
S3,S3-ADL5,Accelerometer RKN^,Accelerometer,214,7.133333333333334,False
S3,S3-ADL5,Accelerometer RKN^,Accelerometer,124,4.133333333333334,False
S3,S3-ADL5,Accelerometer RKN^,Accelerometer,34,1.1333333333333333,False
S3,S3-ADL5,Accelerometer RKN^,Accelerometer,33,1.1,False
S3,S3-ADL5,Accelerometer RKN^,Accelerometer,21,0.7,False
S3,S3-ADL5,Accelerometer RKN^,Accelerometer,31,1.0333333333333334,False
S3,S3-ADL5,Accelerometer RKN^,Accelerometer,47,1.5666666666666667,False
S3,S3-ADL5,Accelerometer RKN^,Accelerometer,32,1.0666666666666667,False
S3,S3-ADL5,Accelerometer RKN^,Accelerometer,50,1.6666666666666667,False
S3,S3-ADL5,Accelerometer RKN^,Accelerometer,238,7.933333333333334,False
S3,S3-ADL5,Accelerometer RKN^,Accelerometer,149,4.966666666666667,False
S3,S3-ADL5,Accelerometer RKN^,Accelerometer,51,1.7,False
S3,S3-ADL5,Accelerometer RKN^,Accelerometer,115,3.8333333333333335,False
S3,S3-ADL5,Accelerometer RKN^,Accelerometer,38,1.2666666666666666,False
S3,S3-ADL5,Accelerometer RKN^,Accelerometer,67,2.2333333333333334,False
S3,S3-ADL5,Accelerometer RKN^,Accelerometer,239,7.966666666666667,True
S3,S3-ADL5,Accelerometer HIP,Accelerometer,42,1.4,False
S3,S3-ADL5,Accelerometer HIP,Accelerometer,124,4.133333333333334,False
S3,S3-ADL5,Accelerometer HIP,Accelerometer,20,0.6666666666666666,False
S3,S3-ADL5,Accelerometer HIP,Accelerometer,83,2.7666666666666666,False
S3,S3-ADL5,Accelerometer HIP,Accelerometer,86,2.8666666666666667,False
S3,S3-ADL5,Accelerometer HIP,Accelerometer,81,2.7,False
S3,S3-ADL5,Accelerometer HIP,Accelerometer,43,1.4333333333333333,False
S3,S3-ADL5,Accelerometer HIP,Accelerometer,22,0.7333333333333333,False
S3,S3-ADL5,Accelerometer HIP,Accelerometer,49,1.6333333333333333,False
S3,S3-ADL5,Accelerometer HIP,Accelerometer,27,0.9,False
S3,S3-ADL5,Accelerometer HIP,Accelerometer,26,0.8666666666666667,False
S3,S3-ADL5,Accelerometer HIP,Accelerometer,119,3.966666666666667,False
S3,S3-ADL5,Accelerometer HIP,Accelerometer,40,1.3333333333333333,False
S3,S3-ADL5,Accelerometer HIP,Accelerometer,52,1.7333333333333334,False
S3,S3-ADL5,Accelerometer HIP,Accelerometer,297,9.9,True
S3,S3-ADL5,Accelerometer LUA^,Accelerometer,782,26.066666666666666,False
S3,S3-ADL5,Accelerometer LUA^,Accelerometer,311,10.366666666666667,True
S3,S3-ADL5,Accelerometer RUA_,Accelerometer,167,5.566666666666666,False
S3,S3-ADL5,Accelerometer RUA_,Accelerometer,284,9.466666666666667,False
S3,S3-ADL5,Accelerometer RUA_,Accelerometer,244,8.133333333333333,False
S3,S3-ADL5,Accelerometer RUA_,Accelerometer,29,0.9666666666666667,False
S3,S3-ADL5,Accelerometer RUA_,Accelerometer,304,10.133333333333333,True
S3,S3-ADL5,Accelerometer LH,Accelerometer,22,0.7333333333333333,False
S3,S3-ADL5,Accelerometer LH,Accelerometer,20,0.6666666666666666,False
S3,S3-ADL5,Accelerometer LH,Accelerometer,31,1.0333333333333334,False
S3,S3-ADL5,Accelerometer LH,Accelerometer,22,0.7333333333333333,False
S3,S3-ADL5,Accelerometer LH,Accelerometer,51,1.7,False
S3,S3-ADL5,Accelerometer LH,Accelerometer,20,0.6666666666666666,False
S3,S3-ADL5,Accelerometer LH,Accelerometer,20,0.6666666666666666,False
S3,S3-ADL5,Accelerometer LH,Accelerometer,19,0.6333333333333333,False
S3,S3-ADL5,Accelerometer LH,Accelerometer,20,0.6666666666666666,False
S3,S3-ADL5,Accelerometer LH,Accelerometer,20,0.6666666666666666,False
S3,S3-ADL5,Accelerometer LH,Accelerometer,19,0.6333333333333333,False
S3,S3-ADL5,Accelerometer LH,Accelerometer,20,0.6666666666666666,False
S3,S3-ADL5,Accelerometer LH,Accelerometer,21,0.7,False
S3,S3-ADL5,Accelerometer LH,Accelerometer,20,0.6666666666666666,False
S3,S3-ADL5,Accelerometer LH,Accelerometer,30,1.0,False
S3,S3-ADL5,Accelerometer LH,Accelerometer,20,0.6666666666666666,False
S3,S3-ADL5,Accelerometer LH,Accelerometer,32,1.0666666666666667,False
S3,S3-ADL5,Accelerometer LH,Accelerometer,311,10.366666666666667,True
S3,S3-ADL5,Accelerometer BACK,Accelerometer,19,0.6333333333333333,False
S3,S3-ADL5,Accelerometer BACK,Accelerometer,310,10.333333333333334,True
S3,S3-ADL5,Accelerometer RKN_,Accelerometer,69,2.3,False
S3,S3-ADL5,Accelerometer RKN_,Accelerometer,186,6.2,False
S3,S3-ADL5,Accelerometer RKN_,Accelerometer,151,5.033333333333333,False
S3,S3-ADL5,Accelerometer RKN_,Accelerometer,212,7.066666666666666,False
S3,S3-ADL5,Accelerometer RKN_,Accelerometer,216,7.2,False
S3,S3-ADL5,Accelerometer RKN_,Accelerometer,76,2.533333333333333,False
S3,S3-ADL5,Accelerometer RKN_,Accelerometer,156,5.2,False
S3,S3-ADL5,Accelerometer RKN_,Accelerometer,33,1.1,False
S3,S3-ADL5,Accelerometer RKN_,Accelerometer,895,29.833333333333332,False
S3,S3-ADL5,Accelerometer RKN_,Accelerometer,622,20.733333333333334,False
S3,S3-ADL5,Accelerometer RKN_,Accelerometer,202,6.733333333333333,False
S3,S3-ADL5,Accelerometer RKN_,Accelerometer,93,3.1,False
S3,S3-ADL5,Accelerometer RKN_,Accelerometer,71,2.3666666666666667,False
S3,S3-ADL5,Accelerometer RKN_,Accelerometer,20,0.6666666666666666,False
S3,S3-ADL5,Accelerometer RKN_,Accelerometer,27,0.9,False
S3,S3-ADL5,Accelerometer RKN_,Accelerometer,41,1.3666666666666667,False
S3,S3-ADL5,Accelerometer RKN_,Accelerometer,64,2.1333333333333333,False
S3,S3-ADL5,Accelerometer RKN_,Accelerometer,34,1.1333333333333333,False
S3,S3-ADL5,Accelerometer RKN_,Accelerometer,73,2.433333333333333,False
S3,S3-ADL5,Accelerometer RKN_,Accelerometer,76,2.533333333333333,False
S3,S3-ADL5,Accelerometer RKN_,Accelerometer,24,0.8,False
S3,S3-ADL5,Accelerometer RKN_,Accelerometer,71,2.3666666666666667,False
S3,S3-ADL5,Accelerometer RKN_,Accelerometer,22,0.7333333333333333,False
S3,S3-ADL5,Accelerometer RKN_,Accelerometer,36,1.2,False
S3,S3-ADL5,Accelerometer RKN_,Accelerometer,90,3.0,False
S3,S3-ADL5,Accelerometer RKN_,Accelerometer,58,1.9333333333333333,False
S3,S3-ADL5,Accelerometer RKN_,Accelerometer,254,8.466666666666667,False
S3,S3-ADL5,Accelerometer RKN_,Accelerometer,67,2.2333333333333334,False
S3,S3-ADL5,Accelerometer RKN_,Accelerometer,276,9.2,False
S3,S3-ADL5,Accelerometer RKN_,Accelerometer,102,3.4,False
S3,S3-ADL5,Accelerometer RKN_,Accelerometer,128,4.266666666666667,False
S3,S3-ADL5,Accelerometer RKN_,Accelerometer,144,4.8,False
S3,S3-ADL5,Accelerometer RKN_,Accelerometer,59,1.9666666666666666,False
S3,S3-ADL5,Accelerometer RKN_,Accelerometer,86,2.8666666666666667,False
S3,S3-ADL5,Accelerometer RKN_,Accelerometer,68,2.2666666666666666,False
S3,S3-ADL5,Accelerometer RKN_,Accelerometer,24,0.8,False
S3,S3-ADL5,Accelerometer RKN_,Accelerometer,65,2.1666666666666665,False
S3,S3-ADL5,Accelerometer RKN_,Accelerometer,25,0.8333333333333334,False
S3,S3-ADL5,Accelerometer RKN_,Accelerometer,42,1.4,False
S3,S3-ADL5,Accelerometer RKN_,Accelerometer,74,2.466666666666667,False
S3,S3-ADL5,Accelerometer RKN_,Accelerometer,25,0.8333333333333334,False
S3,S3-ADL5,Accelerometer RKN_,Accelerometer,44,1.4666666666666666,False
S3,S3-ADL5,Accelerometer RKN_,Accelerometer,28,0.9333333333333333,False
S3,S3-ADL5,Accelerometer RKN_,Accelerometer,56,1.8666666666666667,False
S3,S3-ADL5,Accelerometer RKN_,Accelerometer,29,0.9666666666666667,False
S3,S3-ADL5,Accelerometer RKN_,Accelerometer,77,2.566666666666667,False
S3,S3-ADL5,Accelerometer RKN_,Accelerometer,48,1.6,False
S3,S3-ADL5,Accelerometer RKN_,Accelerometer,108,3.6,False
S3,S3-ADL5,Accelerometer RKN_,Accelerometer,218,7.266666666666667,False
S3,S3-ADL5,Accelerometer RKN_,Accelerometer,83,2.7666666666666666,False
S3,S3-ADL5,Accelerometer RKN_,Accelerometer,484,16.133333333333333,False
S3,S3-ADL5,Accelerometer RKN_,Accelerometer,32,1.0666666666666667,False
S3,S3-ADL5,Accelerometer RKN_,Accelerometer,250,8.333333333333334,False
S3,S3-ADL5,Accelerometer RKN_,Accelerometer,118,3.933333333333333,False
S3,S3-ADL5,Accelerometer RKN_,Accelerometer,34,1.1333333333333333,False
S3,S3-ADL5,Accelerometer RKN_,Accelerometer,90,3.0,True
S3,S3-ADL5,Accelerometer RWR,Accelerometer,67,2.2333333333333334,False
S3,S3-ADL5,Accelerometer RWR,Accelerometer,142,4.733333333333333,False
S3,S3-ADL5,Accelerometer RWR,Accelerometer,25,0.8333333333333334,False
S3,S3-ADL5,Accelerometer RWR,Accelerometer,309,10.3,True
S3,S3-ADL5,Accelerometer RUA^,Accelerometer,21,0.7,False
S3,S3-ADL5,Accelerometer RUA^,Accelerometer,20,0.6666666666666666,False
S3,S3-ADL5,Accelerometer RUA^,Accelerometer,21,0.7,False
S3,S3-ADL5,Accelerometer RUA^,Accelerometer,20,0.6666666666666666,False
S3,S3-ADL5,Accelerometer RUA^,Accelerometer,19,0.6333333333333333,False
S3,S3-ADL5,Accelerometer RUA^,Accelerometer,19,0.6333333333333333,False
S3,S3-ADL5,Accelerometer RUA^,Accelerometer,20,0.6666666666666666,False
S3,S3-ADL5,Accelerometer RUA^,Accelerometer,20,0.6666666666666666,False
S3,S3-ADL5,Accelerometer RUA^,Accelerometer,20,0.6666666666666666,False
S3,S3-ADL5,Accelerometer RUA^,Accelerometer,20,0.6666666666666666,False
S3,S3-ADL5,Accelerometer RUA^,Accelerometer,307,10.233333333333333,True
S3,S3-ADL5,Accelerometer LUA_,Accelerometer,21,0.7,False
S3,S3-ADL5,Accelerometer LUA_,Accelerometer,20,0.6666666666666666,False
S3,S3-ADL5,Accelerometer LUA_,Accelerometer,21,0.7,False
S3,S3-ADL5,Accelerometer LUA_,Accelerometer,20,0.6666666666666666,False
S3,S3-ADL5,Accelerometer LUA_,Accelerometer,20,0.6666666666666666,False
S3,S3-ADL5,Accelerometer LUA_,Accelerometer,20,0.6666666666666666,False
S3,S3-ADL5,Accelerometer LUA_,Accelerometer,20,0.6666666666666666,False
S3,S3-ADL5,Accelerometer LUA_,Accelerometer,20,0.6666666666666666,False
S3,S3-ADL5,Accelerometer LUA_,Accelerometer,308,10.266666666666667,True
S3,S3-ADL5,Accelerometer LWR,Accelerometer,311,10.366666666666667,True
S3,S3-ADL5,Accelerometer RH,Accelerometer,24,0.8,False
S3,S3-ADL5,Accelerometer RH,Accelerometer,21,0.7,False
S3,S3-ADL5,Accelerometer RH,Accelerometer,23,0.7666666666666667,False
S3,S3-ADL5,Accelerometer RH,Accelerometer,23,0.7666666666666667,False
S3,S3-ADL5,Accelerometer RH,Accelerometer,22,0.7333333333333333,False
S3,S3-ADL5,Accelerometer RH,Accelerometer,34,1.1333333333333333,False
S3,S3-ADL5,Accelerometer RH,Accelerometer,27,0.9,False
S3,S3-ADL5,Accelerometer RH,Accelerometer,20,0.6666666666666666,False
S3,S3-ADL5,Accelerometer RH,Accelerometer,19,0.6333333333333333,False
S3,S3-ADL5,Accelerometer RH,Accelerometer,25,0.8333333333333334,False
S3,S3-ADL5,Accelerometer RH,Accelerometer,20,0.6666666666666666,False
S3,S3-ADL5,Accelerometer RH,Accelerometer,20,0.6666666666666666,False
S3,S3-ADL5,Accelerometer RH,Accelerometer,20,0.6666666666666666,False
S3,S3-ADL5,Accelerometer RH,Accelerometer,21,0.7,False
S3,S3-ADL5,Accelerometer RH,Accelerometer,38,1.2666666666666666,False
S3,S3-ADL5,Accelerometer RH,Accelerometer,19,0.6333333333333333,False
S3,S3-ADL5,Accelerometer RH,Accelerometer,19,0.6333333333333333,False
S3,S3-ADL5,Accelerometer RH,Accelerometer,20,0.6666666666666666,False
S3,S3-ADL5,Accelerometer RH,Accelerometer,20,0.6666666666666666,False
S3,S3-ADL5,Accelerometer RH,Accelerometer,20,0.6666666666666666,False
S3,S3-ADL5,Accelerometer RH,Accelerometer,23,0.7666666666666667,False
S3,S3-ADL5,Accelerometer RH,Accelerometer,32,1.0666666666666667,False
S3,S3-ADL5,Accelerometer RH,Accelerometer,30,1.0,False
S3,S3-ADL5,Accelerometer RH,Accelerometer,23,0.7666666666666667,False
S3,S3-ADL5,Accelerometer RH,Accelerometer,33,1.1,False
S3,S3-ADL5,Accelerometer RH,Accelerometer,306,10.2,True
S3,S3-ADL5,InertialMeasurementUnit BACK,InertialMeasurementUnit,291,9.7,True
S3,S3-ADL5,InertialMeasurementUnit RUA,InertialMeasurementUnit,291,9.7,True
S3,S3-ADL5,InertialMeasurementUnit RLA,InertialMeasurementUnit,291,9.7,True
S3,S3-ADL5,InertialMeasurementUnit LUA,InertialMeasurementUnit,291,9.7,True
S3,S3-ADL5,InertialMeasurementUnit LLA,InertialMeasurementUnit,291,9.7,True
S3,S3-Drill,Accelerometer RKN^,Accelerometer,20,0.6666666666666666,False
S3,S3-Drill,Accelerometer RKN^,Accelerometer,20,0.6666666666666666,False
S3,S3-Drill,Accelerometer RKN^,Accelerometer,20,0.6666666666666666,False
S3,S3-Drill,Accelerometer RKN^,Accelerometer,20,0.6666666666666666,False
S3,S3-Drill,Accelerometer RKN^,Accelerometer,25,0.8333333333333334,False
S3,S3-Drill,Accelerometer RKN^,Accelerometer,28,0.9333333333333333,False
S3,S3-Drill,Accelerometer RKN^,Accelerometer,30,1.0,False
S3,S3-Drill,Accelerometer RKN^,Accelerometer,23,0.7666666666666667,False
S3,S3-Drill,Accelerometer RKN^,Accelerometer,20,0.6666666666666666,False
S3,S3-Drill,Accelerometer RKN^,Accelerometer,20,0.6666666666666666,False
S3,S3-Drill,Accelerometer RKN^,Accelerometer,20,0.6666666666666666,False
S3,S3-Drill,Accelerometer RKN^,Accelerometer,20,0.6666666666666666,False
S3,S3-Drill,Accelerometer RKN^,Accelerometer,19,0.6333333333333333,False
S3,S3-Drill,Accelerometer RKN^,Accelerometer,19,0.6333333333333333,False
S3,S3-Drill,Accelerometer RKN^,Accelerometer,21,0.7,False
S3,S3-Drill,Accelerometer RKN^,Accelerometer,51,1.7,False
S3,S3-Drill,Accelerometer RKN^,Accelerometer,154,5.133333333333334,False
S3,S3-Drill,Accelerometer RKN^,Accelerometer,20,0.6666666666666666,False
S3,S3-Drill,Accelerometer RKN^,Accelerometer,23,0.7666666666666667,False
S3,S3-Drill,Accelerometer RKN^,Accelerometer,35,1.1666666666666667,False
S3,S3-Drill,Accelerometer RKN^,Accelerometer,30,1.0,False
S3,S3-Drill,Accelerometer RKN^,Accelerometer,19,0.6333333333333333,False
S3,S3-Drill,Accelerometer RKN^,Accelerometer,20,0.6666666666666666,False
S3,S3-Drill,Accelerometer RKN^,Accelerometer,20,0.6666666666666666,False
S3,S3-Drill,Accelerometer RKN^,Accelerometer,29,0.9666666666666667,False
S3,S3-Drill,Accelerometer RKN^,Accelerometer,20,0.6666666666666666,False
S3,S3-Drill,Accelerometer RKN^,Accelerometer,50,1.6666666666666667,False
S3,S3-Drill,Accelerometer RKN^,Accelerometer,67,2.2333333333333334,False
S3,S3-Drill,Accelerometer RKN^,Accelerometer,31,1.0333333333333334,False
S3,S3-Drill,Accelerometer RKN^,Accelerometer,28,0.9333333333333333,False
S3,S3-Drill,Accelerometer RKN^,Accelerometer,27,0.9,False
S3,S3-Drill,Accelerometer RKN^,Accelerometer,81,2.7,False
S3,S3-Drill,Accelerometer RKN^,Accelerometer,29,0.9666666666666667,False
S3,S3-Drill,Accelerometer RKN^,Accelerometer,54,1.8,False
S3,S3-Drill,Accelerometer RKN^,Accelerometer,88,2.933333333333333,False
S3,S3-Drill,Accelerometer RKN^,Accelerometer,114,3.8,False
S3,S3-Drill,Accelerometer RKN^,Accelerometer,54,1.8,False
S3,S3-Drill,Accelerometer RKN^,Accelerometer,71,2.3666666666666667,False
S3,S3-Drill,Accelerometer RKN^,Accelerometer,26,0.8666666666666667,False
S3,S3-Drill,Accelerometer RKN^,Accelerometer,48,1.6,False
S3,S3-Drill,Accelerometer RKN^,Accelerometer,20,0.6666666666666666,False
S3,S3-Drill,Accelerometer RKN^,Accelerometer,20,0.6666666666666666,False
S3,S3-Drill,Accelerometer RKN^,Accelerometer,19,0.6333333333333333,False
S3,S3-Drill,Accelerometer RKN^,Accelerometer,52,1.7333333333333334,False
S3,S3-Drill,Accelerometer RKN^,Accelerometer,20,0.6666666666666666,False
S3,S3-Drill,Accelerometer RKN^,Accelerometer,20,0.6666666666666666,False
S3,S3-Drill,Accelerometer RKN^,Accelerometer,19,0.6333333333333333,False
S3,S3-Drill,Accelerometer RKN^,Accelerometer,20,0.6666666666666666,False
S3,S3-Drill,Accelerometer RKN^,Accelerometer,24,0.8,False
S3,S3-Drill,Accelerometer RKN^,Accelerometer,53,1.7666666666666666,False
S3,S3-Drill,Accelerometer RKN^,Accelerometer,90,3.0,False
S3,S3-Drill,Accelerometer RKN^,Accelerometer,1215,40.5,True
S3,S3-Drill,Accelerometer HIP,Accelerometer,22,0.7333333333333333,False
S3,S3-Drill,Accelerometer HIP,Accelerometer,54,1.8,False
S3,S3-Drill,Accelerometer HIP,Accelerometer,26,0.8666666666666667,False
S3,S3-Drill,Accelerometer HIP,Accelerometer,24,0.8,False
S3,S3-Drill,Accelerometer HIP,Accelerometer,23,0.7666666666666667,False
S3,S3-Drill,Accelerometer HIP,Accelerometer,799,26.633333333333333,True
S3,S3-Drill,Accelerometer LUA^,Accelerometer,19,0.6333333333333333,False
S3,S3-Drill,Accelerometer LUA^,Accelerometer,20,0.6666666666666666,False
S3,S3-Drill,Accelerometer LUA^,Accelerometer,20,0.6666666666666666,False
S3,S3-Drill,Accelerometer LUA^,Accelerometer,19,0.6333333333333333,False
S3,S3-Drill,Accelerometer LUA^,Accelerometer,21,0.7,False
S3,S3-Drill,Accelerometer LUA^,Accelerometer,824,27.466666666666665,False
S3,S3-Drill,Accelerometer LUA^,Accelerometer,1579,52.63333333333333,True
S3,S3-Drill,Accelerometer RUA_,Accelerometer,20,0.6666666666666666,False
S3,S3-Drill,Accelerometer RUA_,Accelerometer,20,0.6666666666666666,False
S3,S3-Drill,Accelerometer RUA_,Accelerometer,19,0.6333333333333333,False
S3,S3-Drill,Accelerometer RUA_,Accelerometer,20,0.6666666666666666,False
S3,S3-Drill,Accelerometer RUA_,Accelerometer,20,0.6666666666666666,False
S3,S3-Drill,Accelerometer RUA_,Accelerometer,23,0.7666666666666667,False
S3,S3-Drill,Accelerometer RUA_,Accelerometer,33,1.1,False
S3,S3-Drill,Accelerometer RUA_,Accelerometer,20,0.6666666666666666,False
S3,S3-Drill,Accelerometer RUA_,Accelerometer,32,1.0666666666666667,False
S3,S3-Drill,Accelerometer RUA_,Accelerometer,19,0.6333333333333333,False
S3,S3-Drill,Accelerometer RUA_,Accelerometer,19,0.6333333333333333,False
S3,S3-Drill,Accelerometer RUA_,Accelerometer,20,0.6666666666666666,False
S3,S3-Drill,Accelerometer RUA_,Accelerometer,20,0.6666666666666666,False
S3,S3-Drill,Accelerometer RUA_,Accelerometer,21,0.7,False
S3,S3-Drill,Accelerometer RUA_,Accelerometer,21,0.7,False
S3,S3-Drill,Accelerometer RUA_,Accelerometer,20,0.6666666666666666,False
S3,S3-Drill,Accelerometer RUA_,Accelerometer,20,0.6666666666666666,False
S3,S3-Drill,Accelerometer RUA_,Accelerometer,569,18.966666666666665,True
S3,S3-Drill,Accelerometer LH,Accelerometer,21,0.7,False
S3,S3-Drill,Accelerometer LH,Accelerometer,23,0.7666666666666667,False
S3,S3-Drill,Accelerometer LH,Accelerometer,24,0.8,False
S3,S3-Drill,Accelerometer LH,Accelerometer,20,0.6666666666666666,False
S3,S3-Drill,Accelerometer LH,Accelerometer,29,0.9666666666666667,False
S3,S3-Drill,Accelerometer LH,Accelerometer,20,0.6666666666666666,False
S3,S3-Drill,Accelerometer LH,Accelerometer,20,0.6666666666666666,False
S3,S3-Drill,Accelerometer LH,Accelerometer,23,0.7666666666666667,False
S3,S3-Drill,Accelerometer LH,Accelerometer,20,0.6666666666666666,False
S3,S3-Drill,Accelerometer LH,Accelerometer,782,26.066666666666666,False
S3,S3-Drill,Accelerometer LH,Accelerometer,20,0.6666666666666666,False
S3,S3-Drill,Accelerometer LH,Accelerometer,20,0.6666666666666666,False
S3,S3-Drill,Accelerometer LH,Accelerometer,20,0.6666666666666666,False
S3,S3-Drill,Accelerometer LH,Accelerometer,20,0.6666666666666666,False
S3,S3-Drill,Accelerometer LH,Accelerometer,20,0.6666666666666666,False
S3,S3-Drill,Accelerometer LH,Accelerometer,20,0.6666666666666666,False
S3,S3-Drill,Accelerometer LH,Accelerometer,20,0.6666666666666666,False
S3,S3-Drill,Accelerometer LH,Accelerometer,20,0.6666666666666666,False
S3,S3-Drill,Accelerometer LH,Accelerometer,30,1.0,False
S3,S3-Drill,Accelerometer LH,Accelerometer,23,0.7666666666666667,False
S3,S3-Drill,Accelerometer LH,Accelerometer,29,0.9666666666666667,False
S3,S3-Drill,Accelerometer LH,Accelerometer,590,19.666666666666668,True
S3,S3-Drill,Accelerometer BACK,Accelerometer,20,0.6666666666666666,False
S3,S3-Drill,Accelerometer BACK,Accelerometer,20,0.6666666666666666,False
S3,S3-Drill,Accelerometer BACK,Accelerometer,568,18.933333333333334,True
S3,S3-Drill,Accelerometer RKN_,Accelerometer,20,0.6666666666666666,False
S3,S3-Drill,Accelerometer RKN_,Accelerometer,19,0.6333333333333333,False
S3,S3-Drill,Accelerometer RKN_,Accelerometer,19,0.6333333333333333,False
S3,S3-Drill,Accelerometer RKN_,Accelerometer,20,0.6666666666666666,False
S3,S3-Drill,Accelerometer RKN_,Accelerometer,20,0.6666666666666666,False
S3,S3-Drill,Accelerometer RKN_,Accelerometer,20,0.6666666666666666,False
S3,S3-Drill,Accelerometer RKN_,Accelerometer,32,1.0666666666666667,False
S3,S3-Drill,Accelerometer RKN_,Accelerometer,26,0.8666666666666667,False
S3,S3-Drill,Accelerometer RKN_,Accelerometer,25,0.8333333333333334,False
S3,S3-Drill,Accelerometer RKN_,Accelerometer,73,2.433333333333333,False
S3,S3-Drill,Accelerometer RKN_,Accelerometer,63,2.1,False
S3,S3-Drill,Accelerometer RKN_,Accelerometer,65,2.1666666666666665,False
S3,S3-Drill,Accelerometer RKN_,Accelerometer,24,0.8,False
S3,S3-Drill,Accelerometer RKN_,Accelerometer,137,4.566666666666666,False
S3,S3-Drill,Accelerometer RKN_,Accelerometer,43,1.4333333333333333,False
S3,S3-Drill,Accelerometer RKN_,Accelerometer,39,1.3,False
S3,S3-Drill,Accelerometer RKN_,Accelerometer,56,1.8666666666666667,False
S3,S3-Drill,Accelerometer RKN_,Accelerometer,19,0.6333333333333333,False
S3,S3-Drill,Accelerometer RKN_,Accelerometer,20,0.6666666666666666,False
S3,S3-Drill,Accelerometer RKN_,Accelerometer,20,0.6666666666666666,False
S3,S3-Drill,Accelerometer RKN_,Accelerometer,33,1.1,False
S3,S3-Drill,Accelerometer RKN_,Accelerometer,97,3.2333333333333334,False
S3,S3-Drill,Accelerometer RKN_,Accelerometer,179,5.966666666666667,False
S3,S3-Drill,Accelerometer RKN_,Accelerometer,28,0.9333333333333333,False
S3,S3-Drill,Accelerometer RKN_,Accelerometer,101,3.3666666666666667,False
S3,S3-Drill,Accelerometer RKN_,Accelerometer,102,3.4,False
S3,S3-Drill,Accelerometer RKN_,Accelerometer,87,2.9,False
S3,S3-Drill,Accelerometer RKN_,Accelerometer,54,1.8,False
S3,S3-Drill,Accelerometer RKN_,Accelerometer,196,6.533333333333333,False
S3,S3-Drill,Accelerometer RKN_,Accelerometer,143,4.766666666666667,False
S3,S3-Drill,Accelerometer RKN_,Accelerometer,64,2.1333333333333333,False
S3,S3-Drill,Accelerometer RKN_,Accelerometer,138,4.6,False
S3,S3-Drill,Accelerometer RKN_,Accelerometer,43,1.4333333333333333,False
S3,S3-Drill,Accelerometer RKN_,Accelerometer,132,4.4,False
S3,S3-Drill,Accelerometer RKN_,Accelerometer,120,4.0,False
S3,S3-Drill,Accelerometer RKN_,Accelerometer,162,5.4,False
S3,S3-Drill,Accelerometer RKN_,Accelerometer,106,3.533333333333333,False
S3,S3-Drill,Accelerometer RKN_,Accelerometer,64,2.1333333333333333,False
S3,S3-Drill,Accelerometer RKN_,Accelerometer,209,6.966666666666667,False
S3,S3-Drill,Accelerometer RKN_,Accelerometer,74,2.466666666666667,False
S3,S3-Drill,Accelerometer RKN_,Accelerometer,62,2.066666666666667,False
S3,S3-Drill,Accelerometer RKN_,Accelerometer,122,4.066666666666666,False
S3,S3-Drill,Accelerometer RKN_,Accelerometer,34,1.1333333333333333,False
S3,S3-Drill,Accelerometer RKN_,Accelerometer,98,3.2666666666666666,False
S3,S3-Drill,Accelerometer RKN_,Accelerometer,50,1.6666666666666667,False
S3,S3-Drill,Accelerometer RKN_,Accelerometer,32,1.0666666666666667,False
S3,S3-Drill,Accelerometer RKN_,Accelerometer,20,0.6666666666666666,False
S3,S3-Drill,Accelerometer RKN_,Accelerometer,20,0.6666666666666666,False
S3,S3-Drill,Accelerometer RKN_,Accelerometer,20,0.6666666666666666,False
S3,S3-Drill,Accelerometer RKN_,Accelerometer,19,0.6333333333333333,False
S3,S3-Drill,Accelerometer RKN_,Accelerometer,19,0.6333333333333333,False
S3,S3-Drill,Accelerometer RKN_,Accelerometer,40,1.3333333333333333,False
S3,S3-Drill,Accelerometer RKN_,Accelerometer,31,1.0333333333333334,False
S3,S3-Drill,Accelerometer RKN_,Accelerometer,23,0.7666666666666667,False
S3,S3-Drill,Accelerometer RKN_,Accelerometer,32,1.0666666666666667,False
S3,S3-Drill,Accelerometer RKN_,Accelerometer,93,3.1,False
S3,S3-Drill,Accelerometer RKN_,Accelerometer,21,0.7,False
S3,S3-Drill,Accelerometer RKN_,Accelerometer,78,2.6,False
S3,S3-Drill,Accelerometer RKN_,Accelerometer,111,3.7,False
S3,S3-Drill,Accelerometer RKN_,Accelerometer,35,1.1666666666666667,False
S3,S3-Drill,Accelerometer RKN_,Accelerometer,21,0.7,False
S3,S3-Drill,Accelerometer RKN_,Accelerometer,69,2.3,False
S3,S3-Drill,Accelerometer RKN_,Accelerometer,28,0.9333333333333333,False
S3,S3-Drill,Accelerometer RKN_,Accelerometer,29,0.9666666666666667,False
S3,S3-Drill,Accelerometer RKN_,Accelerometer,19,0.6333333333333333,False
S3,S3-Drill,Accelerometer RKN_,Accelerometer,82,2.7333333333333334,False
S3,S3-Drill,Accelerometer RKN_,Accelerometer,88,2.933333333333333,False
S3,S3-Drill,Accelerometer RKN_,Accelerometer,35,1.1666666666666667,False
S3,S3-Drill,Accelerometer RKN_,Accelerometer,20,0.6666666666666666,False
S3,S3-Drill,Accelerometer RKN_,Accelerometer,20,0.6666666666666666,False
S3,S3-Drill,Accelerometer RKN_,Accelerometer,20,0.6666666666666666,False
S3,S3-Drill,Accelerometer RKN_,Accelerometer,20,0.6666666666666666,False
S3,S3-Drill,Accelerometer RKN_,Accelerometer,19,0.6333333333333333,False
S3,S3-Drill,Accelerometer RKN_,Accelerometer,20,0.6666666666666666,False
S3,S3-Drill,Accelerometer RKN_,Accelerometer,19,0.6333333333333333,False
S3,S3-Drill,Accelerometer RKN_,Accelerometer,20,0.6666666666666666,False
S3,S3-Drill,Accelerometer RKN_,Accelerometer,81,2.7,False
S3,S3-Drill,Accelerometer RKN_,Accelerometer,210,7.0,False
S3,S3-Drill,Accelerometer RKN_,Accelerometer,119,3.966666666666667,False
S3,S3-Drill,Accelerometer RKN_,Accelerometer,109,3.6333333333333333,False
S3,S3-Drill,Accelerometer RKN_,Accelerometer,164,5.466666666666667,False
S3,S3-Drill,Accelerometer RKN_,Accelerometer,133,4.433333333333334,False
S3,S3-Drill,Accelerometer RKN_,Accelerometer,83,2.7666666666666666,False
S3,S3-Drill,Accelerometer RKN_,Accelerometer,92,3.066666666666667,False
S3,S3-Drill,Accelerometer RKN_,Accelerometer,115,3.8333333333333335,False
S3,S3-Drill,Accelerometer RKN_,Accelerometer,104,3.466666666666667,False
S3,S3-Drill,Accelerometer RKN_,Accelerometer,20,0.6666666666666666,False
S3,S3-Drill,Accelerometer RKN_,Accelerometer,155,5.166666666666667,False
S3,S3-Drill,Accelerometer RKN_,Accelerometer,20,0.6666666666666666,False
S3,S3-Drill,Accelerometer RKN_,Accelerometer,28,0.9333333333333333,False
S3,S3-Drill,Accelerometer RKN_,Accelerometer,56,1.8666666666666667,False
S3,S3-Drill,Accelerometer RKN_,Accelerometer,64,2.1333333333333333,False
S3,S3-Drill,Accelerometer RKN_,Accelerometer,27,0.9,False
S3,S3-Drill,Accelerometer RKN_,Accelerometer,37,1.2333333333333334,False
S3,S3-Drill,Accelerometer RKN_,Accelerometer,27,0.9,False
S3,S3-Drill,Accelerometer RKN_,Accelerometer,21,0.7,False
S3,S3-Drill,Accelerometer RKN_,Accelerometer,24,0.8,False
S3,S3-Drill,Accelerometer RKN_,Accelerometer,84,2.8,False
S3,S3-Drill,Accelerometer RKN_,Accelerometer,46,1.5333333333333334,False
S3,S3-Drill,Accelerometer RKN_,Accelerometer,25,0.8333333333333334,False
S3,S3-Drill,Accelerometer RKN_,Accelerometer,26,0.8666666666666667,False
S3,S3-Drill,Accelerometer RKN_,Accelerometer,108,3.6,False
S3,S3-Drill,Accelerometer RKN_,Accelerometer,93,3.1,False
S3,S3-Drill,Accelerometer RKN_,Accelerometer,83,2.7666666666666666,False
S3,S3-Drill,Accelerometer RKN_,Accelerometer,26,0.8666666666666667,False
S3,S3-Drill,Accelerometer RKN_,Accelerometer,105,3.5,False
S3,S3-Drill,Accelerometer RKN_,Accelerometer,37,1.2333333333333334,False
S3,S3-Drill,Accelerometer RKN_,Accelerometer,59,1.9666666666666666,False
S3,S3-Drill,Accelerometer RKN_,Accelerometer,24,0.8,False
S3,S3-Drill,Accelerometer RKN_,Accelerometer,106,3.533333333333333,False
S3,S3-Drill,Accelerometer RKN_,Accelerometer,45,1.5,False
S3,S3-Drill,Accelerometer RKN_,Accelerometer,26,0.8666666666666667,False
S3,S3-Drill,Accelerometer RKN_,Accelerometer,70,2.3333333333333335,False
S3,S3-Drill,Accelerometer RKN_,Accelerometer,25,0.8333333333333334,False
S3,S3-Drill,Accelerometer RKN_,Accelerometer,39,1.3,False
S3,S3-Drill,Accelerometer RKN_,Accelerometer,67,2.2333333333333334,False
S3,S3-Drill,Accelerometer RKN_,Accelerometer,20,0.6666666666666666,False
S3,S3-Drill,Accelerometer RKN_,Accelerometer,19,0.6333333333333333,False
S3,S3-Drill,Accelerometer RKN_,Accelerometer,34,1.1333333333333333,False
S3,S3-Drill,Accelerometer RKN_,Accelerometer,38,1.2666666666666666,False
S3,S3-Drill,Accelerometer RKN_,Accelerometer,38,1.2666666666666666,False
S3,S3-Drill,Accelerometer RKN_,Accelerometer,31,1.0333333333333334,False
S3,S3-Drill,Accelerometer RKN_,Accelerometer,26,0.8666666666666667,False
S3,S3-Drill,Accelerometer RKN_,Accelerometer,74,2.466666666666667,False
S3,S3-Drill,Accelerometer RKN_,Accelerometer,36,1.2,False
S3,S3-Drill,Accelerometer RKN_,Accelerometer,21,0.7,False
S3,S3-Drill,Accelerometer RKN_,Accelerometer,32,1.0666666666666667,False
S3,S3-Drill,Accelerometer RKN_,Accelerometer,45,1.5,False
S3,S3-Drill,Accelerometer RKN_,Accelerometer,36,1.2,False
S3,S3-Drill,Accelerometer RKN_,Accelerometer,40,1.3333333333333333,False
S3,S3-Drill,Accelerometer RKN_,Accelerometer,49,1.6333333333333333,False
S3,S3-Drill,Accelerometer RKN_,Accelerometer,78,2.6,False
S3,S3-Drill,Accelerometer RKN_,Accelerometer,109,3.6333333333333333,False
S3,S3-Drill,Accelerometer RKN_,Accelerometer,102,3.4,False
S3,S3-Drill,Accelerometer RKN_,Accelerometer,175,5.833333333333333,False
S3,S3-Drill,Accelerometer RKN_,Accelerometer,102,3.4,False
S3,S3-Drill,Accelerometer RKN_,Accelerometer,92,3.066666666666667,False
S3,S3-Drill,Accelerometer RKN_,Accelerometer,406,13.533333333333333,False
S3,S3-Drill,Accelerometer RKN_,Accelerometer,54,1.8,False
S3,S3-Drill,Accelerometer RKN_,Accelerometer,227,7.566666666666666,False
S3,S3-Drill,Accelerometer RKN_,Accelerometer,85,2.8333333333333335,False
S3,S3-Drill,Accelerometer RKN_,Accelerometer,20,0.6666666666666666,False
S3,S3-Drill,Accelerometer RKN_,Accelerometer,19,0.6333333333333333,False
S3,S3-Drill,Accelerometer RKN_,Accelerometer,20,0.6666666666666666,False
S3,S3-Drill,Accelerometer RKN_,Accelerometer,20,0.6666666666666666,False
S3,S3-Drill,Accelerometer RKN_,Accelerometer,20,0.6666666666666666,False
S3,S3-Drill,Accelerometer RKN_,Accelerometer,42,1.4,False
S3,S3-Drill,Accelerometer RKN_,Accelerometer,28,0.9333333333333333,False
S3,S3-Drill,Accelerometer RKN_,Accelerometer,66,2.2,False
S3,S3-Drill,Accelerometer RKN_,Accelerometer,38,1.2666666666666666,False
S3,S3-Drill,Accelerometer RKN_,Accelerometer,20,0.6666666666666666,False
S3,S3-Drill,Accelerometer RKN_,Accelerometer,26,0.8666666666666667,False
S3,S3-Drill,Accelerometer RKN_,Accelerometer,39,1.3,False
S3,S3-Drill,Accelerometer RKN_,Accelerometer,28,0.9333333333333333,False
S3,S3-Drill,Accelerometer RKN_,Accelerometer,84,2.8,False
S3,S3-Drill,Accelerometer RKN_,Accelerometer,26,0.8666666666666667,False
S3,S3-Drill,Accelerometer RKN_,Accelerometer,38,1.2666666666666666,False
S3,S3-Drill,Accelerometer RKN_,Accelerometer,31,1.0333333333333334,False
S3,S3-Drill,Accelerometer RKN_,Accelerometer,105,3.5,False
S3,S3-Drill,Accelerometer RKN_,Accelerometer,76,2.533333333333333,False
S3,S3-Drill,Accelerometer RKN_,Accelerometer,39,1.3,False
S3,S3-Drill,Accelerometer RKN_,Accelerometer,80,2.6666666666666665,False
S3,S3-Drill,Accelerometer RKN_,Accelerometer,73,2.433333333333333,False
S3,S3-Drill,Accelerometer RKN_,Accelerometer,121,4.033333333333333,False
S3,S3-Drill,Accelerometer RKN_,Accelerometer,35,1.1666666666666667,False
S3,S3-Drill,Accelerometer RKN_,Accelerometer,93,3.1,False
S3,S3-Drill,Accelerometer RKN_,Accelerometer,36,1.2,False
S3,S3-Drill,Accelerometer RKN_,Accelerometer,25,0.8333333333333334,False
S3,S3-Drill,Accelerometer RKN_,Accelerometer,62,2.066666666666667,False
S3,S3-Drill,Accelerometer RKN_,Accelerometer,19,0.6333333333333333,False
S3,S3-Drill,Accelerometer RKN_,Accelerometer,20,0.6666666666666666,False
S3,S3-Drill,Accelerometer RKN_,Accelerometer,20,0.6666666666666666,False
S3,S3-Drill,Accelerometer RKN_,Accelerometer,20,0.6666666666666666,False
S3,S3-Drill,Accelerometer RKN_,Accelerometer,20,0.6666666666666666,False
S3,S3-Drill,Accelerometer RKN_,Accelerometer,39,1.3,False
S3,S3-Drill,Accelerometer RKN_,Accelerometer,1527,50.9,True
S3,S3-Drill,Accelerometer RWR,Accelerometer,19,0.6333333333333333,False
S3,S3-Drill,Accelerometer RWR,Accelerometer,21,0.7,False
S3,S3-Drill,Accelerometer RWR,Accelerometer,19,0.6333333333333333,False
S3,S3-Drill,Accelerometer RWR,Accelerometer,20,0.6666666666666666,False
S3,S3-Drill,Accelerometer RWR,Accelerometer,20,0.6666666666666666,False
S3,S3-Drill,Accelerometer RWR,Accelerometer,37,1.2333333333333334,False
S3,S3-Drill,Accelerometer RWR,Accelerometer,20,0.6666666666666666,False
S3,S3-Drill,Accelerometer RWR,Accelerometer,20,0.6666666666666666,False
S3,S3-Drill,Accelerometer RWR,Accelerometer,35,1.1666666666666667,False
S3,S3-Drill,Accelerometer RWR,Accelerometer,20,0.6666666666666666,False
S3,S3-Drill,Accelerometer RWR,Accelerometer,20,0.6666666666666666,False
S3,S3-Drill,Accelerometer RWR,Accelerometer,36,1.2,False
S3,S3-Drill,Accelerometer RWR,Accelerometer,20,0.6666666666666666,False
S3,S3-Drill,Accelerometer RWR,Accelerometer,36,1.2,False
S3,S3-Drill,Accelerometer RWR,Accelerometer,25,0.8333333333333334,False
S3,S3-Drill,Accelerometer RWR,Accelerometer,34,1.1333333333333333,False
S3,S3-Drill,Accelerometer RWR,Accelerometer,19,0.6333333333333333,False
S3,S3-Drill,Accelerometer RWR,Accelerometer,32,1.0666666666666667,False
S3,S3-Drill,Accelerometer RWR,Accelerometer,19,0.6333333333333333,False
S3,S3-Drill,Accelerometer RWR,Accelerometer,20,0.6666666666666666,False
S3,S3-Drill,Accelerometer RWR,Accelerometer,19,0.6333333333333333,False
S3,S3-Drill,Accelerometer RWR,Accelerometer,36,1.2,False
S3,S3-Drill,Accelerometer RWR,Accelerometer,20,0.6666666666666666,False
S3,S3-Drill,Accelerometer RWR,Accelerometer,20,0.6666666666666666,False
S3,S3-Drill,Accelerometer RWR,Accelerometer,31,1.0333333333333334,False
S3,S3-Drill,Accelerometer RWR,Accelerometer,34,1.1333333333333333,False
S3,S3-Drill,Accelerometer RWR,Accelerometer,20,0.6666666666666666,False
S3,S3-Drill,Accelerometer RWR,Accelerometer,20,0.6666666666666666,False
S3,S3-Drill,Accelerometer RWR,Accelerometer,20,0.6666666666666666,False
S3,S3-Drill,Accelerometer RWR,Accelerometer,34,1.1333333333333333,False
S3,S3-Drill,Accelerometer RWR,Accelerometer,20,0.6666666666666666,False
S3,S3-Drill,Accelerometer RWR,Accelerometer,32,1.0666666666666667,False
S3,S3-Drill,Accelerometer RWR,Accelerometer,32,1.0666666666666667,False
S3,S3-Drill,Accelerometer RWR,Accelerometer,26,0.8666666666666667,False
S3,S3-Drill,Accelerometer RWR,Accelerometer,33,1.1,False
S3,S3-Drill,Accelerometer RWR,Accelerometer,20,0.6666666666666666,False
S3,S3-Drill,Accelerometer RWR,Accelerometer,35,1.1666666666666667,False
S3,S3-Drill,Accelerometer RWR,Accelerometer,21,0.7,False
S3,S3-Drill,Accelerometer RWR,Accelerometer,20,0.6666666666666666,False
S3,S3-Drill,Accelerometer RWR,Accelerometer,19,0.6333333333333333,False
S3,S3-Drill,Accelerometer RWR,Accelerometer,20,0.6666666666666666,False
S3,S3-Drill,Accelerometer RWR,Accelerometer,569,18.966666666666665,True
S3,S3-Drill,Accelerometer RUA^,Accelerometer,21,0.7,False
S3,S3-Drill,Accelerometer RUA^,Accelerometer,20,0.6666666666666666,False
S3,S3-Drill,Accelerometer RUA^,Accelerometer,21,0.7,False
S3,S3-Drill,Accelerometer RUA^,Accelerometer,20,0.6666666666666666,False
S3,S3-Drill,Accelerometer RUA^,Accelerometer,19,0.6333333333333333,False
S3,S3-Drill,Accelerometer RUA^,Accelerometer,74,2.466666666666667,False
S3,S3-Drill,Accelerometer RUA^,Accelerometer,1004,33.46666666666667,False
S3,S3-Drill,Accelerometer RUA^,Accelerometer,21,0.7,False
S3,S3-Drill,Accelerometer RUA^,Accelerometer,20,0.6666666666666666,False
S3,S3-Drill,Accelerometer RUA^,Accelerometer,21,0.7,False
S3,S3-Drill,Accelerometer RUA^,Accelerometer,20,0.6666666666666666,False
S3,S3-Drill,Accelerometer RUA^,Accelerometer,20,0.6666666666666666,False
S3,S3-Drill,Accelerometer RUA^,Accelerometer,587,19.566666666666666,True
S3,S3-Drill,Accelerometer LUA_,Accelerometer,20,0.6666666666666666,False
S3,S3-Drill,Accelerometer LUA_,Accelerometer,21,0.7,False
S3,S3-Drill,Accelerometer LUA_,Accelerometer,20,0.6666666666666666,False
S3,S3-Drill,Accelerometer LUA_,Accelerometer,20,0.6666666666666666,False
S3,S3-Drill,Accelerometer LUA_,Accelerometer,20,0.6666666666666666,False
S3,S3-Drill,Accelerometer LUA_,Accelerometer,21,0.7,False
S3,S3-Drill,Accelerometer LUA_,Accelerometer,20,0.6666666666666666,False
S3,S3-Drill,Accelerometer LUA_,Accelerometer,21,0.7,False
S3,S3-Drill,Accelerometer LUA_,Accelerometer,20,0.6666666666666666,False
S3,S3-Drill,Accelerometer LUA_,Accelerometer,21,0.7,False
S3,S3-Drill,Accelerometer LUA_,Accelerometer,20,0.6666666666666666,False
S3,S3-Drill,Accelerometer LUA_,Accelerometer,20,0.6666666666666666,False
S3,S3-Drill,Accelerometer LUA_,Accelerometer,20,0.6666666666666666,False
S3,S3-Drill,Accelerometer LUA_,Accelerometer,629,20.966666666666665,True
S3,S3-Drill,Accelerometer LWR,Accelerometer,19,0.6333333333333333,False
S3,S3-Drill,Accelerometer LWR,Accelerometer,20,0.6666666666666666,False
S3,S3-Drill,Accelerometer LWR,Accelerometer,20,0.6666666666666666,False
S3,S3-Drill,Accelerometer LWR,Accelerometer,21,0.7,False
S3,S3-Drill,Accelerometer LWR,Accelerometer,21,0.7,False
S3,S3-Drill,Accelerometer LWR,Accelerometer,20,0.6666666666666666,False
S3,S3-Drill,Accelerometer LWR,Accelerometer,21,0.7,False
S3,S3-Drill,Accelerometer LWR,Accelerometer,20,0.6666666666666666,False
S3,S3-Drill,Accelerometer LWR,Accelerometer,20,0.6666666666666666,False
S3,S3-Drill,Accelerometer LWR,Accelerometer,626,20.866666666666667,True
S3,S3-Drill,Accelerometer RH,Accelerometer,23,0.7666666666666667,False
S3,S3-Drill,Accelerometer RH,Accelerometer,24,0.8,False
S3,S3-Drill,Accelerometer RH,Accelerometer,25,0.8333333333333334,False
S3,S3-Drill,Accelerometer RH,Accelerometer,20,0.6666666666666666,False
S3,S3-Drill,Accelerometer RH,Accelerometer,23,0.7666666666666667,False
S3,S3-Drill,Accelerometer RH,Accelerometer,26,0.8666666666666667,False
S3,S3-Drill,Accelerometer RH,Accelerometer,41,1.3666666666666667,False
S3,S3-Drill,Accelerometer RH,Accelerometer,20,0.6666666666666666,False
S3,S3-Drill,Accelerometer RH,Accelerometer,20,0.6666666666666666,False
S3,S3-Drill,Accelerometer RH,Accelerometer,20,0.6666666666666666,False
S3,S3-Drill,Accelerometer RH,Accelerometer,19,0.6333333333333333,False
S3,S3-Drill,Accelerometer RH,Accelerometer,23,0.7666666666666667,False
S3,S3-Drill,Accelerometer RH,Accelerometer,20,0.6666666666666666,False
S3,S3-Drill,Accelerometer RH,Accelerometer,22,0.7333333333333333,False
S3,S3-Drill,Accelerometer RH,Accelerometer,51,1.7,False
S3,S3-Drill,Accelerometer RH,Accelerometer,20,0.6666666666666666,False
S3,S3-Drill,Accelerometer RH,Accelerometer,22,0.7333333333333333,False
S3,S3-Drill,Accelerometer RH,Accelerometer,20,0.6666666666666666,False
S3,S3-Drill,Accelerometer RH,Accelerometer,21,0.7,False
S3,S3-Drill,Accelerometer RH,Accelerometer,20,0.6666666666666666,False
S3,S3-Drill,Accelerometer RH,Accelerometer,56,1.8666666666666667,False
S3,S3-Drill,Accelerometer RH,Accelerometer,37,1.2333333333333334,False
S3,S3-Drill,Accelerometer RH,Accelerometer,20,0.6666666666666666,False
S3,S3-Drill,Accelerometer RH,Accelerometer,20,0.6666666666666666,False
S3,S3-Drill,Accelerometer RH,Accelerometer,20,0.6666666666666666,False
S3,S3-Drill,Accelerometer RH,Accelerometer,22,0.7333333333333333,False
S3,S3-Drill,Accelerometer RH,Accelerometer,21,0.7,False
S3,S3-Drill,Accelerometer RH,Accelerometer,71,2.3666666666666667,False
S3,S3-Drill,Accelerometer RH,Accelerometer,20,0.6666666666666666,False
S3,S3-Drill,Accelerometer RH,Accelerometer,19,0.6333333333333333,False
S3,S3-Drill,Accelerometer RH,Accelerometer,26,0.8666666666666667,False
S3,S3-Drill,Accelerometer RH,Accelerometer,22,0.7333333333333333,False
S3,S3-Drill,Accelerometer RH,Accelerometer,21,0.7,False
S3,S3-Drill,Accelerometer RH,Accelerometer,35,1.1666666666666667,False
S3,S3-Drill,Accelerometer RH,Accelerometer,19,0.6333333333333333,False
S3,S3-Drill,Accelerometer RH,Accelerometer,19,0.6333333333333333,False
S3,S3-Drill,Accelerometer RH,Accelerometer,21,0.7,False
S3,S3-Drill,Accelerometer RH,Accelerometer,20,0.6666666666666666,False
S3,S3-Drill,Accelerometer RH,Accelerometer,20,0.6666666666666666,False
S3,S3-Drill,Accelerometer RH,Accelerometer,20,0.6666666666666666,False
S3,S3-Drill,Accelerometer RH,Accelerometer,20,0.6666666666666666,False
S3,S3-Drill,Accelerometer RH,Accelerometer,20,0.6666666666666666,False
S3,S3-Drill,Accelerometer RH,Accelerometer,26,0.8666666666666667,False
S3,S3-Drill,Accelerometer RH,Accelerometer,21,0.7,False
S3,S3-Drill,Accelerometer RH,Accelerometer,91,3.033333333333333,False
S3,S3-Drill,Accelerometer RH,Accelerometer,19,0.6333333333333333,False
S3,S3-Drill,Accelerometer RH,Accelerometer,20,0.6666666666666666,False
S3,S3-Drill,Accelerometer RH,Accelerometer,20,0.6666666666666666,False
S3,S3-Drill,Accelerometer RH,Accelerometer,22,0.7333333333333333,False
S3,S3-Drill,Accelerometer RH,Accelerometer,21,0.7,False
S3,S3-Drill,Accelerometer RH,Accelerometer,20,0.6666666666666666,False
S3,S3-Drill,Accelerometer RH,Accelerometer,22,0.7333333333333333,False
S3,S3-Drill,Accelerometer RH,Accelerometer,48,1.6,False
S3,S3-Drill,Accelerometer RH,Accelerometer,36,1.2,False
S3,S3-Drill,Accelerometer RH,Accelerometer,20,0.6666666666666666,False
S3,S3-Drill,Accelerometer RH,Accelerometer,20,0.6666666666666666,False
S3,S3-Drill,Accelerometer RH,Accelerometer,22,0.7333333333333333,False
S3,S3-Drill,Accelerometer RH,Accelerometer,21,0.7,False
S3,S3-Drill,Accelerometer RH,Accelerometer,20,0.6666666666666666,False
S3,S3-Drill,Accelerometer RH,Accelerometer,26,0.8666666666666667,False
S3,S3-Drill,Accelerometer RH,Accelerometer,20,0.6666666666666666,False
S3,S3-Drill,Accelerometer RH,Accelerometer,73,2.433333333333333,False
S3,S3-Drill,Accelerometer RH,Accelerometer,21,0.7,False
S3,S3-Drill,Accelerometer RH,Accelerometer,20,0.6666666666666666,False
S3,S3-Drill,Accelerometer RH,Accelerometer,22,0.7333333333333333,False
S3,S3-Drill,Accelerometer RH,Accelerometer,25,0.8333333333333334,False
S3,S3-Drill,Accelerometer RH,Accelerometer,21,0.7,False
S3,S3-Drill,Accelerometer RH,Accelerometer,20,0.6666666666666666,False
S3,S3-Drill,Accelerometer RH,Accelerometer,23,0.7666666666666667,False
S3,S3-Drill,Accelerometer RH,Accelerometer,20,0.6666666666666666,False
S3,S3-Drill,Accelerometer RH,Accelerometer,47,1.5666666666666667,False
S3,S3-Drill,Accelerometer RH,Accelerometer,64,2.1333333333333333,False
S3,S3-Drill,Accelerometer RH,Accelerometer,21,0.7,False
S3,S3-Drill,Accelerometer RH,Accelerometer,20,0.6666666666666666,False
S3,S3-Drill,Accelerometer RH,Accelerometer,20,0.6666666666666666,False
S3,S3-Drill,Accelerometer RH,Accelerometer,20,0.6666666666666666,False
S3,S3-Drill,Accelerometer RH,Accelerometer,20,0.6666666666666666,False
S3,S3-Drill,Accelerometer RH,Accelerometer,22,0.7333333333333333,False
S3,S3-Drill,Accelerometer RH,Accelerometer,21,0.7,False
S3,S3-Drill,Accelerometer RH,Accelerometer,79,2.6333333333333333,False
S3,S3-Drill,Accelerometer RH,Accelerometer,20,0.6666666666666666,False
S3,S3-Drill,Accelerometer RH,Accelerometer,20,0.6666666666666666,False
S3,S3-Drill,Accelerometer RH,Accelerometer,20,0.6666666666666666,False
S3,S3-Drill,Accelerometer RH,Accelerometer,20,0.6666666666666666,False
S3,S3-Drill,Accelerometer RH,Accelerometer,20,0.6666666666666666,False
S3,S3-Drill,Accelerometer RH,Accelerometer,20,0.6666666666666666,False
S3,S3-Drill,Accelerometer RH,Accelerometer,23,0.7666666666666667,False
S3,S3-Drill,Accelerometer RH,Accelerometer,35,1.1666666666666667,False
S3,S3-Drill,Accelerometer RH,Accelerometer,35,1.1666666666666667,False
S3,S3-Drill,Accelerometer RH,Accelerometer,20,0.6666666666666666,False
S3,S3-Drill,Accelerometer RH,Accelerometer,19,0.6333333333333333,False
S3,S3-Drill,Accelerometer RH,Accelerometer,21,0.7,False
S3,S3-Drill,Accelerometer RH,Accelerometer,24,0.8,False
S3,S3-Drill,Accelerometer RH,Accelerometer,20,0.6666666666666666,False
S3,S3-Drill,Accelerometer RH,Accelerometer,20,0.6666666666666666,False
S3,S3-Drill,Accelerometer RH,Accelerometer,109,3.6333333333333333,False
S3,S3-Drill,Accelerometer RH,Accelerometer,20,0.6666666666666666,False
S3,S3-Drill,Accelerometer RH,Accelerometer,21,0.7,False
S3,S3-Drill,Accelerometer RH,Accelerometer,20,0.6666666666666666,False
S3,S3-Drill,Accelerometer RH,Accelerometer,26,0.8666666666666667,False
S3,S3-Drill,Accelerometer RH,Accelerometer,71,2.3666666666666667,False
S3,S3-Drill,Accelerometer RH,Accelerometer,20,0.6666666666666666,False
S3,S3-Drill,Accelerometer RH,Accelerometer,19,0.6333333333333333,False
S3,S3-Drill,Accelerometer RH,Accelerometer,20,0.6666666666666666,False
S3,S3-Drill,Accelerometer RH,Accelerometer,37,1.2333333333333334,False
S3,S3-Drill,Accelerometer RH,Accelerometer,20,0.6666666666666666,False
S3,S3-Drill,Accelerometer RH,Accelerometer,19,0.6333333333333333,False
S3,S3-Drill,Accelerometer RH,Accelerometer,20,0.6666666666666666,False
S3,S3-Drill,Accelerometer RH,Accelerometer,20,0.6666666666666666,False
S3,S3-Drill,Accelerometer RH,Accelerometer,82,2.7333333333333334,False
S3,S3-Drill,Accelerometer RH,Accelerometer,20,0.6666666666666666,False
S3,S3-Drill,Accelerometer RH,Accelerometer,20,0.6666666666666666,False
S3,S3-Drill,Accelerometer RH,Accelerometer,22,0.7333333333333333,False
S3,S3-Drill,Accelerometer RH,Accelerometer,20,0.6666666666666666,False
S3,S3-Drill,Accelerometer RH,Accelerometer,28,0.9333333333333333,False
S3,S3-Drill,Accelerometer RH,Accelerometer,20,0.6666666666666666,False
S3,S3-Drill,Accelerometer RH,Accelerometer,64,2.1333333333333333,False
S3,S3-Drill,Accelerometer RH,Accelerometer,20,0.6666666666666666,False
S3,S3-Drill,Accelerometer RH,Accelerometer,20,0.6666666666666666,False
S3,S3-Drill,Accelerometer RH,Accelerometer,20,0.6666666666666666,False
S3,S3-Drill,Accelerometer RH,Accelerometer,21,0.7,False
S3,S3-Drill,Accelerometer RH,Accelerometer,20,0.6666666666666666,False
S3,S3-Drill,Accelerometer RH,Accelerometer,20,0.6666666666666666,False
S3,S3-Drill,Accelerometer RH,Accelerometer,94,3.1333333333333333,False
S3,S3-Drill,Accelerometer RH,Accelerometer,20,0.6666666666666666,False
S3,S3-Drill,Accelerometer RH,Accelerometer,20,0.6666666666666666,False
S3,S3-Drill,Accelerometer RH,Accelerometer,20,0.6666666666666666,False
S3,S3-Drill,Accelerometer RH,Accelerometer,21,0.7,False
S3,S3-Drill,Accelerometer RH,Accelerometer,20,0.6666666666666666,False
S3,S3-Drill,Accelerometer RH,Accelerometer,23,0.7666666666666667,False
S3,S3-Drill,Accelerometer RH,Accelerometer,72,2.4,False
S3,S3-Drill,Accelerometer RH,Accelerometer,20,0.6666666666666666,False
S3,S3-Drill,Accelerometer RH,Accelerometer,20,0.6666666666666666,False
S3,S3-Drill,Accelerometer RH,Accelerometer,19,0.6333333333333333,False
S3,S3-Drill,Accelerometer RH,Accelerometer,25,0.8333333333333334,False
S3,S3-Drill,Accelerometer RH,Accelerometer,20,0.6666666666666666,False
S3,S3-Drill,Accelerometer RH,Accelerometer,20,0.6666666666666666,False
S3,S3-Drill,Accelerometer RH,Accelerometer,20,0.6666666666666666,False
S3,S3-Drill,Accelerometer RH,Accelerometer,75,2.5,False
S3,S3-Drill,Accelerometer RH,Accelerometer,21,0.7,False
S3,S3-Drill,Accelerometer RH,Accelerometer,26,0.8666666666666667,False
S3,S3-Drill,Accelerometer RH,Accelerometer,24,0.8,False
S3,S3-Drill,Accelerometer RH,Accelerometer,22,0.7333333333333333,False
S3,S3-Drill,Accelerometer RH,Accelerometer,23,0.7666666666666667,False
S3,S3-Drill,Accelerometer RH,Accelerometer,28,0.9333333333333333,False
S3,S3-Drill,Accelerometer RH,Accelerometer,568,18.933333333333334,True
S3,S3-Drill,InertialMeasurementUnit BACK,InertialMeasurementUnit,527,17.566666666666666,True
S3,S3-Drill,InertialMeasurementUnit RUA,InertialMeasurementUnit,527,17.566666666666666,True
S3,S3-Drill,InertialMeasurementUnit RLA,InertialMeasurementUnit,527,17.566666666666666,True
S3,S3-Drill,InertialMeasurementUnit LUA,InertialMeasurementUnit,527,17.566666666666666,True
S3,S3-Drill,InertialMeasurementUnit LLA,InertialMeasurementUnit,527,17.566666666666666,True
S3,S3-Drill,InertialMeasurementUnit L-SHOE,InertialMeasurementUnit,204,6.8,True
S3,S3-Drill,InertialMeasurementUnit R-SHOE,InertialMeasurementUnit,204,6.8,True
S4,S4-ADL1,Accelerometer RKN^,Accelerometer,28,0.9333333333333333,False
S4,S4-ADL1,Accelerometer RKN^,Accelerometer,42,1.4,False
S4,S4-ADL1,Accelerometer RKN^,Accelerometer,53,1.7666666666666666,False
S4,S4-ADL1,Accelerometer RKN^,Accelerometer,26,0.8666666666666667,False
S4,S4-ADL1,Accelerometer RKN^,Accelerometer,30,1.0,False
S4,S4-ADL1,Accelerometer RKN^,Accelerometer,28,0.9333333333333333,False
S4,S4-ADL1,Accelerometer RKN^,Accelerometer,34,1.1333333333333333,False
S4,S4-ADL1,Accelerometer RKN^,Accelerometer,27,0.9,False
S4,S4-ADL1,Accelerometer RKN^,Accelerometer,34,1.1333333333333333,False
S4,S4-ADL1,Accelerometer RKN^,Accelerometer,61,2.033333333333333,False
S4,S4-ADL1,Accelerometer RKN^,Accelerometer,200,6.666666666666667,False
S4,S4-ADL1,Accelerometer RKN^,Accelerometer,56,1.8666666666666667,False
S4,S4-ADL1,Accelerometer RKN^,Accelerometer,70,2.3333333333333335,False
S4,S4-ADL1,Accelerometer RKN^,Accelerometer,99,3.3,False
S4,S4-ADL1,Accelerometer RKN^,Accelerometer,53,1.7666666666666666,False
S4,S4-ADL1,Accelerometer RKN^,Accelerometer,45,1.5,False
S4,S4-ADL1,Accelerometer RKN^,Accelerometer,35,1.1666666666666667,False
S4,S4-ADL1,Accelerometer RKN^,Accelerometer,28,0.9333333333333333,False
S4,S4-ADL1,Accelerometer RKN^,Accelerometer,30,1.0,False
S4,S4-ADL1,Accelerometer RKN^,Accelerometer,148,4.933333333333334,False
S4,S4-ADL1,Accelerometer RKN^,Accelerometer,62,2.066666666666667,False
S4,S4-ADL1,Accelerometer RKN^,Accelerometer,81,2.7,False
S4,S4-ADL1,Accelerometer RKN^,Accelerometer,46,1.5333333333333334,False
S4,S4-ADL1,Accelerometer RKN^,Accelerometer,162,5.4,False
S4,S4-ADL1,Accelerometer RKN^,Accelerometer,203,6.766666666666667,False
S4,S4-ADL1,Accelerometer RKN^,Accelerometer,138,4.6,False
S4,S4-ADL1,Accelerometer RKN^,Accelerometer,52,1.7333333333333334,False
S4,S4-ADL1,Accelerometer RKN^,Accelerometer,27,0.9,False
S4,S4-ADL1,Accelerometer RKN^,Accelerometer,47,1.5666666666666667,False
S4,S4-ADL1,Accelerometer RKN^,Accelerometer,32,1.0666666666666667,False
S4,S4-ADL1,Accelerometer RKN^,Accelerometer,21,0.7,False
S4,S4-ADL1,Accelerometer RKN^,Accelerometer,40,1.3333333333333333,False
S4,S4-ADL1,Accelerometer RKN^,Accelerometer,20,0.6666666666666666,False
S4,S4-ADL1,Accelerometer RKN^,Accelerometer,24,0.8,False
S4,S4-ADL1,Accelerometer RKN^,Accelerometer,46,1.5333333333333334,False
S4,S4-ADL1,Accelerometer RKN^,Accelerometer,96,3.2,False
S4,S4-ADL1,Accelerometer RKN^,Accelerometer,139,4.633333333333334,False
S4,S4-ADL1,Accelerometer RKN^,Accelerometer,149,4.966666666666667,False
S4,S4-ADL1,Accelerometer RKN^,Accelerometer,25,0.8333333333333334,False
S4,S4-ADL1,Accelerometer RKN^,Accelerometer,43,1.4333333333333333,False
S4,S4-ADL1,Accelerometer RKN^,Accelerometer,105,3.5,False
S4,S4-ADL1,Accelerometer RKN^,Accelerometer,46,1.5333333333333334,False
S4,S4-ADL1,Accelerometer RKN^,Accelerometer,20,0.6666666666666666,False
S4,S4-ADL1,Accelerometer RKN^,Accelerometer,123,4.1,False
S4,S4-ADL1,Accelerometer RKN^,Accelerometer,110,3.6666666666666665,False
S4,S4-ADL1,Accelerometer RKN^,Accelerometer,257,8.566666666666666,False
S4,S4-ADL1,Accelerometer RKN^,Accelerometer,68,2.2666666666666666,False
S4,S4-ADL1,Accelerometer RKN^,Accelerometer,156,5.2,False
S4,S4-ADL1,Accelerometer RKN^,Accelerometer,111,3.7,False
S4,S4-ADL1,Accelerometer RKN^,Accelerometer,22,0.7333333333333333,False
S4,S4-ADL1,Accelerometer RKN^,Accelerometer,325,10.833333333333334,False
S4,S4-ADL1,Accelerometer RKN^,Accelerometer,53,1.7666666666666666,False
S4,S4-ADL1,Accelerometer RKN^,Accelerometer,134,4.466666666666667,False
S4,S4-ADL1,Accelerometer RKN^,Accelerometer,137,4.566666666666666,False
S4,S4-ADL1,Accelerometer RKN^,Accelerometer,43,1.4333333333333333,False
S4,S4-ADL1,Accelerometer RKN^,Accelerometer,109,3.6333333333333333,False
S4,S4-ADL1,Accelerometer RKN^,Accelerometer,195,6.5,False
S4,S4-ADL1,Accelerometer RKN^,Accelerometer,175,5.833333333333333,False
S4,S4-ADL1,Accelerometer RKN^,Accelerometer,183,6.1,False
S4,S4-ADL1,Accelerometer RKN^,Accelerometer,173,5.766666666666667,False
S4,S4-ADL1,Accelerometer RKN^,Accelerometer,157,5.233333333333333,False
S4,S4-ADL1,Accelerometer RKN^,Accelerometer,36,1.2,False
S4,S4-ADL1,Accelerometer RKN^,Accelerometer,139,4.633333333333334,False
S4,S4-ADL1,Accelerometer RKN^,Accelerometer,135,4.5,False
S4,S4-ADL1,Accelerometer RKN^,Accelerometer,50,1.6666666666666667,False
S4,S4-ADL1,Accelerometer RKN^,Accelerometer,99,3.3,False
S4,S4-ADL1,Accelerometer RKN^,Accelerometer,21,0.7,False
S4,S4-ADL1,Accelerometer RKN^,Accelerometer,93,3.1,False
S4,S4-ADL1,Accelerometer RKN^,Accelerometer,40,1.3333333333333333,False
S4,S4-ADL1,Accelerometer RKN^,Accelerometer,99,3.3,False
S4,S4-ADL1,Accelerometer RKN^,Accelerometer,107,3.566666666666667,False
S4,S4-ADL1,Accelerometer RKN^,Accelerometer,84,2.8,False
S4,S4-ADL1,Accelerometer RKN^,Accelerometer,353,11.766666666666667,True
S4,S4-ADL1,Accelerometer HIP,Accelerometer,68,2.2666666666666666,False
S4,S4-ADL1,Accelerometer HIP,Accelerometer,62,2.066666666666667,False
S4,S4-ADL1,Accelerometer HIP,Accelerometer,20,0.6666666666666666,False
S4,S4-ADL1,Accelerometer HIP,Accelerometer,34,1.1333333333333333,False
S4,S4-ADL1,Accelerometer HIP,Accelerometer,80,2.6666666666666665,False
S4,S4-ADL1,Accelerometer HIP,Accelerometer,24,0.8,False
S4,S4-ADL1,Accelerometer HIP,Accelerometer,65,2.1666666666666665,False
S4,S4-ADL1,Accelerometer HIP,Accelerometer,49,1.6333333333333333,False
S4,S4-ADL1,Accelerometer HIP,Accelerometer,105,3.5,False
S4,S4-ADL1,Accelerometer HIP,Accelerometer,35,1.1666666666666667,False
S4,S4-ADL1,Accelerometer HIP,Accelerometer,48,1.6,False
S4,S4-ADL1,Accelerometer HIP,Accelerometer,26,0.8666666666666667,False
S4,S4-ADL1,Accelerometer HIP,Accelerometer,75,2.5,False
S4,S4-ADL1,Accelerometer HIP,Accelerometer,24,0.8,False
S4,S4-ADL1,Accelerometer HIP,Accelerometer,69,2.3,False
S4,S4-ADL1,Accelerometer HIP,Accelerometer,49,1.6333333333333333,False
S4,S4-ADL1,Accelerometer HIP,Accelerometer,69,2.3,False
S4,S4-ADL1,Accelerometer HIP,Accelerometer,36,1.2,False
S4,S4-ADL1,Accelerometer HIP,Accelerometer,48,1.6,False
S4,S4-ADL1,Accelerometer HIP,Accelerometer,154,5.133333333333334,False
S4,S4-ADL1,Accelerometer HIP,Accelerometer,77,2.566666666666667,False
S4,S4-ADL1,Accelerometer HIP,Accelerometer,43,1.4333333333333333,False
S4,S4-ADL1,Accelerometer HIP,Accelerometer,35,1.1666666666666667,False
S4,S4-ADL1,Accelerometer HIP,Accelerometer,418,13.933333333333334,True
S4,S4-ADL1,Accelerometer LUA^,Accelerometer,20,0.6666666666666666,False
S4,S4-ADL1,Accelerometer LUA^,Accelerometer,19,0.6333333333333333,False
S4,S4-ADL1,Accelerometer LUA^,Accelerometer,20,0.6666666666666666,False
S4,S4-ADL1,Accelerometer LUA^,Accelerometer,19,0.6333333333333333,False
S4,S4-ADL1,Accelerometer LUA^,Accelerometer,20,0.6666666666666666,False
S4,S4-ADL1,Accelerometer LUA^,Accelerometer,20,0.6666666666666666,False
S4,S4-ADL1,Accelerometer LUA^,Accelerometer,20,0.6666666666666666,False
S4,S4-ADL1,Accelerometer LUA^,Accelerometer,19,0.6333333333333333,False
S4,S4-ADL1,Accelerometer LUA^,Accelerometer,20,0.6666666666666666,False
S4,S4-ADL1,Accelerometer LUA^,Accelerometer,20,0.6666666666666666,False
S4,S4-ADL1,Accelerometer LUA^,Accelerometer,19,0.6333333333333333,False
S4,S4-ADL1,Accelerometer LUA^,Accelerometer,360,12.0,True
S4,S4-ADL1,Accelerometer RUA_,Accelerometer,20,0.6666666666666666,False
S4,S4-ADL1,Accelerometer RUA_,Accelerometer,20,0.6666666666666666,False
S4,S4-ADL1,Accelerometer RUA_,Accelerometer,19,0.6333333333333333,False
S4,S4-ADL1,Accelerometer RUA_,Accelerometer,20,0.6666666666666666,False
S4,S4-ADL1,Accelerometer RUA_,Accelerometer,20,0.6666666666666666,False
S4,S4-ADL1,Accelerometer RUA_,Accelerometer,20,0.6666666666666666,False
S4,S4-ADL1,Accelerometer RUA_,Accelerometer,35,1.1666666666666667,False
S4,S4-ADL1,Accelerometer RUA_,Accelerometer,20,0.6666666666666666,False
S4,S4-ADL1,Accelerometer RUA_,Accelerometer,19,0.6333333333333333,False
S4,S4-ADL1,Accelerometer RUA_,Accelerometer,20,0.6666666666666666,False
S4,S4-ADL1,Accelerometer RUA_,Accelerometer,20,0.6666666666666666,False
S4,S4-ADL1,Accelerometer RUA_,Accelerometer,350,11.666666666666666,True
S4,S4-ADL1,Accelerometer LH,Accelerometer,23,0.7666666666666667,False
S4,S4-ADL1,Accelerometer LH,Accelerometer,134,4.466666666666667,False
S4,S4-ADL1,Accelerometer LH,Accelerometer,24,0.8,False
S4,S4-ADL1,Accelerometer LH,Accelerometer,20,0.6666666666666666,False
S4,S4-ADL1,Accelerometer LH,Accelerometer,20,0.6666666666666666,False
S4,S4-ADL1,Accelerometer LH,Accelerometer,20,0.6666666666666666,False
S4,S4-ADL1,Accelerometer LH,Accelerometer,20,0.6666666666666666,False
S4,S4-ADL1,Accelerometer LH,Accelerometer,20,0.6666666666666666,False
S4,S4-ADL1,Accelerometer LH,Accelerometer,20,0.6666666666666666,False
S4,S4-ADL1,Accelerometer LH,Accelerometer,20,0.6666666666666666,False
S4,S4-ADL1,Accelerometer LH,Accelerometer,19,0.6333333333333333,False
S4,S4-ADL1,Accelerometer LH,Accelerometer,19,0.6333333333333333,False
S4,S4-ADL1,Accelerometer LH,Accelerometer,1166,38.86666666666667,False
S4,S4-ADL1,Accelerometer LH,Accelerometer,20,0.6666666666666666,False
S4,S4-ADL1,Accelerometer LH,Accelerometer,1420,47.333333333333336,False
S4,S4-ADL1,Accelerometer LH,Accelerometer,20,0.6666666666666666,False
S4,S4-ADL1,Accelerometer LH,Accelerometer,21,0.7,False
S4,S4-ADL1,Accelerometer LH,Accelerometer,23,0.7666666666666667,False
S4,S4-ADL1,Accelerometer LH,Accelerometer,19,0.6333333333333333,False
S4,S4-ADL1,Accelerometer LH,Accelerometer,28,0.9333333333333333,False
S4,S4-ADL1,Accelerometer LH,Accelerometer,20,0.6666666666666666,False
S4,S4-ADL1,Accelerometer LH,Accelerometer,19,0.6333333333333333,False
S4,S4-ADL1,Accelerometer LH,Accelerometer,20,0.6666666666666666,False
S4,S4-ADL1,Accelerometer LH,Accelerometer,43,1.4333333333333333,False
S4,S4-ADL1,Accelerometer LH,Accelerometer,23,0.7666666666666667,False
S4,S4-ADL1,Accelerometer LH,Accelerometer,21,0.7,False
S4,S4-ADL1,Accelerometer LH,Accelerometer,788,26.266666666666666,False
S4,S4-ADL1,Accelerometer LH,Accelerometer,346,11.533333333333333,True
S4,S4-ADL1,Accelerometer BACK,Accelerometer,353,11.766666666666667,True
S4,S4-ADL1,Accelerometer RKN_,Accelerometer,37,1.2333333333333334,False
S4,S4-ADL1,Accelerometer RKN_,Accelerometer,30,1.0,False
S4,S4-ADL1,Accelerometer RKN_,Accelerometer,49,1.6333333333333333,False
S4,S4-ADL1,Accelerometer RKN_,Accelerometer,103,3.433333333333333,False
S4,S4-ADL1,Accelerometer RKN_,Accelerometer,25,0.8333333333333334,False
S4,S4-ADL1,Accelerometer RKN_,Accelerometer,23,0.7666666666666667,False
S4,S4-ADL1,Accelerometer RKN_,Accelerometer,25,0.8333333333333334,False
S4,S4-ADL1,Accelerometer RKN_,Accelerometer,23,0.7666666666666667,False
S4,S4-ADL1,Accelerometer RKN_,Accelerometer,115,3.8333333333333335,False
S4,S4-ADL1,Accelerometer RKN_,Accelerometer,41,1.3666666666666667,False
S4,S4-ADL1,Accelerometer RKN_,Accelerometer,32,1.0666666666666667,False
S4,S4-ADL1,Accelerometer RKN_,Accelerometer,55,1.8333333333333333,False
S4,S4-ADL1,Accelerometer RKN_,Accelerometer,140,4.666666666666667,False
S4,S4-ADL1,Accelerometer RKN_,Accelerometer,106,3.533333333333333,False
S4,S4-ADL1,Accelerometer RKN_,Accelerometer,103,3.433333333333333,False
S4,S4-ADL1,Accelerometer RKN_,Accelerometer,121,4.033333333333333,False
S4,S4-ADL1,Accelerometer RKN_,Accelerometer,45,1.5,False
S4,S4-ADL1,Accelerometer RKN_,Accelerometer,42,1.4,False
S4,S4-ADL1,Accelerometer RKN_,Accelerometer,100,3.3333333333333335,False
S4,S4-ADL1,Accelerometer RKN_,Accelerometer,62,2.066666666666667,False
S4,S4-ADL1,Accelerometer RKN_,Accelerometer,47,1.5666666666666667,False
S4,S4-ADL1,Accelerometer RKN_,Accelerometer,64,2.1333333333333333,False
S4,S4-ADL1,Accelerometer RKN_,Accelerometer,25,0.8333333333333334,False
S4,S4-ADL1,Accelerometer RKN_,Accelerometer,23,0.7666666666666667,False
S4,S4-ADL1,Accelerometer RKN_,Accelerometer,28,0.9333333333333333,False
S4,S4-ADL1,Accelerometer RKN_,Accelerometer,140,4.666666666666667,False
S4,S4-ADL1,Accelerometer RKN_,Accelerometer,45,1.5,False
S4,S4-ADL1,Accelerometer RKN_,Accelerometer,48,1.6,False
S4,S4-ADL1,Accelerometer RKN_,Accelerometer,121,4.033333333333333,False
S4,S4-ADL1,Accelerometer RKN_,Accelerometer,116,3.8666666666666667,False
S4,S4-ADL1,Accelerometer RKN_,Accelerometer,63,2.1,False
S4,S4-ADL1,Accelerometer RKN_,Accelerometer,94,3.1333333333333333,False
S4,S4-ADL1,Accelerometer RKN_,Accelerometer,230,7.666666666666667,False
S4,S4-ADL1,Accelerometer RKN_,Accelerometer,190,6.333333333333333,False
S4,S4-ADL1,Accelerometer RKN_,Accelerometer,98,3.2666666666666666,False
S4,S4-ADL1,Accelerometer RKN_,Accelerometer,270,9.0,False
S4,S4-ADL1,Accelerometer RKN_,Accelerometer,45,1.5,False
S4,S4-ADL1,Accelerometer RKN_,Accelerometer,324,10.8,False
S4,S4-ADL1,Accelerometer RKN_,Accelerometer,219,7.3,False
S4,S4-ADL1,Accelerometer RKN_,Accelerometer,205,6.833333333333333,False
S4,S4-ADL1,Accelerometer RKN_,Accelerometer,168,5.6,False
S4,S4-ADL1,Accelerometer RKN_,Accelerometer,377,12.566666666666666,False
S4,S4-ADL1,Accelerometer RKN_,Accelerometer,292,9.733333333333333,False
S4,S4-ADL1,Accelerometer RKN_,Accelerometer,354,11.8,False
S4,S4-ADL1,Accelerometer RKN_,Accelerometer,117,3.9,False
S4,S4-ADL1,Accelerometer RKN_,Accelerometer,73,2.433333333333333,False
S4,S4-ADL1,Accelerometer RKN_,Accelerometer,22,0.7333333333333333,False
S4,S4-ADL1,Accelerometer RKN_,Accelerometer,28,0.9333333333333333,False
S4,S4-ADL1,Accelerometer RKN_,Accelerometer,46,1.5333333333333334,False
S4,S4-ADL1,Accelerometer RKN_,Accelerometer,78,2.6,False
S4,S4-ADL1,Accelerometer RKN_,Accelerometer,62,2.066666666666667,False
S4,S4-ADL1,Accelerometer RKN_,Accelerometer,40,1.3333333333333333,False
S4,S4-ADL1,Accelerometer RKN_,Accelerometer,56,1.8666666666666667,False
S4,S4-ADL1,Accelerometer RKN_,Accelerometer,43,1.4333333333333333,False
S4,S4-ADL1,Accelerometer RKN_,Accelerometer,297,9.9,True
S4,S4-ADL1,Accelerometer RWR,Accelerometer,20,0.6666666666666666,False
S4,S4-ADL1,Accelerometer RWR,Accelerometer,20,0.6666666666666666,False
S4,S4-ADL1,Accelerometer RWR,Accelerometer,19,0.6333333333333333,False
S4,S4-ADL1,Accelerometer RWR,Accelerometer,20,0.6666666666666666,False
S4,S4-ADL1,Accelerometer RWR,Accelerometer,20,0.6666666666666666,False
S4,S4-ADL1,Accelerometer RWR,Accelerometer,20,0.6666666666666666,False
S4,S4-ADL1,Accelerometer RWR,Accelerometer,19,0.6333333333333333,False
S4,S4-ADL1,Accelerometer RWR,Accelerometer,20,0.6666666666666666,False
S4,S4-ADL1,Accelerometer RWR,Accelerometer,20,0.6666666666666666,False
S4,S4-ADL1,Accelerometer RWR,Accelerometer,19,0.6333333333333333,False
S4,S4-ADL1,Accelerometer RWR,Accelerometer,20,0.6666666666666666,False
S4,S4-ADL1,Accelerometer RWR,Accelerometer,20,0.6666666666666666,False
S4,S4-ADL1,Accelerometer RWR,Accelerometer,82,2.7333333333333334,False
S4,S4-ADL1,Accelerometer RWR,Accelerometer,20,0.6666666666666666,False
S4,S4-ADL1,Accelerometer RWR,Accelerometer,25,0.8333333333333334,False
S4,S4-ADL1,Accelerometer RWR,Accelerometer,19,0.6333333333333333,False
S4,S4-ADL1,Accelerometer RWR,Accelerometer,20,0.6666666666666666,False
S4,S4-ADL1,Accelerometer RWR,Accelerometer,20,0.6666666666666666,False
S4,S4-ADL1,Accelerometer RWR,Accelerometer,19,0.6333333333333333,False
S4,S4-ADL1,Accelerometer RWR,Accelerometer,20,0.6666666666666666,False
S4,S4-ADL1,Accelerometer RWR,Accelerometer,20,0.6666666666666666,False
S4,S4-ADL1,Accelerometer RWR,Accelerometer,20,0.6666666666666666,False
S4,S4-ADL1,Accelerometer RWR,Accelerometer,351,11.7,True
S4,S4-ADL1,Accelerometer RUA^,Accelerometer,20,0.6666666666666666,False
S4,S4-ADL1,Accelerometer RUA^,Accelerometer,19,0.6333333333333333,False
S4,S4-ADL1,Accelerometer RUA^,Accelerometer,20,0.6666666666666666,False
S4,S4-ADL1,Accelerometer RUA^,Accelerometer,19,0.6333333333333333,False
S4,S4-ADL1,Accelerometer RUA^,Accelerometer,20,0.6666666666666666,False
S4,S4-ADL1,Accelerometer RUA^,Accelerometer,21,0.7,False
S4,S4-ADL1,Accelerometer RUA^,Accelerometer,20,0.6666666666666666,False
S4,S4-ADL1,Accelerometer RUA^,Accelerometer,21,0.7,False
S4,S4-ADL1,Accelerometer RUA^,Accelerometer,21,0.7,False
S4,S4-ADL1,Accelerometer RUA^,Accelerometer,20,0.6666666666666666,False
S4,S4-ADL1,Accelerometer RUA^,Accelerometer,19,0.6333333333333333,False
S4,S4-ADL1,Accelerometer RUA^,Accelerometer,351,11.7,True
S4,S4-ADL1,Accelerometer LUA_,Accelerometer,21,0.7,False
S4,S4-ADL1,Accelerometer LUA_,Accelerometer,20,0.6666666666666666,False
S4,S4-ADL1,Accelerometer LUA_,Accelerometer,20,0.6666666666666666,False
S4,S4-ADL1,Accelerometer LUA_,Accelerometer,20,0.6666666666666666,False
S4,S4-ADL1,Accelerometer LUA_,Accelerometer,21,0.7,False
S4,S4-ADL1,Accelerometer LUA_,Accelerometer,20,0.6666666666666666,False
S4,S4-ADL1,Accelerometer LUA_,Accelerometer,1018,33.93333333333333,False
S4,S4-ADL1,Accelerometer LUA_,Accelerometer,13117,437.23333333333335,True
S4,S4-ADL1,Accelerometer LWR,Accelerometer,20,0.6666666666666666,False
S4,S4-ADL1,Accelerometer LWR,Accelerometer,20,0.6666666666666666,False
S4,S4-ADL1,Accelerometer LWR,Accelerometer,19,0.6333333333333333,False
S4,S4-ADL1,Accelerometer LWR,Accelerometer,20,0.6666666666666666,False
S4,S4-ADL1,Accelerometer LWR,Accelerometer,19,0.6333333333333333,False
S4,S4-ADL1,Accelerometer LWR,Accelerometer,20,0.6666666666666666,False
S4,S4-ADL1,Accelerometer LWR,Accelerometer,20,0.6666666666666666,False
S4,S4-ADL1,Accelerometer LWR,Accelerometer,20,0.6666666666666666,False
S4,S4-ADL1,Accelerometer LWR,Accelerometer,20,0.6666666666666666,False
S4,S4-ADL1,Accelerometer LWR,Accelerometer,19,0.6333333333333333,False
S4,S4-ADL1,Accelerometer LWR,Accelerometer,20,0.6666666666666666,False
S4,S4-ADL1,Accelerometer LWR,Accelerometer,20,0.6666666666666666,False
S4,S4-ADL1,Accelerometer LWR,Accelerometer,345,11.5,True
S4,S4-ADL1,Accelerometer RH,Accelerometer,20,0.6666666666666666,False
S4,S4-ADL1,Accelerometer RH,Accelerometer,21,0.7,False
S4,S4-ADL1,Accelerometer RH,Accelerometer,20,0.6666666666666666,False
S4,S4-ADL1,Accelerometer RH,Accelerometer,21,0.7,False
S4,S4-ADL1,Accelerometer RH,Accelerometer,23,0.7666666666666667,False
S4,S4-ADL1,Accelerometer RH,Accelerometer,21,0.7,False
S4,S4-ADL1,Accelerometer RH,Accelerometer,25,0.8333333333333334,False
S4,S4-ADL1,Accelerometer RH,Accelerometer,20,0.6666666666666666,False
S4,S4-ADL1,Accelerometer RH,Accelerometer,20,0.6666666666666666,False
S4,S4-ADL1,Accelerometer RH,Accelerometer,24,0.8,False
S4,S4-ADL1,Accelerometer RH,Accelerometer,20,0.6666666666666666,False
S4,S4-ADL1,Accelerometer RH,Accelerometer,20,0.6666666666666666,False
S4,S4-ADL1,Accelerometer RH,Accelerometer,20,0.6666666666666666,False
S4,S4-ADL1,Accelerometer RH,Accelerometer,22,0.7333333333333333,False
S4,S4-ADL1,Accelerometer RH,Accelerometer,20,0.6666666666666666,False
S4,S4-ADL1,Accelerometer RH,Accelerometer,20,0.6666666666666666,False
S4,S4-ADL1,Accelerometer RH,Accelerometer,19,0.6333333333333333,False
S4,S4-ADL1,Accelerometer RH,Accelerometer,19,0.6333333333333333,False
S4,S4-ADL1,Accelerometer RH,Accelerometer,20,0.6666666666666666,False
S4,S4-ADL1,Accelerometer RH,Accelerometer,20,0.6666666666666666,False
S4,S4-ADL1,Accelerometer RH,Accelerometer,22,0.7333333333333333,False
S4,S4-ADL1,Accelerometer RH,Accelerometer,20,0.6666666666666666,False
S4,S4-ADL1,Accelerometer RH,Accelerometer,20,0.6666666666666666,False
S4,S4-ADL1,Accelerometer RH,Accelerometer,19,0.6333333333333333,False
S4,S4-ADL1,Accelerometer RH,Accelerometer,21,0.7,False
S4,S4-ADL1,Accelerometer RH,Accelerometer,25,0.8333333333333334,False
S4,S4-ADL1,Accelerometer RH,Accelerometer,20,0.6666666666666666,False
S4,S4-ADL1,Accelerometer RH,Accelerometer,29,0.9666666666666667,False
S4,S4-ADL1,Accelerometer RH,Accelerometer,20,0.6666666666666666,False
S4,S4-ADL1,Accelerometer RH,Accelerometer,50,1.6666666666666667,False
S4,S4-ADL1,Accelerometer RH,Accelerometer,47,1.5666666666666667,False
S4,S4-ADL1,Accelerometer RH,Accelerometer,22,0.7333333333333333,False
S4,S4-ADL1,Accelerometer RH,Accelerometer,140,4.666666666666667,False
S4,S4-ADL1,Accelerometer RH,Accelerometer,20,0.6666666666666666,False
S4,S4-ADL1,Accelerometer RH,Accelerometer,20,0.6666666666666666,False
S4,S4-ADL1,Accelerometer RH,Accelerometer,44,1.4666666666666666,False
S4,S4-ADL1,Accelerometer RH,Accelerometer,32,1.0666666666666667,False
S4,S4-ADL1,Accelerometer RH,Accelerometer,20,0.6666666666666666,False
S4,S4-ADL1,Accelerometer RH,Accelerometer,32,1.0666666666666667,False
S4,S4-ADL1,Accelerometer RH,Accelerometer,22,0.7333333333333333,False
S4,S4-ADL1,Accelerometer RH,Accelerometer,22,0.7333333333333333,False
S4,S4-ADL1,Accelerometer RH,Accelerometer,20,0.6666666666666666,False
S4,S4-ADL1,Accelerometer RH,Accelerometer,21,0.7,False
S4,S4-ADL1,Accelerometer RH,Accelerometer,21,0.7,False
S4,S4-ADL1,Accelerometer RH,Accelerometer,20,0.6666666666666666,False
S4,S4-ADL1,Accelerometer RH,Accelerometer,347,11.566666666666666,True
S4,S4-ADL1,InertialMeasurementUnit BACK,InertialMeasurementUnit,328,10.933333333333334,True
S4,S4-ADL1,InertialMeasurementUnit RUA,InertialMeasurementUnit,328,10.933333333333334,True
S4,S4-ADL1,InertialMeasurementUnit RLA,InertialMeasurementUnit,328,10.933333333333334,True
S4,S4-ADL1,InertialMeasurementUnit LUA,InertialMeasurementUnit,328,10.933333333333334,True
S4,S4-ADL1,InertialMeasurementUnit LLA,InertialMeasurementUnit,328,10.933333333333334,True
S4,S4-ADL1,InertialMeasurementUnit L-SHOE,InertialMeasurementUnit,211,7.033333333333333,True
S4,S4-ADL1,InertialMeasurementUnit R-SHOE,InertialMeasurementUnit,211,7.033333333333333,True
S4,S4-ADL2,Accelerometer RKN^,Accelerometer,25,0.8333333333333334,False
S4,S4-ADL2,Accelerometer RKN^,Accelerometer,52,1.7333333333333334,False
S4,S4-ADL2,Accelerometer RKN^,Accelerometer,71,2.3666666666666667,False
S4,S4-ADL2,Accelerometer RKN^,Accelerometer,21,0.7,False
S4,S4-ADL2,Accelerometer RKN^,Accelerometer,47,1.5666666666666667,False
S4,S4-ADL2,Accelerometer RKN^,Accelerometer,91,3.033333333333333,False
S4,S4-ADL2,Accelerometer RKN^,Accelerometer,20,0.6666666666666666,False
S4,S4-ADL2,Accelerometer RKN^,Accelerometer,135,4.5,False
S4,S4-ADL2,Accelerometer RKN^,Accelerometer,104,3.466666666666667,False
S4,S4-ADL2,Accelerometer RKN^,Accelerometer,110,3.6666666666666665,False
S4,S4-ADL2,Accelerometer RKN^,Accelerometer,158,5.266666666666667,False
S4,S4-ADL2,Accelerometer RKN^,Accelerometer,20,0.6666666666666666,False
S4,S4-ADL2,Accelerometer RKN^,Accelerometer,22,0.7333333333333333,False
S4,S4-ADL2,Accelerometer RKN^,Accelerometer,21,0.7,False
S4,S4-ADL2,Accelerometer RKN^,Accelerometer,28,0.9333333333333333,False
S4,S4-ADL2,Accelerometer RKN^,Accelerometer,22,0.7333333333333333,False
S4,S4-ADL2,Accelerometer RKN^,Accelerometer,80,2.6666666666666665,False
S4,S4-ADL2,Accelerometer RKN^,Accelerometer,194,6.466666666666667,False
S4,S4-ADL2,Accelerometer RKN^,Accelerometer,263,8.766666666666667,False
S4,S4-ADL2,Accelerometer RKN^,Accelerometer,158,5.266666666666667,False
S4,S4-ADL2,Accelerometer RKN^,Accelerometer,114,3.8,False
S4,S4-ADL2,Accelerometer RKN^,Accelerometer,43,1.4333333333333333,False
S4,S4-ADL2,Accelerometer RKN^,Accelerometer,128,4.266666666666667,False
S4,S4-ADL2,Accelerometer RKN^,Accelerometer,32,1.0666666666666667,False
S4,S4-ADL2,Accelerometer RKN^,Accelerometer,62,2.066666666666667,False
S4,S4-ADL2,Accelerometer RKN^,Accelerometer,50,1.6666666666666667,False
S4,S4-ADL2,Accelerometer RKN^,Accelerometer,53,1.7666666666666666,False
S4,S4-ADL2,Accelerometer RKN^,Accelerometer,77,2.566666666666667,False
S4,S4-ADL2,Accelerometer RKN^,Accelerometer,83,2.7666666666666666,False
S4,S4-ADL2,Accelerometer RKN^,Accelerometer,95,3.1666666666666665,False
S4,S4-ADL2,Accelerometer RKN^,Accelerometer,127,4.233333333333333,False
S4,S4-ADL2,Accelerometer RKN^,Accelerometer,24,0.8,False
S4,S4-ADL2,Accelerometer RKN^,Accelerometer,48,1.6,False
S4,S4-ADL2,Accelerometer RKN^,Accelerometer,59,1.9666666666666666,False
S4,S4-ADL2,Accelerometer RKN^,Accelerometer,122,4.066666666666666,True
S4,S4-ADL2,Accelerometer HIP,Accelerometer,37,1.2333333333333334,False
S4,S4-ADL2,Accelerometer HIP,Accelerometer,67,2.2333333333333334,False
S4,S4-ADL2,Accelerometer HIP,Accelerometer,39,1.3,False
S4,S4-ADL2,Accelerometer HIP,Accelerometer,28,0.9333333333333333,False
S4,S4-ADL2,Accelerometer HIP,Accelerometer,46,1.5333333333333334,False
S4,S4-ADL2,Accelerometer HIP,Accelerometer,36,1.2,False
S4,S4-ADL2,Accelerometer HIP,Accelerometer,43,1.4333333333333333,False
S4,S4-ADL2,Accelerometer HIP,Accelerometer,65,2.1666666666666665,False
S4,S4-ADL2,Accelerometer HIP,Accelerometer,73,2.433333333333333,False
S4,S4-ADL2,Accelerometer HIP,Accelerometer,164,5.466666666666667,True
S4,S4-ADL2,Accelerometer LUA^,Accelerometer,20,0.6666666666666666,False
S4,S4-ADL2,Accelerometer LUA^,Accelerometer,20,0.6666666666666666,False
S4,S4-ADL2,Accelerometer LUA^,Accelerometer,20,0.6666666666666666,False
S4,S4-ADL2,Accelerometer LUA^,Accelerometer,21,0.7,False
S4,S4-ADL2,Accelerometer LUA^,Accelerometer,19,0.6333333333333333,False
S4,S4-ADL2,Accelerometer LUA^,Accelerometer,20,0.6666666666666666,False
S4,S4-ADL2,Accelerometer LUA^,Accelerometer,20,0.6666666666666666,False
S4,S4-ADL2,Accelerometer LUA^,Accelerometer,20,0.6666666666666666,False
S4,S4-ADL2,Accelerometer LUA^,Accelerometer,21,0.7,False
S4,S4-ADL2,Accelerometer LUA^,Accelerometer,174,5.8,True
S4,S4-ADL2,Accelerometer RUA_,Accelerometer,20,0.6666666666666666,False
S4,S4-ADL2,Accelerometer RUA_,Accelerometer,19,0.6333333333333333,False
S4,S4-ADL2,Accelerometer RUA_,Accelerometer,21,0.7,False
S4,S4-ADL2,Accelerometer RUA_,Accelerometer,20,0.6666666666666666,False
S4,S4-ADL2,Accelerometer RUA_,Accelerometer,19,0.6333333333333333,False
S4,S4-ADL2,Accelerometer RUA_,Accelerometer,31,1.0333333333333334,False
S4,S4-ADL2,Accelerometer RUA_,Accelerometer,20,0.6666666666666666,False
S4,S4-ADL2,Accelerometer RUA_,Accelerometer,20,0.6666666666666666,False
S4,S4-ADL2,Accelerometer RUA_,Accelerometer,20,0.6666666666666666,False
S4,S4-ADL2,Accelerometer RUA_,Accelerometer,20,0.6666666666666666,False
S4,S4-ADL2,Accelerometer RUA_,Accelerometer,19,0.6333333333333333,False
S4,S4-ADL2,Accelerometer RUA_,Accelerometer,167,5.566666666666666,True
S4,S4-ADL2,Accelerometer LH,Accelerometer,195,6.5,True
S4,S4-ADL2,Accelerometer LH,Accelerometer,19,0.6333333333333333,False
S4,S4-ADL2,Accelerometer LH,Accelerometer,20,0.6666666666666666,False
S4,S4-ADL2,Accelerometer LH,Accelerometer,20,0.6666666666666666,False
S4,S4-ADL2,Accelerometer LH,Accelerometer,27,0.9,False
S4,S4-ADL2,Accelerometer LH,Accelerometer,19,0.6333333333333333,False
S4,S4-ADL2,Accelerometer LH,Accelerometer,20,0.6666666666666666,False
S4,S4-ADL2,Accelerometer LH,Accelerometer,23,0.7666666666666667,False
S4,S4-ADL2,Accelerometer LH,Accelerometer,29,0.9666666666666667,False
S4,S4-ADL2,Accelerometer LH,Accelerometer,22,0.7333333333333333,False
S4,S4-ADL2,Accelerometer LH,Accelerometer,21,0.7,False
S4,S4-ADL2,Accelerometer LH,Accelerometer,20,0.6666666666666666,False
S4,S4-ADL2,Accelerometer LH,Accelerometer,20,0.6666666666666666,False
S4,S4-ADL2,Accelerometer LH,Accelerometer,20,0.6666666666666666,False
S4,S4-ADL2,Accelerometer LH,Accelerometer,19,0.6333333333333333,False
S4,S4-ADL2,Accelerometer LH,Accelerometer,21,0.7,False
S4,S4-ADL2,Accelerometer LH,Accelerometer,19,0.6333333333333333,False
S4,S4-ADL2,Accelerometer LH,Accelerometer,19,0.6333333333333333,False
S4,S4-ADL2,Accelerometer LH,Accelerometer,20,0.6666666666666666,False
S4,S4-ADL2,Accelerometer LH,Accelerometer,19,0.6333333333333333,False
S4,S4-ADL2,Accelerometer LH,Accelerometer,21,0.7,False
S4,S4-ADL2,Accelerometer LH,Accelerometer,20,0.6666666666666666,False
S4,S4-ADL2,Accelerometer LH,Accelerometer,20,0.6666666666666666,False
S4,S4-ADL2,Accelerometer LH,Accelerometer,19,0.6333333333333333,False
S4,S4-ADL2,Accelerometer LH,Accelerometer,31,1.0333333333333334,False
S4,S4-ADL2,Accelerometer LH,Accelerometer,19,0.6333333333333333,False
S4,S4-ADL2,Accelerometer LH,Accelerometer,20,0.6666666666666666,False
S4,S4-ADL2,Accelerometer LH,Accelerometer,21,0.7,False
S4,S4-ADL2,Accelerometer LH,Accelerometer,19,0.6333333333333333,False
S4,S4-ADL2,Accelerometer LH,Accelerometer,20,0.6666666666666666,False
S4,S4-ADL2,Accelerometer LH,Accelerometer,20,0.6666666666666666,False
S4,S4-ADL2,Accelerometer LH,Accelerometer,20,0.6666666666666666,False
S4,S4-ADL2,Accelerometer LH,Accelerometer,19,0.6333333333333333,False
S4,S4-ADL2,Accelerometer LH,Accelerometer,20,0.6666666666666666,False
S4,S4-ADL2,Accelerometer LH,Accelerometer,41,1.3666666666666667,False
S4,S4-ADL2,Accelerometer LH,Accelerometer,40,1.3333333333333333,False
S4,S4-ADL2,Accelerometer LH,Accelerometer,19,0.6333333333333333,False
S4,S4-ADL2,Accelerometer LH,Accelerometer,20,0.6666666666666666,False
S4,S4-ADL2,Accelerometer LH,Accelerometer,40,1.3333333333333333,False
S4,S4-ADL2,Accelerometer LH,Accelerometer,20,0.6666666666666666,False
S4,S4-ADL2,Accelerometer LH,Accelerometer,19,0.6333333333333333,False
S4,S4-ADL2,Accelerometer LH,Accelerometer,20,0.6666666666666666,False
S4,S4-ADL2,Accelerometer LH,Accelerometer,20,0.6666666666666666,False
S4,S4-ADL2,Accelerometer LH,Accelerometer,22,0.7333333333333333,False
S4,S4-ADL2,Accelerometer LH,Accelerometer,22,0.7333333333333333,False
S4,S4-ADL2,Accelerometer LH,Accelerometer,19,0.6333333333333333,False
S4,S4-ADL2,Accelerometer LH,Accelerometer,22,0.7333333333333333,False
S4,S4-ADL2,Accelerometer LH,Accelerometer,171,5.7,True
S4,S4-ADL2,Accelerometer BACK,Accelerometer,171,5.7,True
S4,S4-ADL2,Accelerometer RKN_,Accelerometer,47,1.5666666666666667,False
S4,S4-ADL2,Accelerometer RKN_,Accelerometer,33,1.1,False
S4,S4-ADL2,Accelerometer RKN_,Accelerometer,35,1.1666666666666667,False
S4,S4-ADL2,Accelerometer RKN_,Accelerometer,42,1.4,False
S4,S4-ADL2,Accelerometer RKN_,Accelerometer,70,2.3333333333333335,False
S4,S4-ADL2,Accelerometer RKN_,Accelerometer,64,2.1333333333333333,False
S4,S4-ADL2,Accelerometer RKN_,Accelerometer,93,3.1,False
S4,S4-ADL2,Accelerometer RKN_,Accelerometer,124,4.133333333333334,False
S4,S4-ADL2,Accelerometer RKN_,Accelerometer,99,3.3,False
S4,S4-ADL2,Accelerometer RKN_,Accelerometer,174,5.8,False
S4,S4-ADL2,Accelerometer RKN_,Accelerometer,24,0.8,False
S4,S4-ADL2,Accelerometer RKN_,Accelerometer,59,1.9666666666666666,False
S4,S4-ADL2,Accelerometer RKN_,Accelerometer,28,0.9333333333333333,False
S4,S4-ADL2,Accelerometer RKN_,Accelerometer,21,0.7,False
S4,S4-ADL2,Accelerometer RKN_,Accelerometer,40,1.3333333333333333,False
S4,S4-ADL2,Accelerometer RKN_,Accelerometer,19,0.6333333333333333,False
S4,S4-ADL2,Accelerometer RKN_,Accelerometer,43,1.4333333333333333,False
S4,S4-ADL2,Accelerometer RKN_,Accelerometer,65,2.1666666666666665,False
S4,S4-ADL2,Accelerometer RKN_,Accelerometer,33,1.1,False
S4,S4-ADL2,Accelerometer RKN_,Accelerometer,96,3.2,False
S4,S4-ADL2,Accelerometer RKN_,Accelerometer,492,16.4,False
S4,S4-ADL2,Accelerometer RKN_,Accelerometer,48,1.6,False
S4,S4-ADL2,Accelerometer RKN_,Accelerometer,31,1.0333333333333334,False
S4,S4-ADL2,Accelerometer RKN_,Accelerometer,125,4.166666666666667,False
S4,S4-ADL2,Accelerometer RKN_,Accelerometer,121,4.033333333333333,False
S4,S4-ADL2,Accelerometer RKN_,Accelerometer,117,3.9,False
S4,S4-ADL2,Accelerometer RKN_,Accelerometer,75,2.5,False
S4,S4-ADL2,Accelerometer RKN_,Accelerometer,57,1.9,False
S4,S4-ADL2,Accelerometer RKN_,Accelerometer,98,3.2666666666666666,False
S4,S4-ADL2,Accelerometer RKN_,Accelerometer,145,4.833333333333333,False
S4,S4-ADL2,Accelerometer RKN_,Accelerometer,21,0.7,False
S4,S4-ADL2,Accelerometer RKN_,Accelerometer,124,4.133333333333334,False
S4,S4-ADL2,Accelerometer RKN_,Accelerometer,138,4.6,False
S4,S4-ADL2,Accelerometer RKN_,Accelerometer,135,4.5,False
S4,S4-ADL2,Accelerometer RKN_,Accelerometer,25,0.8333333333333334,False
S4,S4-ADL2,Accelerometer RKN_,Accelerometer,36,1.2,False
S4,S4-ADL2,Accelerometer RKN_,Accelerometer,28,0.9333333333333333,False
S4,S4-ADL2,Accelerometer RKN_,Accelerometer,117,3.9,True
S4,S4-ADL2,Accelerometer RWR,Accelerometer,19,0.6333333333333333,False
S4,S4-ADL2,Accelerometer RWR,Accelerometer,170,5.666666666666667,True
S4,S4-ADL2,Accelerometer RUA^,Accelerometer,20,0.6666666666666666,False
S4,S4-ADL2,Accelerometer RUA^,Accelerometer,20,0.6666666666666666,False
S4,S4-ADL2,Accelerometer RUA^,Accelerometer,20,0.6666666666666666,False
S4,S4-ADL2,Accelerometer RUA^,Accelerometer,20,0.6666666666666666,False
S4,S4-ADL2,Accelerometer RUA^,Accelerometer,20,0.6666666666666666,False
S4,S4-ADL2,Accelerometer RUA^,Accelerometer,20,0.6666666666666666,False
S4,S4-ADL2,Accelerometer RUA^,Accelerometer,20,0.6666666666666666,False
S4,S4-ADL2,Accelerometer RUA^,Accelerometer,20,0.6666666666666666,False
S4,S4-ADL2,Accelerometer RUA^,Accelerometer,19,0.6333333333333333,False
S4,S4-ADL2,Accelerometer RUA^,Accelerometer,20,0.6666666666666666,False
S4,S4-ADL2,Accelerometer RUA^,Accelerometer,20,0.6666666666666666,False
S4,S4-ADL2,Accelerometer RUA^,Accelerometer,167,5.566666666666666,True
S4,S4-ADL2,Accelerometer LUA_,Accelerometer,21,0.7,False
S4,S4-ADL2,Accelerometer LUA_,Accelerometer,20,0.6666666666666666,False
S4,S4-ADL2,Accelerometer LUA_,Accelerometer,21,0.7,False
S4,S4-ADL2,Accelerometer LUA_,Accelerometer,20,0.6666666666666666,False
S4,S4-ADL2,Accelerometer LUA_,Accelerometer,21,0.7,False
S4,S4-ADL2,Accelerometer LUA_,Accelerometer,20,0.6666666666666666,False
S4,S4-ADL2,Accelerometer LUA_,Accelerometer,20,0.6666666666666666,False
S4,S4-ADL2,Accelerometer LUA_,Accelerometer,21,0.7,False
S4,S4-ADL2,Accelerometer LUA_,Accelerometer,168,5.6,True
S4,S4-ADL2,Accelerometer LWR,Accelerometer,21,0.7,False
S4,S4-ADL2,Accelerometer LWR,Accelerometer,169,5.633333333333334,True
S4,S4-ADL2,Accelerometer RH,Accelerometer,5,0.16666666666666666,True
S4,S4-ADL2,Accelerometer RH,Accelerometer,22,0.7333333333333333,False
S4,S4-ADL2,Accelerometer RH,Accelerometer,20,0.6666666666666666,False
S4,S4-ADL2,Accelerometer RH,Accelerometer,20,0.6666666666666666,False
S4,S4-ADL2,Accelerometer RH,Accelerometer,20,0.6666666666666666,False
S4,S4-ADL2,Accelerometer RH,Accelerometer,20,0.6666666666666666,False
S4,S4-ADL2,Accelerometer RH,Accelerometer,20,0.6666666666666666,False
S4,S4-ADL2,Accelerometer RH,Accelerometer,20,0.6666666666666666,False
S4,S4-ADL2,Accelerometer RH,Accelerometer,20,0.6666666666666666,False
S4,S4-ADL2,Accelerometer RH,Accelerometer,21,0.7,False
S4,S4-ADL2,Accelerometer RH,Accelerometer,22,0.7333333333333333,False
S4,S4-ADL2,Accelerometer RH,Accelerometer,30,1.0,False
S4,S4-ADL2,Accelerometer RH,Accelerometer,27,0.9,False
S4,S4-ADL2,Accelerometer RH,Accelerometer,20,0.6666666666666666,False
S4,S4-ADL2,Accelerometer RH,Accelerometer,56,1.8666666666666667,False
S4,S4-ADL2,Accelerometer RH,Accelerometer,20,0.6666666666666666,False
S4,S4-ADL2,Accelerometer RH,Accelerometer,20,0.6666666666666666,False
S4,S4-ADL2,Accelerometer RH,Accelerometer,20,0.6666666666666666,False
S4,S4-ADL2,Accelerometer RH,Accelerometer,27,0.9,False
S4,S4-ADL2,Accelerometer RH,Accelerometer,32,1.0666666666666667,False
S4,S4-ADL2,Accelerometer RH,Accelerometer,20,0.6666666666666666,False
S4,S4-ADL2,Accelerometer RH,Accelerometer,26,0.8666666666666667,False
S4,S4-ADL2,Accelerometer RH,Accelerometer,20,0.6666666666666666,False
S4,S4-ADL2,Accelerometer RH,Accelerometer,35,1.1666666666666667,False
S4,S4-ADL2,Accelerometer RH,Accelerometer,20,0.6666666666666666,False
S4,S4-ADL2,Accelerometer RH,Accelerometer,20,0.6666666666666666,False
S4,S4-ADL2,Accelerometer RH,Accelerometer,20,0.6666666666666666,False
S4,S4-ADL2,Accelerometer RH,Accelerometer,21,0.7,False
S4,S4-ADL2,Accelerometer RH,Accelerometer,20,0.6666666666666666,False
S4,S4-ADL2,Accelerometer RH,Accelerometer,21,0.7,False
S4,S4-ADL2,Accelerometer RH,Accelerometer,72,2.4,True
S4,S4-ADL2,InertialMeasurementUnit BACK,InertialMeasurementUnit,149,4.966666666666667,True
S4,S4-ADL2,InertialMeasurementUnit RUA,InertialMeasurementUnit,149,4.966666666666667,True
S4,S4-ADL2,InertialMeasurementUnit RLA,InertialMeasurementUnit,149,4.966666666666667,True
S4,S4-ADL2,InertialMeasurementUnit LUA,InertialMeasurementUnit,149,4.966666666666667,True
S4,S4-ADL2,InertialMeasurementUnit LLA,InertialMeasurementUnit,149,4.966666666666667,True
S4,S4-ADL3,Accelerometer RKN^,Accelerometer,21,0.7,False
S4,S4-ADL3,Accelerometer RKN^,Accelerometer,49,1.6333333333333333,False
S4,S4-ADL3,Accelerometer RKN^,Accelerometer,39,1.3,False
S4,S4-ADL3,Accelerometer RKN^,Accelerometer,51,1.7,False
S4,S4-ADL3,Accelerometer RKN^,Accelerometer,42,1.4,False
S4,S4-ADL3,Accelerometer RKN^,Accelerometer,37,1.2333333333333334,False
S4,S4-ADL3,Accelerometer RKN^,Accelerometer,38,1.2666666666666666,False
S4,S4-ADL3,Accelerometer RKN^,Accelerometer,30,1.0,False
S4,S4-ADL3,Accelerometer RKN^,Accelerometer,24,0.8,False
S4,S4-ADL3,Accelerometer RKN^,Accelerometer,23,0.7666666666666667,False
S4,S4-ADL3,Accelerometer RKN^,Accelerometer,84,2.8,False
S4,S4-ADL3,Accelerometer RKN^,Accelerometer,70,2.3333333333333335,False
S4,S4-ADL3,Accelerometer RKN^,Accelerometer,68,2.2666666666666666,False
S4,S4-ADL3,Accelerometer RKN^,Accelerometer,95,3.1666666666666665,False
S4,S4-ADL3,Accelerometer RKN^,Accelerometer,156,5.2,False
S4,S4-ADL3,Accelerometer RKN^,Accelerometer,150,5.0,False
S4,S4-ADL3,Accelerometer RKN^,Accelerometer,65,2.1666666666666665,False
S4,S4-ADL3,Accelerometer RKN^,Accelerometer,125,4.166666666666667,False
S4,S4-ADL3,Accelerometer RKN^,Accelerometer,99,3.3,False
S4,S4-ADL3,Accelerometer RKN^,Accelerometer,21,0.7,False
S4,S4-ADL3,Accelerometer RKN^,Accelerometer,118,3.933333333333333,False
S4,S4-ADL3,Accelerometer RKN^,Accelerometer,60,2.0,False
S4,S4-ADL3,Accelerometer RKN^,Accelerometer,47,1.5666666666666667,False
S4,S4-ADL3,Accelerometer RKN^,Accelerometer,27,0.9,False
S4,S4-ADL3,Accelerometer RKN^,Accelerometer,21,0.7,False
S4,S4-ADL3,Accelerometer RKN^,Accelerometer,21,0.7,False
S4,S4-ADL3,Accelerometer RKN^,Accelerometer,176,5.866666666666666,False
S4,S4-ADL3,Accelerometer RKN^,Accelerometer,65,2.1666666666666665,False
S4,S4-ADL3,Accelerometer RKN^,Accelerometer,112,3.7333333333333334,False
S4,S4-ADL3,Accelerometer RKN^,Accelerometer,141,4.7,False
S4,S4-ADL3,Accelerometer RKN^,Accelerometer,194,6.466666666666667,False
S4,S4-ADL3,Accelerometer RKN^,Accelerometer,22,0.7333333333333333,False
S4,S4-ADL3,Accelerometer RKN^,Accelerometer,64,2.1333333333333333,False
S4,S4-ADL3,Accelerometer RKN^,Accelerometer,44,1.4666666666666666,False
S4,S4-ADL3,Accelerometer RKN^,Accelerometer,46,1.5333333333333334,False
S4,S4-ADL3,Accelerometer RKN^,Accelerometer,23,0.7666666666666667,False
S4,S4-ADL3,Accelerometer RKN^,Accelerometer,38,1.2666666666666666,False
S4,S4-ADL3,Accelerometer RKN^,Accelerometer,141,4.7,False
S4,S4-ADL3,Accelerometer RKN^,Accelerometer,38,1.2666666666666666,False
S4,S4-ADL3,Accelerometer RKN^,Accelerometer,40,1.3333333333333333,False
S4,S4-ADL3,Accelerometer RKN^,Accelerometer,167,5.566666666666666,False
S4,S4-ADL3,Accelerometer RKN^,Accelerometer,270,9.0,False
S4,S4-ADL3,Accelerometer RKN^,Accelerometer,21,0.7,False
S4,S4-ADL3,Accelerometer RKN^,Accelerometer,70,2.3333333333333335,False
S4,S4-ADL3,Accelerometer RKN^,Accelerometer,549,18.3,True
S4,S4-ADL3,Accelerometer HIP,Accelerometer,77,2.566666666666667,False
S4,S4-ADL3,Accelerometer HIP,Accelerometer,41,1.3666666666666667,False
S4,S4-ADL3,Accelerometer HIP,Accelerometer,60,2.0,False
S4,S4-ADL3,Accelerometer HIP,Accelerometer,23,0.7666666666666667,False
S4,S4-ADL3,Accelerometer HIP,Accelerometer,45,1.5,False
S4,S4-ADL3,Accelerometer HIP,Accelerometer,37,1.2333333333333334,False
S4,S4-ADL3,Accelerometer HIP,Accelerometer,31,1.0333333333333334,False
S4,S4-ADL3,Accelerometer HIP,Accelerometer,601,20.033333333333335,True
S4,S4-ADL3,Accelerometer LUA^,Accelerometer,20,0.6666666666666666,False
S4,S4-ADL3,Accelerometer LUA^,Accelerometer,20,0.6666666666666666,False
S4,S4-ADL3,Accelerometer LUA^,Accelerometer,20,0.6666666666666666,False
S4,S4-ADL3,Accelerometer LUA^,Accelerometer,20,0.6666666666666666,False
S4,S4-ADL3,Accelerometer LUA^,Accelerometer,2074,69.13333333333334,False
S4,S4-ADL3,Accelerometer LUA^,Accelerometer,19,0.6333333333333333,False
S4,S4-ADL3,Accelerometer LUA^,Accelerometer,19,0.6333333333333333,False
S4,S4-ADL3,Accelerometer LUA^,Accelerometer,19,0.6333333333333333,False
S4,S4-ADL3,Accelerometer LUA^,Accelerometer,20,0.6666666666666666,False
S4,S4-ADL3,Accelerometer LUA^,Accelerometer,606,20.2,True
S4,S4-ADL3,Accelerometer RUA_,Accelerometer,19,0.6333333333333333,False
S4,S4-ADL3,Accelerometer RUA_,Accelerometer,20,0.6666666666666666,False
S4,S4-ADL3,Accelerometer RUA_,Accelerometer,21,0.7,False
S4,S4-ADL3,Accelerometer RUA_,Accelerometer,20,0.6666666666666666,False
S4,S4-ADL3,Accelerometer RUA_,Accelerometer,20,0.6666666666666666,False
S4,S4-ADL3,Accelerometer RUA_,Accelerometer,20,0.6666666666666666,False
S4,S4-ADL3,Accelerometer RUA_,Accelerometer,20,0.6666666666666666,False
S4,S4-ADL3,Accelerometer RUA_,Accelerometer,20,0.6666666666666666,False
S4,S4-ADL3,Accelerometer RUA_,Accelerometer,607,20.233333333333334,True
S4,S4-ADL3,Accelerometer LH,Accelerometer,24421,814.0333333333333,False
S4,S4-ADL3,Accelerometer LH,Accelerometer,606,20.2,True
S4,S4-ADL3,Accelerometer BACK,Accelerometer,607,20.233333333333334,True
S4,S4-ADL3,Accelerometer RKN_,Accelerometer,27,0.9,False
S4,S4-ADL3,Accelerometer RKN_,Accelerometer,59,1.9666666666666666,False
S4,S4-ADL3,Accelerometer RKN_,Accelerometer,49,1.6333333333333333,False
S4,S4-ADL3,Accelerometer RKN_,Accelerometer,61,2.033333333333333,False
S4,S4-ADL3,Accelerometer RKN_,Accelerometer,48,1.6,False
S4,S4-ADL3,Accelerometer RKN_,Accelerometer,62,2.066666666666667,False
S4,S4-ADL3,Accelerometer RKN_,Accelerometer,27,0.9,False
S4,S4-ADL3,Accelerometer RKN_,Accelerometer,41,1.3666666666666667,False
S4,S4-ADL3,Accelerometer RKN_,Accelerometer,23,0.7666666666666667,False
S4,S4-ADL3,Accelerometer RKN_,Accelerometer,26,0.8666666666666667,False
S4,S4-ADL3,Accelerometer RKN_,Accelerometer,23,0.7666666666666667,False
S4,S4-ADL3,Accelerometer RKN_,Accelerometer,41,1.3666666666666667,False
S4,S4-ADL3,Accelerometer RKN_,Accelerometer,49,1.6333333333333333,False
S4,S4-ADL3,Accelerometer RKN_,Accelerometer,78,2.6,False
S4,S4-ADL3,Accelerometer RKN_,Accelerometer,89,2.966666666666667,False
S4,S4-ADL3,Accelerometer RKN_,Accelerometer,180,6.0,False
S4,S4-ADL3,Accelerometer RKN_,Accelerometer,144,4.8,False
S4,S4-ADL3,Accelerometer RKN_,Accelerometer,25,0.8333333333333334,False
S4,S4-ADL3,Accelerometer RKN_,Accelerometer,136,4.533333333333333,False
S4,S4-ADL3,Accelerometer RKN_,Accelerometer,112,3.7333333333333334,False
S4,S4-ADL3,Accelerometer RKN_,Accelerometer,186,6.2,False
S4,S4-ADL3,Accelerometer RKN_,Accelerometer,118,3.933333333333333,False
S4,S4-ADL3,Accelerometer RKN_,Accelerometer,47,1.5666666666666667,False
S4,S4-ADL3,Accelerometer RKN_,Accelerometer,60,2.0,False
S4,S4-ADL3,Accelerometer RKN_,Accelerometer,99,3.3,False
S4,S4-ADL3,Accelerometer RKN_,Accelerometer,50,1.6666666666666667,False
S4,S4-ADL3,Accelerometer RKN_,Accelerometer,35,1.1666666666666667,False
S4,S4-ADL3,Accelerometer RKN_,Accelerometer,52,1.7333333333333334,False
S4,S4-ADL3,Accelerometer RKN_,Accelerometer,39,1.3,False
S4,S4-ADL3,Accelerometer RKN_,Accelerometer,130,4.333333333333333,False
S4,S4-ADL3,Accelerometer RKN_,Accelerometer,150,5.0,False
S4,S4-ADL3,Accelerometer RKN_,Accelerometer,469,15.633333333333333,False
S4,S4-ADL3,Accelerometer RKN_,Accelerometer,106,3.533333333333333,False
S4,S4-ADL3,Accelerometer RKN_,Accelerometer,107,3.566666666666667,False
S4,S4-ADL3,Accelerometer RKN_,Accelerometer,34,1.1333333333333333,False
S4,S4-ADL3,Accelerometer RKN_,Accelerometer,31,1.0333333333333334,False
S4,S4-ADL3,Accelerometer RKN_,Accelerometer,23,0.7666666666666667,False
S4,S4-ADL3,Accelerometer RKN_,Accelerometer,24,0.8,False
S4,S4-ADL3,Accelerometer RKN_,Accelerometer,46,1.5333333333333334,False
S4,S4-ADL3,Accelerometer RKN_,Accelerometer,36,1.2,False
S4,S4-ADL3,Accelerometer RKN_,Accelerometer,32,1.0666666666666667,False
S4,S4-ADL3,Accelerometer RKN_,Accelerometer,23,0.7666666666666667,False
S4,S4-ADL3,Accelerometer RKN_,Accelerometer,54,1.8,False
S4,S4-ADL3,Accelerometer RKN_,Accelerometer,48,1.6,False
S4,S4-ADL3,Accelerometer RKN_,Accelerometer,133,4.433333333333334,False
S4,S4-ADL3,Accelerometer RKN_,Accelerometer,159,5.3,False
S4,S4-ADL3,Accelerometer RKN_,Accelerometer,24,0.8,False
S4,S4-ADL3,Accelerometer RKN_,Accelerometer,122,4.066666666666666,False
S4,S4-ADL3,Accelerometer RKN_,Accelerometer,83,2.7666666666666666,False
S4,S4-ADL3,Accelerometer RKN_,Accelerometer,131,4.366666666666666,False
S4,S4-ADL3,Accelerometer RKN_,Accelerometer,131,4.366666666666666,False
S4,S4-ADL3,Accelerometer RKN_,Accelerometer,106,3.533333333333333,False
S4,S4-ADL3,Accelerometer RKN_,Accelerometer,34,1.1333333333333333,False
S4,S4-ADL3,Accelerometer RKN_,Accelerometer,43,1.4333333333333333,False
S4,S4-ADL3,Accelerometer RKN_,Accelerometer,68,2.2666666666666666,False
S4,S4-ADL3,Accelerometer RKN_,Accelerometer,37,1.2333333333333334,False
S4,S4-ADL3,Accelerometer RKN_,Accelerometer,29,0.9666666666666667,False
S4,S4-ADL3,Accelerometer RKN_,Accelerometer,517,17.233333333333334,True
S4,S4-ADL3,Accelerometer RWR,Accelerometer,22,0.7333333333333333,False
S4,S4-ADL3,Accelerometer RWR,Accelerometer,22,0.7333333333333333,False
S4,S4-ADL3,Accelerometer RWR,Accelerometer,46,1.5333333333333334,False
S4,S4-ADL3,Accelerometer RWR,Accelerometer,21,0.7,False
S4,S4-ADL3,Accelerometer RWR,Accelerometer,21,0.7,False
S4,S4-ADL3,Accelerometer RWR,Accelerometer,22,0.7333333333333333,False
S4,S4-ADL3,Accelerometer RWR,Accelerometer,22,0.7333333333333333,False
S4,S4-ADL3,Accelerometer RWR,Accelerometer,37,1.2333333333333334,False
S4,S4-ADL3,Accelerometer RWR,Accelerometer,21,0.7,False
S4,S4-ADL3,Accelerometer RWR,Accelerometer,21,0.7,False
S4,S4-ADL3,Accelerometer RWR,Accelerometer,21,0.7,False
S4,S4-ADL3,Accelerometer RWR,Accelerometer,22,0.7333333333333333,False
S4,S4-ADL3,Accelerometer RWR,Accelerometer,21,0.7,False
S4,S4-ADL3,Accelerometer RWR,Accelerometer,21,0.7,False
S4,S4-ADL3,Accelerometer RWR,Accelerometer,21,0.7,False
S4,S4-ADL3,Accelerometer RWR,Accelerometer,57,1.9,True
S4,S4-ADL3,Accelerometer RUA^,Accelerometer,20,0.6666666666666666,False
S4,S4-ADL3,Accelerometer RUA^,Accelerometer,19,0.6333333333333333,False
S4,S4-ADL3,Accelerometer RUA^,Accelerometer,20,0.6666666666666666,False
S4,S4-ADL3,Accelerometer RUA^,Accelerometer,19,0.6333333333333333,False
S4,S4-ADL3,Accelerometer RUA^,Accelerometer,19,0.6333333333333333,False
S4,S4-ADL3,Accelerometer RUA^,Accelerometer,20,0.6666666666666666,False
S4,S4-ADL3,Accelerometer RUA^,Accelerometer,19,0.6333333333333333,False
S4,S4-ADL3,Accelerometer RUA^,Accelerometer,20,0.6666666666666666,False
S4,S4-ADL3,Accelerometer RUA^,Accelerometer,20,0.6666666666666666,False
S4,S4-ADL3,Accelerometer RUA^,Accelerometer,20,0.6666666666666666,False
S4,S4-ADL3,Accelerometer RUA^,Accelerometer,602,20.066666666666666,True
S4,S4-ADL3,Accelerometer LUA_,Accelerometer,21,0.7,False
S4,S4-ADL3,Accelerometer LUA_,Accelerometer,20,0.6666666666666666,False
S4,S4-ADL3,Accelerometer LUA_,Accelerometer,20,0.6666666666666666,False
S4,S4-ADL3,Accelerometer LUA_,Accelerometer,21,0.7,False
S4,S4-ADL3,Accelerometer LUA_,Accelerometer,19,0.6333333333333333,False
S4,S4-ADL3,Accelerometer LUA_,Accelerometer,20,0.6666666666666666,False
S4,S4-ADL3,Accelerometer LUA_,Accelerometer,21,0.7,False
S4,S4-ADL3,Accelerometer LUA_,Accelerometer,21,0.7,False
S4,S4-ADL3,Accelerometer LUA_,Accelerometer,20,0.6666666666666666,False
S4,S4-ADL3,Accelerometer LUA_,Accelerometer,21,0.7,False
S4,S4-ADL3,Accelerometer LUA_,Accelerometer,20,0.6666666666666666,False
S4,S4-ADL3,Accelerometer LUA_,Accelerometer,599,19.966666666666665,True
S4,S4-ADL3,Accelerometer LWR,Accelerometer,20,0.6666666666666666,False
S4,S4-ADL3,Accelerometer LWR,Accelerometer,19,0.6333333333333333,False
S4,S4-ADL3,Accelerometer LWR,Accelerometer,21,0.7,False
S4,S4-ADL3,Accelerometer LWR,Accelerometer,20,0.6666666666666666,False
S4,S4-ADL3,Accelerometer LWR,Accelerometer,20,0.6666666666666666,False
S4,S4-ADL3,Accelerometer LWR,Accelerometer,20,0.6666666666666666,False
S4,S4-ADL3,Accelerometer LWR,Accelerometer,21,0.7,False
S4,S4-ADL3,Accelerometer LWR,Accelerometer,20,0.6666666666666666,False
S4,S4-ADL3,Accelerometer LWR,Accelerometer,21,0.7,False
S4,S4-ADL3,Accelerometer LWR,Accelerometer,20,0.6666666666666666,False
S4,S4-ADL3,Accelerometer LWR,Accelerometer,20,0.6666666666666666,False
S4,S4-ADL3,Accelerometer LWR,Accelerometer,20,0.6666666666666666,False
S4,S4-ADL3,Accelerometer LWR,Accelerometer,20,0.6666666666666666,False
S4,S4-ADL3,Accelerometer LWR,Accelerometer,600,20.0,True
S4,S4-ADL3,Accelerometer RH,Accelerometer,28,0.9333333333333333,False
S4,S4-ADL3,Accelerometer RH,Accelerometer,670,22.333333333333332,True
S4,S4-ADL3,InertialMeasurementUnit BACK,InertialMeasurementUnit,582,19.4,True
S4,S4-ADL3,InertialMeasurementUnit RUA,InertialMeasurementUnit,582,19.4,True
S4,S4-ADL3,InertialMeasurementUnit RLA,InertialMeasurementUnit,582,19.4,True
S4,S4-ADL3,InertialMeasurementUnit LUA,InertialMeasurementUnit,582,19.4,True
S4,S4-ADL3,InertialMeasurementUnit LLA,InertialMeasurementUnit,582,19.4,True
S4,S4-ADL4,Accelerometer RKN^,Accelerometer,22,0.7333333333333333,False
S4,S4-ADL4,Accelerometer RKN^,Accelerometer,31,1.0333333333333334,False
S4,S4-ADL4,Accelerometer RKN^,Accelerometer,57,1.9,False
S4,S4-ADL4,Accelerometer RKN^,Accelerometer,85,2.8333333333333335,False
S4,S4-ADL4,Accelerometer RKN^,Accelerometer,27,0.9,False
S4,S4-ADL4,Accelerometer RKN^,Accelerometer,21,0.7,False
S4,S4-ADL4,Accelerometer RKN^,Accelerometer,27,0.9,False
S4,S4-ADL4,Accelerometer RKN^,Accelerometer,74,2.466666666666667,False
S4,S4-ADL4,Accelerometer RKN^,Accelerometer,139,4.633333333333334,False
S4,S4-ADL4,Accelerometer RKN^,Accelerometer,47,1.5666666666666667,False
S4,S4-ADL4,Accelerometer RKN^,Accelerometer,50,1.6666666666666667,False
S4,S4-ADL4,Accelerometer RKN^,Accelerometer,153,5.1,False
S4,S4-ADL4,Accelerometer RKN^,Accelerometer,33,1.1,False
S4,S4-ADL4,Accelerometer RKN^,Accelerometer,75,2.5,False
S4,S4-ADL4,Accelerometer RKN^,Accelerometer,20,0.6666666666666666,False
S4,S4-ADL4,Accelerometer RKN^,Accelerometer,1020,34.0,True
S4,S4-ADL4,Accelerometer HIP,Accelerometer,1039,34.63333333333333,True
S4,S4-ADL4,Accelerometer LUA^,Accelerometer,21,0.7,False
S4,S4-ADL4,Accelerometer LUA^,Accelerometer,1036,34.53333333333333,True
S4,S4-ADL4,Accelerometer RUA_,Accelerometer,20,0.6666666666666666,False
S4,S4-ADL4,Accelerometer RUA_,Accelerometer,20,0.6666666666666666,False
S4,S4-ADL4,Accelerometer RUA_,Accelerometer,21,0.7,False
S4,S4-ADL4,Accelerometer RUA_,Accelerometer,36,1.2,False
S4,S4-ADL4,Accelerometer RUA_,Accelerometer,20,0.6666666666666666,False
S4,S4-ADL4,Accelerometer RUA_,Accelerometer,20,0.6666666666666666,False
S4,S4-ADL4,Accelerometer RUA_,Accelerometer,20,0.6666666666666666,False
S4,S4-ADL4,Accelerometer RUA_,Accelerometer,20,0.6666666666666666,False
S4,S4-ADL4,Accelerometer RUA_,Accelerometer,20,0.6666666666666666,False
S4,S4-ADL4,Accelerometer RUA_,Accelerometer,21,0.7,False
S4,S4-ADL4,Accelerometer RUA_,Accelerometer,1032,34.4,True
S4,S4-ADL4,Accelerometer LH,Accelerometer,21194,706.4666666666667,True
S4,S4-ADL4,Accelerometer LH,Accelerometer,1035,34.5,True
S4,S4-ADL4,Accelerometer BACK,Accelerometer,19,0.6333333333333333,False
S4,S4-ADL4,Accelerometer BACK,Accelerometer,1036,34.53333333333333,True
S4,S4-ADL4,Accelerometer RKN_,Accelerometer,51,1.7,False
S4,S4-ADL4,Accelerometer RKN_,Accelerometer,77,2.566666666666667,False
S4,S4-ADL4,Accelerometer RKN_,Accelerometer,39,1.3,False
S4,S4-ADL4,Accelerometer RKN_,Accelerometer,65,2.1666666666666665,False
S4,S4-ADL4,Accelerometer RKN_,Accelerometer,109,3.6333333333333333,False
S4,S4-ADL4,Accelerometer RKN_,Accelerometer,83,2.7666666666666666,False
S4,S4-ADL4,Accelerometer RKN_,Accelerometer,88,2.933333333333333,False
S4,S4-ADL4,Accelerometer RKN_,Accelerometer,63,2.1,False
S4,S4-ADL4,Accelerometer RKN_,Accelerometer,43,1.4333333333333333,False
S4,S4-ADL4,Accelerometer RKN_,Accelerometer,88,2.933333333333333,False
S4,S4-ADL4,Accelerometer RKN_,Accelerometer,64,2.1333333333333333,False
S4,S4-ADL4,Accelerometer RKN_,Accelerometer,117,3.9,False
S4,S4-ADL4,Accelerometer RKN_,Accelerometer,99,3.3,False
S4,S4-ADL4,Accelerometer RKN_,Accelerometer,115,3.8333333333333335,False
S4,S4-ADL4,Accelerometer RKN_,Accelerometer,58,1.9333333333333333,False
S4,S4-ADL4,Accelerometer RKN_,Accelerometer,209,6.966666666666667,False
S4,S4-ADL4,Accelerometer RKN_,Accelerometer,81,2.7,False
S4,S4-ADL4,Accelerometer RKN_,Accelerometer,28,0.9333333333333333,False
S4,S4-ADL4,Accelerometer RKN_,Accelerometer,29,0.9666666666666667,False
S4,S4-ADL4,Accelerometer RKN_,Accelerometer,25,0.8333333333333334,False
S4,S4-ADL4,Accelerometer RKN_,Accelerometer,116,3.8666666666666667,False
S4,S4-ADL4,Accelerometer RKN_,Accelerometer,19,0.6333333333333333,False
S4,S4-ADL4,Accelerometer RKN_,Accelerometer,59,1.9666666666666666,False
S4,S4-ADL4,Accelerometer RKN_,Accelerometer,37,1.2333333333333334,False
S4,S4-ADL4,Accelerometer RKN_,Accelerometer,23,0.7666666666666667,False
S4,S4-ADL4,Accelerometer RKN_,Accelerometer,29,0.9666666666666667,False
S4,S4-ADL4,Accelerometer RKN_,Accelerometer,33,1.1,False
S4,S4-ADL4,Accelerometer RKN_,Accelerometer,53,1.7666666666666666,False
S4,S4-ADL4,Accelerometer RKN_,Accelerometer,31,1.0333333333333334,False
S4,S4-ADL4,Accelerometer RKN_,Accelerometer,996,33.2,True
S4,S4-ADL4,Accelerometer RWR,Accelerometer,55,1.8333333333333333,False
S4,S4-ADL4,Accelerometer RWR,Accelerometer,41,1.3666666666666667,False
S4,S4-ADL4,Accelerometer RWR,Accelerometer,21,0.7,False
S4,S4-ADL4,Accelerometer RWR,Accelerometer,752,25.066666666666666,True
S4,S4-ADL4,Accelerometer RUA^,Accelerometer,20,0.6666666666666666,False
S4,S4-ADL4,Accelerometer RUA^,Accelerometer,20,0.6666666666666666,False
S4,S4-ADL4,Accelerometer RUA^,Accelerometer,20,0.6666666666666666,False
S4,S4-ADL4,Accelerometer RUA^,Accelerometer,20,0.6666666666666666,False
S4,S4-ADL4,Accelerometer RUA^,Accelerometer,20,0.6666666666666666,False
S4,S4-ADL4,Accelerometer RUA^,Accelerometer,20,0.6666666666666666,False
S4,S4-ADL4,Accelerometer RUA^,Accelerometer,20,0.6666666666666666,False
S4,S4-ADL4,Accelerometer RUA^,Accelerometer,20,0.6666666666666666,False
S4,S4-ADL4,Accelerometer RUA^,Accelerometer,19,0.6333333333333333,False
S4,S4-ADL4,Accelerometer RUA^,Accelerometer,19,0.6333333333333333,False
S4,S4-ADL4,Accelerometer RUA^,Accelerometer,1034,34.46666666666667,True
S4,S4-ADL4,Accelerometer LUA_,Accelerometer,1034,34.46666666666667,True
S4,S4-ADL4,Accelerometer LWR,Accelerometer,20,0.6666666666666666,False
S4,S4-ADL4,Accelerometer LWR,Accelerometer,20,0.6666666666666666,False
S4,S4-ADL4,Accelerometer LWR,Accelerometer,21,0.7,False
S4,S4-ADL4,Accelerometer LWR,Accelerometer,20,0.6666666666666666,False
S4,S4-ADL4,Accelerometer LWR,Accelerometer,21,0.7,False
S4,S4-ADL4,Accelerometer LWR,Accelerometer,20,0.6666666666666666,False
S4,S4-ADL4,Accelerometer LWR,Accelerometer,20,0.6666666666666666,False
S4,S4-ADL4,Accelerometer LWR,Accelerometer,20,0.6666666666666666,False
S4,S4-ADL4,Accelerometer LWR,Accelerometer,22,0.7333333333333333,False
S4,S4-ADL4,Accelerometer LWR,Accelerometer,21,0.7,False
S4,S4-ADL4,Accelerometer LWR,Accelerometer,20,0.6666666666666666,False
S4,S4-ADL4,Accelerometer LWR,Accelerometer,20,0.6666666666666666,False
S4,S4-ADL4,Accelerometer LWR,Accelerometer,1034,34.46666666666667,True
S4,S4-ADL4,Accelerometer RH,Accelerometer,47,1.5666666666666667,True
S4,S4-ADL4,Accelerometer RH,Accelerometer,35,1.1666666666666667,False
S4,S4-ADL4,Accelerometer RH,Accelerometer,349,11.633333333333333,False
S4,S4-ADL4,Accelerometer RH,Accelerometer,94,3.1333333333333333,False
S4,S4-ADL4,Accelerometer RH,Accelerometer,35,1.1666666666666667,False
S4,S4-ADL4,Accelerometer RH,Accelerometer,44,1.4666666666666666,False
S4,S4-ADL4,Accelerometer RH,Accelerometer,28,0.9333333333333333,False
S4,S4-ADL4,Accelerometer RH,Accelerometer,44,1.4666666666666666,False
S4,S4-ADL4,Accelerometer RH,Accelerometer,593,19.766666666666666,False
S4,S4-ADL4,Accelerometer RH,Accelerometer,80,2.6666666666666665,False
S4,S4-ADL4,Accelerometer RH,Accelerometer,34,1.1333333333333333,False
S4,S4-ADL4,Accelerometer RH,Accelerometer,1010,33.666666666666664,True
S4,S4-ADL4,InertialMeasurementUnit BACK,InertialMeasurementUnit,1014,33.8,True
S4,S4-ADL4,InertialMeasurementUnit RUA,InertialMeasurementUnit,1014,33.8,True
S4,S4-ADL4,InertialMeasurementUnit RLA,InertialMeasurementUnit,1014,33.8,True
S4,S4-ADL4,InertialMeasurementUnit LUA,InertialMeasurementUnit,1014,33.8,True
S4,S4-ADL4,InertialMeasurementUnit LLA,InertialMeasurementUnit,1014,33.8,True
S4,S4-ADL5,Accelerometer RKN^,Accelerometer,78,2.6,False
S4,S4-ADL5,Accelerometer RKN^,Accelerometer,20,0.6666666666666666,False
S4,S4-ADL5,Accelerometer RKN^,Accelerometer,39,1.3,False
S4,S4-ADL5,Accelerometer RKN^,Accelerometer,36,1.2,False
S4,S4-ADL5,Accelerometer RKN^,Accelerometer,58,1.9333333333333333,False
S4,S4-ADL5,Accelerometer RKN^,Accelerometer,64,2.1333333333333333,False
S4,S4-ADL5,Accelerometer RKN^,Accelerometer,35,1.1666666666666667,False
S4,S4-ADL5,Accelerometer RKN^,Accelerometer,29,0.9666666666666667,False
S4,S4-ADL5,Accelerometer RKN^,Accelerometer,73,2.433333333333333,False
S4,S4-ADL5,Accelerometer RKN^,Accelerometer,20,0.6666666666666666,False
S4,S4-ADL5,Accelerometer RKN^,Accelerometer,26,0.8666666666666667,False
S4,S4-ADL5,Accelerometer RKN^,Accelerometer,62,2.066666666666667,False
S4,S4-ADL5,Accelerometer RKN^,Accelerometer,21,0.7,False
S4,S4-ADL5,Accelerometer RKN^,Accelerometer,32,1.0666666666666667,False
S4,S4-ADL5,Accelerometer RKN^,Accelerometer,37,1.2333333333333334,False
S4,S4-ADL5,Accelerometer RKN^,Accelerometer,21,0.7,False
S4,S4-ADL5,Accelerometer RKN^,Accelerometer,37,1.2333333333333334,False
S4,S4-ADL5,Accelerometer RKN^,Accelerometer,24,0.8,False
S4,S4-ADL5,Accelerometer RKN^,Accelerometer,23,0.7666666666666667,False
S4,S4-ADL5,Accelerometer RKN^,Accelerometer,137,4.566666666666666,False
S4,S4-ADL5,Accelerometer RKN^,Accelerometer,173,5.766666666666667,False
S4,S4-ADL5,Accelerometer RKN^,Accelerometer,31,1.0333333333333334,False
S4,S4-ADL5,Accelerometer RKN^,Accelerometer,204,6.8,False
S4,S4-ADL5,Accelerometer RKN^,Accelerometer,70,2.3333333333333335,False
S4,S4-ADL5,Accelerometer RKN^,Accelerometer,39,1.3,False
S4,S4-ADL5,Accelerometer RKN^,Accelerometer,262,8.733333333333333,True
S4,S4-ADL5,Accelerometer HIP,Accelerometer,25,0.8333333333333334,False
S4,S4-ADL5,Accelerometer HIP,Accelerometer,33,1.1,False
S4,S4-ADL5,Accelerometer HIP,Accelerometer,300,10.0,True
S4,S4-ADL5,Accelerometer LUA^,Accelerometer,27,0.9,False
S4,S4-ADL5,Accelerometer LUA^,Accelerometer,2332,77.73333333333333,False
S4,S4-ADL5,Accelerometer LUA^,Accelerometer,307,10.233333333333333,True
S4,S4-ADL5,Accelerometer RUA_,Accelerometer,20,0.6666666666666666,False
S4,S4-ADL5,Accelerometer RUA_,Accelerometer,26,0.8666666666666667,False
S4,S4-ADL5,Accelerometer RUA_,Accelerometer,20,0.6666666666666666,False
S4,S4-ADL5,Accelerometer RUA_,Accelerometer,301,10.033333333333333,True
S4,S4-ADL5,Accelerometer LH,Accelerometer,187,6.233333333333333,True
S4,S4-ADL5,Accelerometer LH,Accelerometer,21,0.7,False
S4,S4-ADL5,Accelerometer LH,Accelerometer,22,0.7333333333333333,False
S4,S4-ADL5,Accelerometer LH,Accelerometer,20,0.6666666666666666,False
S4,S4-ADL5,Accelerometer LH,Accelerometer,24,0.8,False
S4,S4-ADL5,Accelerometer LH,Accelerometer,20,0.6666666666666666,False
S4,S4-ADL5,Accelerometer LH,Accelerometer,19,0.6333333333333333,False
S4,S4-ADL5,Accelerometer LH,Accelerometer,19,0.6333333333333333,False
S4,S4-ADL5,Accelerometer LH,Accelerometer,19,0.6333333333333333,False
S4,S4-ADL5,Accelerometer LH,Accelerometer,19,0.6333333333333333,False
S4,S4-ADL5,Accelerometer LH,Accelerometer,19,0.6333333333333333,False
S4,S4-ADL5,Accelerometer LH,Accelerometer,20,0.6666666666666666,False
S4,S4-ADL5,Accelerometer LH,Accelerometer,19,0.6333333333333333,False
S4,S4-ADL5,Accelerometer LH,Accelerometer,20,0.6666666666666666,False
S4,S4-ADL5,Accelerometer LH,Accelerometer,20,0.6666666666666666,False
S4,S4-ADL5,Accelerometer LH,Accelerometer,23,0.7666666666666667,False
S4,S4-ADL5,Accelerometer LH,Accelerometer,22,0.7333333333333333,False
S4,S4-ADL5,Accelerometer LH,Accelerometer,22,0.7333333333333333,False
S4,S4-ADL5,Accelerometer LH,Accelerometer,20,0.6666666666666666,False
S4,S4-ADL5,Accelerometer LH,Accelerometer,20,0.6666666666666666,False
S4,S4-ADL5,Accelerometer LH,Accelerometer,304,10.133333333333333,True
S4,S4-ADL5,Accelerometer BACK,Accelerometer,305,10.166666666666666,True
S4,S4-ADL5,Accelerometer RKN_,Accelerometer,46,1.5333333333333334,False
S4,S4-ADL5,Accelerometer RKN_,Accelerometer,24,0.8,False
S4,S4-ADL5,Accelerometer RKN_,Accelerometer,39,1.3,False
S4,S4-ADL5,Accelerometer RKN_,Accelerometer,38,1.2666666666666666,False
S4,S4-ADL5,Accelerometer RKN_,Accelerometer,21,0.7,False
S4,S4-ADL5,Accelerometer RKN_,Accelerometer,57,1.9,False
S4,S4-ADL5,Accelerometer RKN_,Accelerometer,30,1.0,False
S4,S4-ADL5,Accelerometer RKN_,Accelerometer,73,2.433333333333333,False
S4,S4-ADL5,Accelerometer RKN_,Accelerometer,49,1.6333333333333333,False
S4,S4-ADL5,Accelerometer RKN_,Accelerometer,76,2.533333333333333,False
S4,S4-ADL5,Accelerometer RKN_,Accelerometer,28,0.9333333333333333,False
S4,S4-ADL5,Accelerometer RKN_,Accelerometer,143,4.766666666666667,False
S4,S4-ADL5,Accelerometer RKN_,Accelerometer,53,1.7666666666666666,False
S4,S4-ADL5,Accelerometer RKN_,Accelerometer,29,0.9666666666666667,False
S4,S4-ADL5,Accelerometer RKN_,Accelerometer,26,0.8666666666666667,False
S4,S4-ADL5,Accelerometer RKN_,Accelerometer,81,2.7,False
S4,S4-ADL5,Accelerometer RKN_,Accelerometer,39,1.3,False
S4,S4-ADL5,Accelerometer RKN_,Accelerometer,137,4.566666666666666,False
S4,S4-ADL5,Accelerometer RKN_,Accelerometer,51,1.7,False
S4,S4-ADL5,Accelerometer RKN_,Accelerometer,74,2.466666666666667,False
S4,S4-ADL5,Accelerometer RKN_,Accelerometer,34,1.1333333333333333,False
S4,S4-ADL5,Accelerometer RKN_,Accelerometer,90,3.0,False
S4,S4-ADL5,Accelerometer RKN_,Accelerometer,22,0.7333333333333333,False
S4,S4-ADL5,Accelerometer RKN_,Accelerometer,19,0.6333333333333333,False
S4,S4-ADL5,Accelerometer RKN_,Accelerometer,52,1.7333333333333334,False
S4,S4-ADL5,Accelerometer RKN_,Accelerometer,20,0.6666666666666666,False
S4,S4-ADL5,Accelerometer RKN_,Accelerometer,70,2.3333333333333335,False
S4,S4-ADL5,Accelerometer RKN_,Accelerometer,54,1.8,False
S4,S4-ADL5,Accelerometer RKN_,Accelerometer,44,1.4666666666666666,False
S4,S4-ADL5,Accelerometer RKN_,Accelerometer,31,1.0333333333333334,False
S4,S4-ADL5,Accelerometer RKN_,Accelerometer,29,0.9666666666666667,False
S4,S4-ADL5,Accelerometer RKN_,Accelerometer,51,1.7,False
S4,S4-ADL5,Accelerometer RKN_,Accelerometer,43,1.4333333333333333,False
S4,S4-ADL5,Accelerometer RKN_,Accelerometer,35,1.1666666666666667,False
S4,S4-ADL5,Accelerometer RKN_,Accelerometer,23,0.7666666666666667,False
S4,S4-ADL5,Accelerometer RKN_,Accelerometer,20,0.6666666666666666,False
S4,S4-ADL5,Accelerometer RKN_,Accelerometer,26,0.8666666666666667,False
S4,S4-ADL5,Accelerometer RKN_,Accelerometer,47,1.5666666666666667,False
S4,S4-ADL5,Accelerometer RKN_,Accelerometer,25,0.8333333333333334,False
S4,S4-ADL5,Accelerometer RKN_,Accelerometer,24,0.8,False
S4,S4-ADL5,Accelerometer RKN_,Accelerometer,55,1.8333333333333333,False
S4,S4-ADL5,Accelerometer RKN_,Accelerometer,68,2.2666666666666666,False
S4,S4-ADL5,Accelerometer RKN_,Accelerometer,41,1.3666666666666667,False
S4,S4-ADL5,Accelerometer RKN_,Accelerometer,50,1.6666666666666667,False
S4,S4-ADL5,Accelerometer RKN_,Accelerometer,24,0.8,False
S4,S4-ADL5,Accelerometer RKN_,Accelerometer,569,18.966666666666665,False
S4,S4-ADL5,Accelerometer RKN_,Accelerometer,82,2.7333333333333334,False
S4,S4-ADL5,Accelerometer RKN_,Accelerometer,69,2.3,False
S4,S4-ADL5,Accelerometer RKN_,Accelerometer,23,0.7666666666666667,False
S4,S4-ADL5,Accelerometer RKN_,Accelerometer,28,0.9333333333333333,False
S4,S4-ADL5,Accelerometer RKN_,Accelerometer,240,8.0,True
S4,S4-ADL5,Accelerometer RWR,Accelerometer,21,0.7,False
S4,S4-ADL5,Accelerometer RWR,Accelerometer,19,0.6333333333333333,False
S4,S4-ADL5,Accelerometer RWR,Accelerometer,20,0.6666666666666666,False
S4,S4-ADL5,Accelerometer RWR,Accelerometer,19,0.6333333333333333,False
S4,S4-ADL5,Accelerometer RWR,Accelerometer,21,0.7,False
S4,S4-ADL5,Accelerometer RWR,Accelerometer,20,0.6666666666666666,False
S4,S4-ADL5,Accelerometer RWR,Accelerometer,21,0.7,False
S4,S4-ADL5,Accelerometer RWR,Accelerometer,20,0.6666666666666666,False
S4,S4-ADL5,Accelerometer RWR,Accelerometer,20,0.6666666666666666,False
S4,S4-ADL5,Accelerometer RWR,Accelerometer,20,0.6666666666666666,False
S4,S4-ADL5,Accelerometer RWR,Accelerometer,302,10.066666666666666,True
S4,S4-ADL5,Accelerometer RUA^,Accelerometer,20,0.6666666666666666,False
S4,S4-ADL5,Accelerometer RUA^,Accelerometer,20,0.6666666666666666,False
S4,S4-ADL5,Accelerometer RUA^,Accelerometer,19,0.6333333333333333,False
S4,S4-ADL5,Accelerometer RUA^,Accelerometer,20,0.6666666666666666,False
S4,S4-ADL5,Accelerometer RUA^,Accelerometer,20,0.6666666666666666,False
S4,S4-ADL5,Accelerometer RUA^,Accelerometer,19,0.6333333333333333,False
S4,S4-ADL5,Accelerometer RUA^,Accelerometer,19,0.6333333333333333,False
S4,S4-ADL5,Accelerometer RUA^,Accelerometer,20,0.6666666666666666,False
S4,S4-ADL5,Accelerometer RUA^,Accelerometer,20,0.6666666666666666,False
S4,S4-ADL5,Accelerometer RUA^,Accelerometer,20,0.6666666666666666,False
S4,S4-ADL5,Accelerometer RUA^,Accelerometer,20,0.6666666666666666,False
S4,S4-ADL5,Accelerometer RUA^,Accelerometer,302,10.066666666666666,True
S4,S4-ADL5,Accelerometer LUA_,Accelerometer,21,0.7,False
S4,S4-ADL5,Accelerometer LUA_,Accelerometer,19,0.6333333333333333,False
S4,S4-ADL5,Accelerometer LUA_,Accelerometer,37,1.2333333333333334,False
S4,S4-ADL5,Accelerometer LUA_,Accelerometer,119,3.966666666666667,False
S4,S4-ADL5,Accelerometer LUA_,Accelerometer,288,9.6,True
S4,S4-ADL5,Accelerometer LWR,Accelerometer,20,0.6666666666666666,False
S4,S4-ADL5,Accelerometer LWR,Accelerometer,296,9.866666666666667,True
S4,S4-ADL5,Accelerometer RH,Accelerometer,20,0.6666666666666666,False
S4,S4-ADL5,Accelerometer RH,Accelerometer,37,1.2333333333333334,False
S4,S4-ADL5,Accelerometer RH,Accelerometer,297,9.9,True
S4,S4-ADL5,InertialMeasurementUnit BACK,InertialMeasurementUnit,278,9.266666666666667,True
S4,S4-ADL5,InertialMeasurementUnit RUA,InertialMeasurementUnit,278,9.266666666666667,True
S4,S4-ADL5,InertialMeasurementUnit RLA,InertialMeasurementUnit,278,9.266666666666667,True
S4,S4-ADL5,InertialMeasurementUnit LUA,InertialMeasurementUnit,278,9.266666666666667,True
S4,S4-ADL5,InertialMeasurementUnit LLA,InertialMeasurementUnit,278,9.266666666666667,True
S4,S4-Drill,Accelerometer RKN^,Accelerometer,20,0.6666666666666666,False
S4,S4-Drill,Accelerometer RKN^,Accelerometer,20,0.6666666666666666,False
S4,S4-Drill,Accelerometer RKN^,Accelerometer,93,3.1,False
S4,S4-Drill,Accelerometer RKN^,Accelerometer,106,3.533333333333333,False
S4,S4-Drill,Accelerometer RKN^,Accelerometer,26,0.8666666666666667,False
S4,S4-Drill,Accelerometer RKN^,Accelerometer,74,2.466666666666667,False
S4,S4-Drill,Accelerometer RKN^,Accelerometer,29,0.9666666666666667,False
S4,S4-Drill,Accelerometer RKN^,Accelerometer,59,1.9666666666666666,False
S4,S4-Drill,Accelerometer RKN^,Accelerometer,124,4.133333333333334,False
S4,S4-Drill,Accelerometer RKN^,Accelerometer,44,1.4666666666666666,False
S4,S4-Drill,Accelerometer RKN^,Accelerometer,39,1.3,False
S4,S4-Drill,Accelerometer RKN^,Accelerometer,89,2.966666666666667,False
S4,S4-Drill,Accelerometer RKN^,Accelerometer,31,1.0333333333333334,False
S4,S4-Drill,Accelerometer RKN^,Accelerometer,21,0.7,False
S4,S4-Drill,Accelerometer RKN^,Accelerometer,38,1.2666666666666666,False
S4,S4-Drill,Accelerometer RKN^,Accelerometer,81,2.7,False
S4,S4-Drill,Accelerometer RKN^,Accelerometer,27,0.9,False
S4,S4-Drill,Accelerometer RKN^,Accelerometer,20,0.6666666666666666,False
S4,S4-Drill,Accelerometer RKN^,Accelerometer,20,0.6666666666666666,False
S4,S4-Drill,Accelerometer RKN^,Accelerometer,20,0.6666666666666666,False
S4,S4-Drill,Accelerometer RKN^,Accelerometer,20,0.6666666666666666,False
S4,S4-Drill,Accelerometer RKN^,Accelerometer,20,0.6666666666666666,False
S4,S4-Drill,Accelerometer RKN^,Accelerometer,20,0.6666666666666666,False
S4,S4-Drill,Accelerometer RKN^,Accelerometer,20,0.6666666666666666,False
S4,S4-Drill,Accelerometer RKN^,Accelerometer,20,0.6666666666666666,False
S4,S4-Drill,Accelerometer RKN^,Accelerometer,20,0.6666666666666666,False
S4,S4-Drill,Accelerometer RKN^,Accelerometer,51,1.7,False
S4,S4-Drill,Accelerometer RKN^,Accelerometer,83,2.7666666666666666,False
S4,S4-Drill,Accelerometer RKN^,Accelerometer,72,2.4,False
S4,S4-Drill,Accelerometer RKN^,Accelerometer,129,4.3,False
S4,S4-Drill,Accelerometer RKN^,Accelerometer,59,1.9666666666666666,False
S4,S4-Drill,Accelerometer RKN^,Accelerometer,22,0.7333333333333333,False
S4,S4-Drill,Accelerometer RKN^,Accelerometer,33,1.1,False
S4,S4-Drill,Accelerometer RKN^,Accelerometer,57,1.9,False
S4,S4-Drill,Accelerometer RKN^,Accelerometer,20,0.6666666666666666,False
S4,S4-Drill,Accelerometer RKN^,Accelerometer,35,1.1666666666666667,False
S4,S4-Drill,Accelerometer RKN^,Accelerometer,19,0.6333333333333333,False
S4,S4-Drill,Accelerometer RKN^,Accelerometer,19,0.6333333333333333,False
S4,S4-Drill,Accelerometer RKN^,Accelerometer,20,0.6666666666666666,False
S4,S4-Drill,Accelerometer RKN^,Accelerometer,20,0.6666666666666666,False
S4,S4-Drill,Accelerometer RKN^,Accelerometer,20,0.6666666666666666,False
S4,S4-Drill,Accelerometer RKN^,Accelerometer,19,0.6333333333333333,False
S4,S4-Drill,Accelerometer RKN^,Accelerometer,20,0.6666666666666666,False
S4,S4-Drill,Accelerometer RKN^,Accelerometer,19,0.6333333333333333,False
S4,S4-Drill,Accelerometer RKN^,Accelerometer,20,0.6666666666666666,False
S4,S4-Drill,Accelerometer RKN^,Accelerometer,20,0.6666666666666666,False
S4,S4-Drill,Accelerometer RKN^,Accelerometer,20,0.6666666666666666,False
S4,S4-Drill,Accelerometer RKN^,Accelerometer,19,0.6333333333333333,False
S4,S4-Drill,Accelerometer RKN^,Accelerometer,20,0.6666666666666666,False
S4,S4-Drill,Accelerometer RKN^,Accelerometer,19,0.6333333333333333,False
S4,S4-Drill,Accelerometer RKN^,Accelerometer,20,0.6666666666666666,False
S4,S4-Drill,Accelerometer RKN^,Accelerometer,32,1.0666666666666667,False
S4,S4-Drill,Accelerometer RKN^,Accelerometer,28,0.9333333333333333,False
S4,S4-Drill,Accelerometer RKN^,Accelerometer,143,4.766666666666667,False
S4,S4-Drill,Accelerometer RKN^,Accelerometer,20,0.6666666666666666,False
S4,S4-Drill,Accelerometer RKN^,Accelerometer,20,0.6666666666666666,False
S4,S4-Drill,Accelerometer RKN^,Accelerometer,19,0.6333333333333333,False
S4,S4-Drill,Accelerometer RKN^,Accelerometer,20,0.6666666666666666,False
S4,S4-Drill,Accelerometer RKN^,Accelerometer,20,0.6666666666666666,False
S4,S4-Drill,Accelerometer RKN^,Accelerometer,20,0.6666666666666666,False
S4,S4-Drill,Accelerometer RKN^,Accelerometer,20,0.6666666666666666,False
S4,S4-Drill,Accelerometer RKN^,Accelerometer,20,0.6666666666666666,False
S4,S4-Drill,Accelerometer RKN^,Accelerometer,20,0.6666666666666666,False
S4,S4-Drill,Accelerometer RKN^,Accelerometer,38,1.2666666666666666,False
S4,S4-Drill,Accelerometer RKN^,Accelerometer,20,0.6666666666666666,False
S4,S4-Drill,Accelerometer RKN^,Accelerometer,19,0.6333333333333333,False
S4,S4-Drill,Accelerometer RKN^,Accelerometer,37,1.2333333333333334,False
S4,S4-Drill,Accelerometer RKN^,Accelerometer,19,0.6333333333333333,False
S4,S4-Drill,Accelerometer RKN^,Accelerometer,20,0.6666666666666666,False
S4,S4-Drill,Accelerometer RKN^,Accelerometer,20,0.6666666666666666,False
S4,S4-Drill,Accelerometer RKN^,Accelerometer,20,0.6666666666666666,False
S4,S4-Drill,Accelerometer RKN^,Accelerometer,20,0.6666666666666666,False
S4,S4-Drill,Accelerometer RKN^,Accelerometer,20,0.6666666666666666,False
S4,S4-Drill,Accelerometer RKN^,Accelerometer,19,0.6333333333333333,False
S4,S4-Drill,Accelerometer RKN^,Accelerometer,20,0.6666666666666666,False
S4,S4-Drill,Accelerometer RKN^,Accelerometer,20,0.6666666666666666,False
S4,S4-Drill,Accelerometer RKN^,Accelerometer,20,0.6666666666666666,False
S4,S4-Drill,Accelerometer RKN^,Accelerometer,20,0.6666666666666666,False
S4,S4-Drill,Accelerometer RKN^,Accelerometer,20,0.6666666666666666,False
S4,S4-Drill,Accelerometer RKN^,Accelerometer,36,1.2,False
S4,S4-Drill,Accelerometer RKN^,Accelerometer,19,0.6333333333333333,False
S4,S4-Drill,Accelerometer RKN^,Accelerometer,22,0.7333333333333333,False
S4,S4-Drill,Accelerometer RKN^,Accelerometer,19,0.6333333333333333,False
S4,S4-Drill,Accelerometer RKN^,Accelerometer,20,0.6666666666666666,False
S4,S4-Drill,Accelerometer RKN^,Accelerometer,19,0.6333333333333333,False
S4,S4-Drill,Accelerometer RKN^,Accelerometer,51,1.7,False
S4,S4-Drill,Accelerometer RKN^,Accelerometer,62,2.066666666666667,False
S4,S4-Drill,Accelerometer RKN^,Accelerometer,20,0.6666666666666666,False
S4,S4-Drill,Accelerometer RKN^,Accelerometer,20,0.6666666666666666,False
S4,S4-Drill,Accelerometer RKN^,Accelerometer,20,0.6666666666666666,False
S4,S4-Drill,Accelerometer RKN^,Accelerometer,21,0.7,False
S4,S4-Drill,Accelerometer RKN^,Accelerometer,19,0.6333333333333333,False
S4,S4-Drill,Accelerometer RKN^,Accelerometer,40,1.3333333333333333,False
S4,S4-Drill,Accelerometer RKN^,Accelerometer,20,0.6666666666666666,False
S4,S4-Drill,Accelerometer RKN^,Accelerometer,55,1.8333333333333333,False
S4,S4-Drill,Accelerometer RKN^,Accelerometer,28,0.9333333333333333,False
S4,S4-Drill,Accelerometer RKN^,Accelerometer,178,5.933333333333334,False
S4,S4-Drill,Accelerometer RKN^,Accelerometer,31,1.0333333333333334,False
S4,S4-Drill,Accelerometer RKN^,Accelerometer,65,2.1666666666666665,False
S4,S4-Drill,Accelerometer RKN^,Accelerometer,43,1.4333333333333333,False
S4,S4-Drill,Accelerometer RKN^,Accelerometer,35,1.1666666666666667,False
S4,S4-Drill,Accelerometer RKN^,Accelerometer,34,1.1333333333333333,False
S4,S4-Drill,Accelerometer RKN^,Accelerometer,279,9.3,True
S4,S4-Drill,Accelerometer HIP,Accelerometer,19,0.6333333333333333,False
S4,S4-Drill,Accelerometer HIP,Accelerometer,23,0.7666666666666667,False
S4,S4-Drill,Accelerometer HIP,Accelerometer,32,1.0666666666666667,False
S4,S4-Drill,Accelerometer HIP,Accelerometer,42,1.4,False
S4,S4-Drill,Accelerometer HIP,Accelerometer,62,2.066666666666667,False
S4,S4-Drill,Accelerometer HIP,Accelerometer,47,1.5666666666666667,False
S4,S4-Drill,Accelerometer HIP,Accelerometer,20,0.6666666666666666,False
S4,S4-Drill,Accelerometer HIP,Accelerometer,165,5.5,True
S4,S4-Drill,Accelerometer LUA^,Accelerometer,20,0.6666666666666666,False
S4,S4-Drill,Accelerometer LUA^,Accelerometer,20,0.6666666666666666,False
S4,S4-Drill,Accelerometer LUA^,Accelerometer,20,0.6666666666666666,False
S4,S4-Drill,Accelerometer LUA^,Accelerometer,20,0.6666666666666666,False
S4,S4-Drill,Accelerometer LUA^,Accelerometer,20,0.6666666666666666,False
S4,S4-Drill,Accelerometer LUA^,Accelerometer,20,0.6666666666666666,False
S4,S4-Drill,Accelerometer LUA^,Accelerometer,20,0.6666666666666666,False
S4,S4-Drill,Accelerometer LUA^,Accelerometer,20,0.6666666666666666,False
S4,S4-Drill,Accelerometer LUA^,Accelerometer,20,0.6666666666666666,False
S4,S4-Drill,Accelerometer LUA^,Accelerometer,20,0.6666666666666666,False
S4,S4-Drill,Accelerometer LUA^,Accelerometer,151,5.033333333333333,True
S4,S4-Drill,Accelerometer RUA_,Accelerometer,19,0.6333333333333333,False
S4,S4-Drill,Accelerometer RUA_,Accelerometer,20,0.6666666666666666,False
S4,S4-Drill,Accelerometer RUA_,Accelerometer,20,0.6666666666666666,False
S4,S4-Drill,Accelerometer RUA_,Accelerometer,20,0.6666666666666666,False
S4,S4-Drill,Accelerometer RUA_,Accelerometer,20,0.6666666666666666,False
S4,S4-Drill,Accelerometer RUA_,Accelerometer,20,0.6666666666666666,False
S4,S4-Drill,Accelerometer RUA_,Accelerometer,20,0.6666666666666666,False
S4,S4-Drill,Accelerometer RUA_,Accelerometer,20,0.6666666666666666,False
S4,S4-Drill,Accelerometer RUA_,Accelerometer,20,0.6666666666666666,False
S4,S4-Drill,Accelerometer RUA_,Accelerometer,20,0.6666666666666666,False
S4,S4-Drill,Accelerometer RUA_,Accelerometer,20,0.6666666666666666,False
S4,S4-Drill,Accelerometer RUA_,Accelerometer,20,0.6666666666666666,False
S4,S4-Drill,Accelerometer RUA_,Accelerometer,20,0.6666666666666666,False
S4,S4-Drill,Accelerometer RUA_,Accelerometer,20,0.6666666666666666,False
S4,S4-Drill,Accelerometer RUA_,Accelerometer,20,0.6666666666666666,False
S4,S4-Drill,Accelerometer RUA_,Accelerometer,20,0.6666666666666666,False
S4,S4-Drill,Accelerometer RUA_,Accelerometer,19,0.6333333333333333,False
S4,S4-Drill,Accelerometer RUA_,Accelerometer,21,0.7,False
S4,S4-Drill,Accelerometer RUA_,Accelerometer,20,0.6666666666666666,False
S4,S4-Drill,Accelerometer RUA_,Accelerometer,19,0.6333333333333333,False
S4,S4-Drill,Accelerometer RUA_,Accelerometer,150,5.0,True
S4,S4-Drill,Accelerometer LH,Accelerometer,20,0.6666666666666666,False
S4,S4-Drill,Accelerometer LH,Accelerometer,22,0.7333333333333333,False
S4,S4-Drill,Accelerometer LH,Accelerometer,21,0.7,False
S4,S4-Drill,Accelerometer LH,Accelerometer,21,0.7,False
S4,S4-Drill,Accelerometer LH,Accelerometer,41,1.3666666666666667,False
S4,S4-Drill,Accelerometer LH,Accelerometer,20,0.6666666666666666,False
S4,S4-Drill,Accelerometer LH,Accelerometer,20,0.6666666666666666,False
S4,S4-Drill,Accelerometer LH,Accelerometer,20,0.6666666666666666,False
S4,S4-Drill,Accelerometer LH,Accelerometer,20,0.6666666666666666,False
S4,S4-Drill,Accelerometer LH,Accelerometer,20,0.6666666666666666,False
S4,S4-Drill,Accelerometer LH,Accelerometer,20,0.6666666666666666,False
S4,S4-Drill,Accelerometer LH,Accelerometer,20,0.6666666666666666,False
S4,S4-Drill,Accelerometer LH,Accelerometer,19,0.6333333333333333,False
S4,S4-Drill,Accelerometer LH,Accelerometer,20,0.6666666666666666,False
S4,S4-Drill,Accelerometer LH,Accelerometer,20,0.6666666666666666,False
S4,S4-Drill,Accelerometer LH,Accelerometer,19,0.6333333333333333,False
S4,S4-Drill,Accelerometer LH,Accelerometer,35,1.1666666666666667,False
S4,S4-Drill,Accelerometer LH,Accelerometer,20,0.6666666666666666,False
S4,S4-Drill,Accelerometer LH,Accelerometer,20,0.6666666666666666,False
S4,S4-Drill,Accelerometer LH,Accelerometer,29,0.9666666666666667,False
S4,S4-Drill,Accelerometer LH,Accelerometer,20,0.6666666666666666,False
S4,S4-Drill,Accelerometer LH,Accelerometer,20,0.6666666666666666,False
S4,S4-Drill,Accelerometer LH,Accelerometer,21,0.7,False
S4,S4-Drill,Accelerometer LH,Accelerometer,20,0.6666666666666666,False
S4,S4-Drill,Accelerometer LH,Accelerometer,39,1.3,False
S4,S4-Drill,Accelerometer LH,Accelerometer,150,5.0,True
S4,S4-Drill,Accelerometer BACK,Accelerometer,152,5.066666666666666,True
S4,S4-Drill,Accelerometer RKN_,Accelerometer,19,0.6333333333333333,False
S4,S4-Drill,Accelerometer RKN_,Accelerometer,19,0.6333333333333333,False
S4,S4-Drill,Accelerometer RKN_,Accelerometer,53,1.7666666666666666,False
S4,S4-Drill,Accelerometer RKN_,Accelerometer,26,0.8666666666666667,False
S4,S4-Drill,Accelerometer RKN_,Accelerometer,53,1.7666666666666666,False
S4,S4-Drill,Accelerometer RKN_,Accelerometer,47,1.5666666666666667,False
S4,S4-Drill,Accelerometer RKN_,Accelerometer,33,1.1,False
S4,S4-Drill,Accelerometer RKN_,Accelerometer,24,0.8,False
S4,S4-Drill,Accelerometer RKN_,Accelerometer,22,0.7333333333333333,False
S4,S4-Drill,Accelerometer RKN_,Accelerometer,57,1.9,False
S4,S4-Drill,Accelerometer RKN_,Accelerometer,25,0.8333333333333334,False
S4,S4-Drill,Accelerometer RKN_,Accelerometer,120,4.0,False
S4,S4-Drill,Accelerometer RKN_,Accelerometer,158,5.266666666666667,False
S4,S4-Drill,Accelerometer RKN_,Accelerometer,61,2.033333333333333,False
S4,S4-Drill,Accelerometer RKN_,Accelerometer,266,8.866666666666667,False
S4,S4-Drill,Accelerometer RKN_,Accelerometer,112,3.7333333333333334,False
S4,S4-Drill,Accelerometer RKN_,Accelerometer,51,1.7,False
S4,S4-Drill,Accelerometer RKN_,Accelerometer,67,2.2333333333333334,False
S4,S4-Drill,Accelerometer RKN_,Accelerometer,76,2.533333333333333,False
S4,S4-Drill,Accelerometer RKN_,Accelerometer,49,1.6333333333333333,False
S4,S4-Drill,Accelerometer RKN_,Accelerometer,46,1.5333333333333334,False
S4,S4-Drill,Accelerometer RKN_,Accelerometer,47,1.5666666666666667,False
S4,S4-Drill,Accelerometer RKN_,Accelerometer,103,3.433333333333333,False
S4,S4-Drill,Accelerometer RKN_,Accelerometer,50,1.6666666666666667,False
S4,S4-Drill,Accelerometer RKN_,Accelerometer,116,3.8666666666666667,False
S4,S4-Drill,Accelerometer RKN_,Accelerometer,58,1.9333333333333333,False
S4,S4-Drill,Accelerometer RKN_,Accelerometer,32,1.0666666666666667,False
S4,S4-Drill,Accelerometer RKN_,Accelerometer,48,1.6,False
S4,S4-Drill,Accelerometer RKN_,Accelerometer,21,0.7,False
S4,S4-Drill,Accelerometer RKN_,Accelerometer,20,0.6666666666666666,False
S4,S4-Drill,Accelerometer RKN_,Accelerometer,19,0.6333333333333333,False
S4,S4-Drill,Accelerometer RKN_,Accelerometer,20,0.6666666666666666,False
S4,S4-Drill,Accelerometer RKN_,Accelerometer,20,0.6666666666666666,False
S4,S4-Drill,Accelerometer RKN_,Accelerometer,20,0.6666666666666666,False
S4,S4-Drill,Accelerometer RKN_,Accelerometer,20,0.6666666666666666,False
S4,S4-Drill,Accelerometer RKN_,Accelerometer,26,0.8666666666666667,False
S4,S4-Drill,Accelerometer RKN_,Accelerometer,28,0.9333333333333333,False
S4,S4-Drill,Accelerometer RKN_,Accelerometer,21,0.7,False
S4,S4-Drill,Accelerometer RKN_,Accelerometer,44,1.4666666666666666,False
S4,S4-Drill,Accelerometer RKN_,Accelerometer,100,3.3333333333333335,False
S4,S4-Drill,Accelerometer RKN_,Accelerometer,109,3.6333333333333333,False
S4,S4-Drill,Accelerometer RKN_,Accelerometer,25,0.8333333333333334,False
S4,S4-Drill,Accelerometer RKN_,Accelerometer,53,1.7666666666666666,False
S4,S4-Drill,Accelerometer RKN_,Accelerometer,119,3.966666666666667,False
S4,S4-Drill,Accelerometer RKN_,Accelerometer,101,3.3666666666666667,False
S4,S4-Drill,Accelerometer RKN_,Accelerometer,164,5.466666666666667,False
S4,S4-Drill,Accelerometer RKN_,Accelerometer,124,4.133333333333334,False
S4,S4-Drill,Accelerometer RKN_,Accelerometer,149,4.966666666666667,False
S4,S4-Drill,Accelerometer RKN_,Accelerometer,123,4.1,False
S4,S4-Drill,Accelerometer RKN_,Accelerometer,30,1.0,False
S4,S4-Drill,Accelerometer RKN_,Accelerometer,58,1.9333333333333333,False
S4,S4-Drill,Accelerometer RKN_,Accelerometer,78,2.6,False
S4,S4-Drill,Accelerometer RKN_,Accelerometer,34,1.1333333333333333,False
S4,S4-Drill,Accelerometer RKN_,Accelerometer,20,0.6666666666666666,False
S4,S4-Drill,Accelerometer RKN_,Accelerometer,19,0.6333333333333333,False
S4,S4-Drill,Accelerometer RKN_,Accelerometer,20,0.6666666666666666,False
S4,S4-Drill,Accelerometer RKN_,Accelerometer,20,0.6666666666666666,False
S4,S4-Drill,Accelerometer RKN_,Accelerometer,19,0.6333333333333333,False
S4,S4-Drill,Accelerometer RKN_,Accelerometer,20,0.6666666666666666,False
S4,S4-Drill,Accelerometer RKN_,Accelerometer,19,0.6333333333333333,False
S4,S4-Drill,Accelerometer RKN_,Accelerometer,82,2.7333333333333334,False
S4,S4-Drill,Accelerometer RKN_,Accelerometer,27,0.9,False
S4,S4-Drill,Accelerometer RKN_,Accelerometer,112,3.7333333333333334,False
S4,S4-Drill,Accelerometer RKN_,Accelerometer,110,3.6666666666666665,False
S4,S4-Drill,Accelerometer RKN_,Accelerometer,31,1.0333333333333334,False
S4,S4-Drill,Accelerometer RKN_,Accelerometer,68,2.2666666666666666,False
S4,S4-Drill,Accelerometer RKN_,Accelerometer,19,0.6333333333333333,False
S4,S4-Drill,Accelerometer RKN_,Accelerometer,20,0.6666666666666666,False
S4,S4-Drill,Accelerometer RKN_,Accelerometer,20,0.6666666666666666,False
S4,S4-Drill,Accelerometer RKN_,Accelerometer,20,0.6666666666666666,False
S4,S4-Drill,Accelerometer RKN_,Accelerometer,20,0.6666666666666666,False
S4,S4-Drill,Accelerometer RKN_,Accelerometer,20,0.6666666666666666,False
S4,S4-Drill,Accelerometer RKN_,Accelerometer,19,0.6333333333333333,False
S4,S4-Drill,Accelerometer RKN_,Accelerometer,19,0.6333333333333333,False
S4,S4-Drill,Accelerometer RKN_,Accelerometer,20,0.6666666666666666,False
S4,S4-Drill,Accelerometer RKN_,Accelerometer,19,0.6333333333333333,False
S4,S4-Drill,Accelerometer RKN_,Accelerometer,48,1.6,False
S4,S4-Drill,Accelerometer RKN_,Accelerometer,20,0.6666666666666666,False
S4,S4-Drill,Accelerometer RKN_,Accelerometer,31,1.0333333333333334,False
S4,S4-Drill,Accelerometer RKN_,Accelerometer,20,0.6666666666666666,False
S4,S4-Drill,Accelerometer RKN_,Accelerometer,19,0.6333333333333333,False
S4,S4-Drill,Accelerometer RKN_,Accelerometer,31,1.0333333333333334,False
S4,S4-Drill,Accelerometer RKN_,Accelerometer,30,1.0,False
S4,S4-Drill,Accelerometer RKN_,Accelerometer,35,1.1666666666666667,False
S4,S4-Drill,Accelerometer RKN_,Accelerometer,104,3.466666666666667,False
S4,S4-Drill,Accelerometer RKN_,Accelerometer,58,1.9333333333333333,False
S4,S4-Drill,Accelerometer RKN_,Accelerometer,56,1.8666666666666667,False
S4,S4-Drill,Accelerometer RKN_,Accelerometer,20,0.6666666666666666,False
S4,S4-Drill,Accelerometer RKN_,Accelerometer,20,0.6666666666666666,False
S4,S4-Drill,Accelerometer RKN_,Accelerometer,20,0.6666666666666666,False
S4,S4-Drill,Accelerometer RKN_,Accelerometer,20,0.6666666666666666,False
S4,S4-Drill,Accelerometer RKN_,Accelerometer,20,0.6666666666666666,False
S4,S4-Drill,Accelerometer RKN_,Accelerometer,19,0.6333333333333333,False
S4,S4-Drill,Accelerometer RKN_,Accelerometer,20,0.6666666666666666,False
S4,S4-Drill,Accelerometer RKN_,Accelerometer,20,0.6666666666666666,False
S4,S4-Drill,Accelerometer RKN_,Accelerometer,20,0.6666666666666666,False
S4,S4-Drill,Accelerometer RKN_,Accelerometer,20,0.6666666666666666,False
S4,S4-Drill,Accelerometer RKN_,Accelerometer,20,0.6666666666666666,False
S4,S4-Drill,Accelerometer RKN_,Accelerometer,20,0.6666666666666666,False
S4,S4-Drill,Accelerometer RKN_,Accelerometer,19,0.6333333333333333,False
S4,S4-Drill,Accelerometer RKN_,Accelerometer,50,1.6666666666666667,False
S4,S4-Drill,Accelerometer RKN_,Accelerometer,30,1.0,False
S4,S4-Drill,Accelerometer RKN_,Accelerometer,67,2.2333333333333334,False
S4,S4-Drill,Accelerometer RKN_,Accelerometer,45,1.5,False
S4,S4-Drill,Accelerometer RKN_,Accelerometer,133,4.433333333333334,False
S4,S4-Drill,Accelerometer RKN_,Accelerometer,177,5.9,False
S4,S4-Drill,Accelerometer RKN_,Accelerometer,98,3.2666666666666666,False
S4,S4-Drill,Accelerometer RKN_,Accelerometer,114,3.8,False
S4,S4-Drill,Accelerometer RKN_,Accelerometer,319,10.633333333333333,True
S4,S4-Drill,Accelerometer RWR,Accelerometer,20,0.6666666666666666,False
S4,S4-Drill,Accelerometer RWR,Accelerometer,19,0.6333333333333333,False
S4,S4-Drill,Accelerometer RWR,Accelerometer,20,0.6666666666666666,False
S4,S4-Drill,Accelerometer RWR,Accelerometer,20,0.6666666666666666,False
S4,S4-Drill,Accelerometer RWR,Accelerometer,20,0.6666666666666666,False
S4,S4-Drill,Accelerometer RWR,Accelerometer,20,0.6666666666666666,False
S4,S4-Drill,Accelerometer RWR,Accelerometer,20,0.6666666666666666,False
S4,S4-Drill,Accelerometer RWR,Accelerometer,20,0.6666666666666666,False
S4,S4-Drill,Accelerometer RWR,Accelerometer,20,0.6666666666666666,False
S4,S4-Drill,Accelerometer RWR,Accelerometer,20,0.6666666666666666,False
S4,S4-Drill,Accelerometer RWR,Accelerometer,19,0.6333333333333333,False
S4,S4-Drill,Accelerometer RWR,Accelerometer,20,0.6666666666666666,False
S4,S4-Drill,Accelerometer RWR,Accelerometer,19,0.6333333333333333,False
S4,S4-Drill,Accelerometer RWR,Accelerometer,20,0.6666666666666666,False
S4,S4-Drill,Accelerometer RWR,Accelerometer,20,0.6666666666666666,False
S4,S4-Drill,Accelerometer RWR,Accelerometer,32,1.0666666666666667,False
S4,S4-Drill,Accelerometer RWR,Accelerometer,19,0.6333333333333333,False
S4,S4-Drill,Accelerometer RWR,Accelerometer,20,0.6666666666666666,False
S4,S4-Drill,Accelerometer RWR,Accelerometer,20,0.6666666666666666,False
S4,S4-Drill,Accelerometer RWR,Accelerometer,20,0.6666666666666666,False
S4,S4-Drill,Accelerometer RWR,Accelerometer,33,1.1,False
S4,S4-Drill,Accelerometer RWR,Accelerometer,20,0.6666666666666666,False
S4,S4-Drill,Accelerometer RWR,Accelerometer,20,0.6666666666666666,False
S4,S4-Drill,Accelerometer RWR,Accelerometer,19,0.6333333333333333,False
S4,S4-Drill,Accelerometer RWR,Accelerometer,20,0.6666666666666666,False
S4,S4-Drill,Accelerometer RWR,Accelerometer,20,0.6666666666666666,False
S4,S4-Drill,Accelerometer RWR,Accelerometer,20,0.6666666666666666,False
S4,S4-Drill,Accelerometer RWR,Accelerometer,20,0.6666666666666666,False
S4,S4-Drill,Accelerometer RWR,Accelerometer,152,5.066666666666666,True
S4,S4-Drill,Accelerometer RUA^,Accelerometer,20,0.6666666666666666,False
S4,S4-Drill,Accelerometer RUA^,Accelerometer,19,0.6333333333333333,False
S4,S4-Drill,Accelerometer RUA^,Accelerometer,20,0.6666666666666666,False
S4,S4-Drill,Accelerometer RUA^,Accelerometer,19,0.6333333333333333,False
S4,S4-Drill,Accelerometer RUA^,Accelerometer,21,0.7,False
S4,S4-Drill,Accelerometer RUA^,Accelerometer,20,0.6666666666666666,False
S4,S4-Drill,Accelerometer RUA^,Accelerometer,20,0.6666666666666666,False
S4,S4-Drill,Accelerometer RUA^,Accelerometer,20,0.6666666666666666,False
S4,S4-Drill,Accelerometer RUA^,Accelerometer,20,0.6666666666666666,False
S4,S4-Drill,Accelerometer RUA^,Accelerometer,20,0.6666666666666666,False
S4,S4-Drill,Accelerometer RUA^,Accelerometer,20,0.6666666666666666,False
S4,S4-Drill,Accelerometer RUA^,Accelerometer,151,5.033333333333333,True
S4,S4-Drill,Accelerometer LUA_,Accelerometer,20,0.6666666666666666,False
S4,S4-Drill,Accelerometer LUA_,Accelerometer,20,0.6666666666666666,False
S4,S4-Drill,Accelerometer LUA_,Accelerometer,21,0.7,False
S4,S4-Drill,Accelerometer LUA_,Accelerometer,20,0.6666666666666666,False
S4,S4-Drill,Accelerometer LUA_,Accelerometer,20,0.6666666666666666,False
S4,S4-Drill,Accelerometer LUA_,Accelerometer,150,5.0,True
S4,S4-Drill,Accelerometer LWR,Accelerometer,19,0.6333333333333333,False
S4,S4-Drill,Accelerometer LWR,Accelerometer,21,0.7,False
S4,S4-Drill,Accelerometer LWR,Accelerometer,19,0.6333333333333333,False
S4,S4-Drill,Accelerometer LWR,Accelerometer,20,0.6666666666666666,False
S4,S4-Drill,Accelerometer LWR,Accelerometer,19,0.6333333333333333,False
S4,S4-Drill,Accelerometer LWR,Accelerometer,21,0.7,False
S4,S4-Drill,Accelerometer LWR,Accelerometer,21,0.7,False
S4,S4-Drill,Accelerometer LWR,Accelerometer,20,0.6666666666666666,False
S4,S4-Drill,Accelerometer LWR,Accelerometer,20,0.6666666666666666,False
S4,S4-Drill,Accelerometer LWR,Accelerometer,19,0.6333333333333333,False
S4,S4-Drill,Accelerometer LWR,Accelerometer,150,5.0,True
S4,S4-Drill,Accelerometer RH,Accelerometer,195,6.5,True
S4,S4-Drill,Accelerometer RH,Accelerometer,21,0.7,False
S4,S4-Drill,Accelerometer RH,Accelerometer,21,0.7,False
S4,S4-Drill,Accelerometer RH,Accelerometer,21,0.7,False
S4,S4-Drill,Accelerometer RH,Accelerometer,20,0.6666666666666666,False
S4,S4-Drill,Accelerometer RH,Accelerometer,19,0.6333333333333333,False
S4,S4-Drill,Accelerometer RH,Accelerometer,20,0.6666666666666666,False
S4,S4-Drill,Accelerometer RH,Accelerometer,19,0.6333333333333333,False
S4,S4-Drill,Accelerometer RH,Accelerometer,20,0.6666666666666666,False
S4,S4-Drill,Accelerometer RH,Accelerometer,20,0.6666666666666666,False
S4,S4-Drill,Accelerometer RH,Accelerometer,25,0.8333333333333334,False
S4,S4-Drill,Accelerometer RH,Accelerometer,20,0.6666666666666666,False
S4,S4-Drill,Accelerometer RH,Accelerometer,21,0.7,False
S4,S4-Drill,Accelerometer RH,Accelerometer,19,0.6333333333333333,False
S4,S4-Drill,Accelerometer RH,Accelerometer,20,0.6666666666666666,False
S4,S4-Drill,Accelerometer RH,Accelerometer,20,0.6666666666666666,False
S4,S4-Drill,Accelerometer RH,Accelerometer,20,0.6666666666666666,False
S4,S4-Drill,Accelerometer RH,Accelerometer,31,1.0333333333333334,False
S4,S4-Drill,Accelerometer RH,Accelerometer,20,0.6666666666666666,False
S4,S4-Drill,Accelerometer RH,Accelerometer,20,0.6666666666666666,False
S4,S4-Drill,Accelerometer RH,Accelerometer,20,0.6666666666666666,False
S4,S4-Drill,Accelerometer RH,Accelerometer,20,0.6666666666666666,False
S4,S4-Drill,Accelerometer RH,Accelerometer,19,0.6333333333333333,False
S4,S4-Drill,Accelerometer RH,Accelerometer,20,0.6666666666666666,False
S4,S4-Drill,Accelerometer RH,Accelerometer,20,0.6666666666666666,False
S4,S4-Drill,Accelerometer RH,Accelerometer,20,0.6666666666666666,False
S4,S4-Drill,Accelerometer RH,Accelerometer,20,0.6666666666666666,False
S4,S4-Drill,Accelerometer RH,Accelerometer,20,0.6666666666666666,False
S4,S4-Drill,Accelerometer RH,Accelerometer,21,0.7,False
S4,S4-Drill,Accelerometer RH,Accelerometer,21,0.7,False
S4,S4-Drill,Accelerometer RH,Accelerometer,20,0.6666666666666666,False
S4,S4-Drill,Accelerometer RH,Accelerometer,20,0.6666666666666666,False
S4,S4-Drill,Accelerometer RH,Accelerometer,20,0.6666666666666666,False
S4,S4-Drill,Accelerometer RH,Accelerometer,20,0.6666666666666666,False
S4,S4-Drill,Accelerometer RH,Accelerometer,19,0.6333333333333333,False
S4,S4-Drill,Accelerometer RH,Accelerometer,19,0.6333333333333333,False
S4,S4-Drill,Accelerometer RH,Accelerometer,45,1.5,False
S4,S4-Drill,Accelerometer RH,Accelerometer,20,0.6666666666666666,False
S4,S4-Drill,Accelerometer RH,Accelerometer,20,0.6666666666666666,False
S4,S4-Drill,Accelerometer RH,Accelerometer,21,0.7,False
S4,S4-Drill,Accelerometer RH,Accelerometer,22,0.7333333333333333,False
S4,S4-Drill,Accelerometer RH,Accelerometer,20,0.6666666666666666,False
S4,S4-Drill,Accelerometer RH,Accelerometer,20,0.6666666666666666,False
S4,S4-Drill,Accelerometer RH,Accelerometer,19,0.6333333333333333,False
S4,S4-Drill,Accelerometer RH,Accelerometer,19,0.6333333333333333,False
S4,S4-Drill,Accelerometer RH,Accelerometer,22,0.7333333333333333,False
S4,S4-Drill,Accelerometer RH,Accelerometer,20,0.6666666666666666,False
S4,S4-Drill,Accelerometer RH,Accelerometer,20,0.6666666666666666,False
S4,S4-Drill,Accelerometer RH,Accelerometer,19,0.6333333333333333,False
S4,S4-Drill,Accelerometer RH,Accelerometer,20,0.6666666666666666,False
S4,S4-Drill,Accelerometer RH,Accelerometer,19,0.6333333333333333,False
S4,S4-Drill,Accelerometer RH,Accelerometer,19,0.6333333333333333,False
S4,S4-Drill,Accelerometer RH,Accelerometer,19,0.6333333333333333,False
S4,S4-Drill,Accelerometer RH,Accelerometer,19,0.6333333333333333,False
S4,S4-Drill,Accelerometer RH,Accelerometer,20,0.6666666666666666,False
S4,S4-Drill,Accelerometer RH,Accelerometer,32,1.0666666666666667,False
S4,S4-Drill,Accelerometer RH,Accelerometer,20,0.6666666666666666,False
S4,S4-Drill,Accelerometer RH,Accelerometer,20,0.6666666666666666,False
S4,S4-Drill,Accelerometer RH,Accelerometer,20,0.6666666666666666,False
S4,S4-Drill,Accelerometer RH,Accelerometer,22,0.7333333333333333,False
S4,S4-Drill,Accelerometer RH,Accelerometer,20,0.6666666666666666,False
S4,S4-Drill,Accelerometer RH,Accelerometer,20,0.6666666666666666,False
S4,S4-Drill,Accelerometer RH,Accelerometer,20,0.6666666666666666,False
S4,S4-Drill,Accelerometer RH,Accelerometer,19,0.6333333333333333,False
S4,S4-Drill,Accelerometer RH,Accelerometer,24,0.8,False
S4,S4-Drill,Accelerometer RH,Accelerometer,23,0.7666666666666667,False
S4,S4-Drill,Accelerometer RH,Accelerometer,19,0.6333333333333333,False
S4,S4-Drill,Accelerometer RH,Accelerometer,20,0.6666666666666666,False
S4,S4-Drill,Accelerometer RH,Accelerometer,23,0.7666666666666667,False
S4,S4-Drill,Accelerometer RH,Accelerometer,20,0.6666666666666666,False
S4,S4-Drill,Accelerometer RH,Accelerometer,35,1.1666666666666667,False
S4,S4-Drill,Accelerometer RH,Accelerometer,24,0.8,False
S4,S4-Drill,Accelerometer RH,Accelerometer,20,0.6666666666666666,False
S4,S4-Drill,Accelerometer RH,Accelerometer,20,0.6666666666666666,False
S4,S4-Drill,Accelerometer RH,Accelerometer,20,0.6666666666666666,False
S4,S4-Drill,Accelerometer RH,Accelerometer,20,0.6666666666666666,False
S4,S4-Drill,Accelerometer RH,Accelerometer,20,0.6666666666666666,False
S4,S4-Drill,Accelerometer RH,Accelerometer,20,0.6666666666666666,False
S4,S4-Drill,Accelerometer RH,Accelerometer,21,0.7,False
S4,S4-Drill,Accelerometer RH,Accelerometer,19,0.6333333333333333,False
S4,S4-Drill,Accelerometer RH,Accelerometer,21,0.7,False
S4,S4-Drill,Accelerometer RH,Accelerometer,40,1.3333333333333333,False
S4,S4-Drill,Accelerometer RH,Accelerometer,20,0.6666666666666666,False
S4,S4-Drill,Accelerometer RH,Accelerometer,20,0.6666666666666666,False
S4,S4-Drill,Accelerometer RH,Accelerometer,38,1.2666666666666666,False
S4,S4-Drill,Accelerometer RH,Accelerometer,20,0.6666666666666666,False
S4,S4-Drill,Accelerometer RH,Accelerometer,20,0.6666666666666666,False
S4,S4-Drill,Accelerometer RH,Accelerometer,20,0.6666666666666666,False
S4,S4-Drill,Accelerometer RH,Accelerometer,20,0.6666666666666666,False
S4,S4-Drill,Accelerometer RH,Accelerometer,20,0.6666666666666666,False
S4,S4-Drill,Accelerometer RH,Accelerometer,20,0.6666666666666666,False
S4,S4-Drill,Accelerometer RH,Accelerometer,22,0.7333333333333333,False
S4,S4-Drill,Accelerometer RH,Accelerometer,22,0.7333333333333333,False
S4,S4-Drill,Accelerometer RH,Accelerometer,20,0.6666666666666666,False
S4,S4-Drill,Accelerometer RH,Accelerometer,20,0.6666666666666666,False
S4,S4-Drill,Accelerometer RH,Accelerometer,23,0.7666666666666667,False
S4,S4-Drill,Accelerometer RH,Accelerometer,19,0.6333333333333333,False
S4,S4-Drill,Accelerometer RH,Accelerometer,20,0.6666666666666666,False
S4,S4-Drill,Accelerometer RH,Accelerometer,19,0.6333333333333333,False
S4,S4-Drill,Accelerometer RH,Accelerometer,20,0.6666666666666666,False
S4,S4-Drill,Accelerometer RH,Accelerometer,21,0.7,False
S4,S4-Drill,Accelerometer RH,Accelerometer,20,0.6666666666666666,False
S4,S4-Drill,Accelerometer RH,Accelerometer,20,0.6666666666666666,False
S4,S4-Drill,Accelerometer RH,Accelerometer,20,0.6666666666666666,False
S4,S4-Drill,Accelerometer RH,Accelerometer,20,0.6666666666666666,False
S4,S4-Drill,Accelerometer RH,Accelerometer,23,0.7666666666666667,False
S4,S4-Drill,Accelerometer RH,Accelerometer,21,0.7,False
S4,S4-Drill,Accelerometer RH,Accelerometer,19,0.6333333333333333,False
S4,S4-Drill,Accelerometer RH,Accelerometer,38,1.2666666666666666,False
S4,S4-Drill,Accelerometer RH,Accelerometer,22,0.7333333333333333,False
S4,S4-Drill,Accelerometer RH,Accelerometer,20,0.6666666666666666,False
S4,S4-Drill,Accelerometer RH,Accelerometer,39,1.3,False
S4,S4-Drill,Accelerometer RH,Accelerometer,20,0.6666666666666666,False
S4,S4-Drill,Accelerometer RH,Accelerometer,20,0.6666666666666666,False
S4,S4-Drill,Accelerometer RH,Accelerometer,20,0.6666666666666666,False
S4,S4-Drill,Accelerometer RH,Accelerometer,20,0.6666666666666666,False
S4,S4-Drill,Accelerometer RH,Accelerometer,21,0.7,False
S4,S4-Drill,Accelerometer RH,Accelerometer,19,0.6333333333333333,False
S4,S4-Drill,Accelerometer RH,Accelerometer,27,0.9,False
S4,S4-Drill,Accelerometer RH,Accelerometer,20,0.6666666666666666,False
S4,S4-Drill,Accelerometer RH,Accelerometer,20,0.6666666666666666,False
S4,S4-Drill,Accelerometer RH,Accelerometer,23,0.7666666666666667,False
S4,S4-Drill,Accelerometer RH,Accelerometer,20,0.6666666666666666,False
S4,S4-Drill,Accelerometer RH,Accelerometer,57,1.9,False
S4,S4-Drill,Accelerometer RH,Accelerometer,21,0.7,False
S4,S4-Drill,Accelerometer RH,Accelerometer,19,0.6333333333333333,False
S4,S4-Drill,Accelerometer RH,Accelerometer,19,0.6333333333333333,False
S4,S4-Drill,Accelerometer RH,Accelerometer,20,0.6666666666666666,False
S4,S4-Drill,Accelerometer RH,Accelerometer,20,0.6666666666666666,False
S4,S4-Drill,Accelerometer RH,Accelerometer,19,0.6333333333333333,False
S4,S4-Drill,Accelerometer RH,Accelerometer,39,1.3,False
S4,S4-Drill,Accelerometer RH,Accelerometer,55,1.8333333333333333,False
S4,S4-Drill,Accelerometer RH,Accelerometer,22,0.7333333333333333,False
S4,S4-Drill,Accelerometer RH,Accelerometer,20,0.6666666666666666,False
S4,S4-Drill,Accelerometer RH,Accelerometer,20,0.6666666666666666,False
S4,S4-Drill,Accelerometer RH,Accelerometer,19,0.6333333333333333,False
S4,S4-Drill,Accelerometer RH,Accelerometer,20,0.6666666666666666,False
S4,S4-Drill,Accelerometer RH,Accelerometer,20,0.6666666666666666,False
S4,S4-Drill,Accelerometer RH,Accelerometer,20,0.6666666666666666,False
S4,S4-Drill,Accelerometer RH,Accelerometer,19,0.6333333333333333,False
S4,S4-Drill,Accelerometer RH,Accelerometer,45,1.5,False
S4,S4-Drill,Accelerometer RH,Accelerometer,27,0.9,False
S4,S4-Drill,Accelerometer RH,Accelerometer,20,0.6666666666666666,False
S4,S4-Drill,Accelerometer RH,Accelerometer,33,1.1,False
S4,S4-Drill,Accelerometer RH,Accelerometer,23,0.7666666666666667,False
S4,S4-Drill,Accelerometer RH,Accelerometer,49,1.6333333333333333,False
S4,S4-Drill,Accelerometer RH,Accelerometer,20,0.6666666666666666,False
S4,S4-Drill,Accelerometer RH,Accelerometer,20,0.6666666666666666,False
S4,S4-Drill,Accelerometer RH,Accelerometer,19,0.6333333333333333,False
S4,S4-Drill,Accelerometer RH,Accelerometer,20,0.6666666666666666,False
S4,S4-Drill,Accelerometer RH,Accelerometer,20,0.6666666666666666,False
S4,S4-Drill,Accelerometer RH,Accelerometer,20,0.6666666666666666,False
S4,S4-Drill,Accelerometer RH,Accelerometer,19,0.6333333333333333,False
S4,S4-Drill,Accelerometer RH,Accelerometer,20,0.6666666666666666,False
S4,S4-Drill,Accelerometer RH,Accelerometer,21,0.7,False
S4,S4-Drill,Accelerometer RH,Accelerometer,21,0.7,False
S4,S4-Drill,Accelerometer RH,Accelerometer,20,0.6666666666666666,False
S4,S4-Drill,Accelerometer RH,Accelerometer,20,0.6666666666666666,False
S4,S4-Drill,Accelerometer RH,Accelerometer,49,1.6333333333333333,False
S4,S4-Drill,Accelerometer RH,Accelerometer,20,0.6666666666666666,False
S4,S4-Drill,Accelerometer RH,Accelerometer,20,0.6666666666666666,False
S4,S4-Drill,Accelerometer RH,Accelerometer,19,0.6333333333333333,False
S4,S4-Drill,Accelerometer RH,Accelerometer,19,0.6333333333333333,False
S4,S4-Drill,Accelerometer RH,Accelerometer,19,0.6333333333333333,False
S4,S4-Drill,Accelerometer RH,Accelerometer,19,0.6333333333333333,False
S4,S4-Drill,Accelerometer RH,Accelerometer,19,0.6333333333333333,False
S4,S4-Drill,Accelerometer RH,Accelerometer,20,0.6666666666666666,False
S4,S4-Drill,Accelerometer RH,Accelerometer,37,1.2333333333333334,False
S4,S4-Drill,Accelerometer RH,Accelerometer,20,0.6666666666666666,False
S4,S4-Drill,Accelerometer RH,Accelerometer,19,0.6333333333333333,False
S4,S4-Drill,Accelerometer RH,Accelerometer,27,0.9,False
S4,S4-Drill,Accelerometer RH,Accelerometer,25,0.8333333333333334,False
S4,S4-Drill,Accelerometer RH,Accelerometer,21,0.7,False
S4,S4-Drill,Accelerometer RH,Accelerometer,20,0.6666666666666666,False
S4,S4-Drill,Accelerometer RH,Accelerometer,19,0.6333333333333333,False
S4,S4-Drill,Accelerometer RH,Accelerometer,20,0.6666666666666666,False
S4,S4-Drill,Accelerometer RH,Accelerometer,20,0.6666666666666666,False
S4,S4-Drill,Accelerometer RH,Accelerometer,20,0.6666666666666666,False
S4,S4-Drill,Accelerometer RH,Accelerometer,20,0.6666666666666666,False
S4,S4-Drill,Accelerometer RH,Accelerometer,32,1.0666666666666667,False
S4,S4-Drill,Accelerometer RH,Accelerometer,21,0.7,False
S4,S4-Drill,Accelerometer RH,Accelerometer,21,0.7,False
S4,S4-Drill,Accelerometer RH,Accelerometer,23,0.7666666666666667,False
S4,S4-Drill,Accelerometer RH,Accelerometer,20,0.6666666666666666,False
S4,S4-Drill,Accelerometer RH,Accelerometer,20,0.6666666666666666,False
S4,S4-Drill,Accelerometer RH,Accelerometer,28,0.9333333333333333,False
S4,S4-Drill,Accelerometer RH,Accelerometer,19,0.6333333333333333,False
S4,S4-Drill,Accelerometer RH,Accelerometer,20,0.6666666666666666,False
S4,S4-Drill,Accelerometer RH,Accelerometer,21,0.7,False
S4,S4-Drill,Accelerometer RH,Accelerometer,19,0.6333333333333333,False
S4,S4-Drill,Accelerometer RH,Accelerometer,20,0.6666666666666666,False
S4,S4-Drill,Accelerometer RH,Accelerometer,21,0.7,False
S4,S4-Drill,Accelerometer RH,Accelerometer,19,0.6333333333333333,False
S4,S4-Drill,Accelerometer RH,Accelerometer,19,0.6333333333333333,False
S4,S4-Drill,Accelerometer RH,Accelerometer,35,1.1666666666666667,False
S4,S4-Drill,Accelerometer RH,Accelerometer,25,0.8333333333333334,False
S4,S4-Drill,Accelerometer RH,Accelerometer,20,0.6666666666666666,False
S4,S4-Drill,Accelerometer RH,Accelerometer,24,0.8,False
S4,S4-Drill,Accelerometer RH,Accelerometer,20,0.6666666666666666,False
S4,S4-Drill,Accelerometer RH,Accelerometer,48,1.6,False
S4,S4-Drill,Accelerometer RH,Accelerometer,19,0.6333333333333333,False
S4,S4-Drill,Accelerometer RH,Accelerometer,20,0.6666666666666666,False
S4,S4-Drill,Accelerometer RH,Accelerometer,19,0.6333333333333333,False
S4,S4-Drill,Accelerometer RH,Accelerometer,19,0.6333333333333333,False
S4,S4-Drill,Accelerometer RH,Accelerometer,20,0.6666666666666666,False
S4,S4-Drill,Accelerometer RH,Accelerometer,24,0.8,False
S4,S4-Drill,Accelerometer RH,Accelerometer,21,0.7,False
S4,S4-Drill,Accelerometer RH,Accelerometer,21,0.7,False
S4,S4-Drill,Accelerometer RH,Accelerometer,38,1.2666666666666666,False
S4,S4-Drill,Accelerometer RH,Accelerometer,20,0.6666666666666666,False
S4,S4-Drill,Accelerometer RH,Accelerometer,20,0.6666666666666666,False
S4,S4-Drill,Accelerometer RH,Accelerometer,55,1.8333333333333333,False
S4,S4-Drill,Accelerometer RH,Accelerometer,19,0.6333333333333333,False
S4,S4-Drill,Accelerometer RH,Accelerometer,19,0.6333333333333333,False
S4,S4-Drill,Accelerometer RH,Accelerometer,20,0.6666666666666666,False
S4,S4-Drill,Accelerometer RH,Accelerometer,39,1.3,False
S4,S4-Drill,Accelerometer RH,Accelerometer,21,0.7,False
S4,S4-Drill,Accelerometer RH,Accelerometer,20,0.6666666666666666,False
S4,S4-Drill,Accelerometer RH,Accelerometer,21,0.7,False
S4,S4-Drill,Accelerometer RH,Accelerometer,25,0.8333333333333334,False
S4,S4-Drill,Accelerometer RH,Accelerometer,34,1.1333333333333333,False
S4,S4-Drill,Accelerometer RH,Accelerometer,20,0.6666666666666666,False
S4,S4-Drill,Accelerometer RH,Accelerometer,20,0.6666666666666666,False
S4,S4-Drill,Accelerometer RH,Accelerometer,20,0.6666666666666666,False
S4,S4-Drill,Accelerometer RH,Accelerometer,21,0.7,False
S4,S4-Drill,Accelerometer RH,Accelerometer,20,0.6666666666666666,False
S4,S4-Drill,Accelerometer RH,Accelerometer,19,0.6333333333333333,False
S4,S4-Drill,Accelerometer RH,Accelerometer,194,6.466666666666667,True
S4,S4-Drill,InertialMeasurementUnit BACK,InertialMeasurementUnit,121,4.033333333333333,True
S4,S4-Drill,InertialMeasurementUnit RUA,InertialMeasurementUnit,121,4.033333333333333,True
S4,S4-Drill,InertialMeasurementUnit RLA,InertialMeasurementUnit,121,4.033333333333333,True
S4,S4-Drill,InertialMeasurementUnit LUA,InertialMeasurementUnit,121,4.033333333333333,True
S4,S4-Drill,InertialMeasurementUnit LLA,InertialMeasurementUnit,121,4.033333333333333,True
S4,S4-Drill,InertialMeasurementUnit L-SHOE,InertialMeasurementUnit,96,3.2,True
S4,S4-Drill,InertialMeasurementUnit R-SHOE,InertialMeasurementUnit,96,3.2,True
