subject,device,gap_samples,gap_s
subject101,hand,14956,149.56
subject101,hand,11846,118.46
subject101,hand,6929,69.29
subject101,hand,7,0.07
subject101,hand,3065,30.65
subject101,hand,78,0.78
subject101,hand,299,2.99
subject101,hand,237,2.37
subject101,hand,302,3.02
subject101,hand,42,0.42
subject101,hand,7,0.07
subject101,hand,3811,38.11
subject101,hand,5893,58.93
subject101,hand,6984,69.84
subject101,hand,5,0.05
subject101,hand,272,2.72
subject101,hand,4019,40.19
subject101,hand,4543,45.43
subject101,hand,4361,43.61
subject101,hand,107,1.07
subject101,hand,2798,27.98
subject101,hand,2428,24.28
subject101,hand,562,5.62
subject101,hand,2655,26.55
subject101,hand,385,3.85
subject101,hand,3625,36.25
subject101,hand,1329,13.29
subject101,hand,572,5.72
subject101,hand,68,0.68
subject101,hand,3353,33.53
subject101,hand,3497,34.97
subject101,hand,3729,37.29
subject101,hand,568,5.68
subject101,hand,3417,34.17
subject101,hand,2987,29.87
subject101,hand,539,5.39
subject101,hand,5478,54.78
subject101,hand,2350,23.5
subject101,hand,4853,48.53
subject101,hand,2940,29.4
subject101,hand,120,1.2
subject101,hand,3217,32.17
subject101,hand,991,9.91
subject101,hand,5538,55.38
subject101,hand,7578,75.78
subject101,hand,456,4.56
subject101,hand,9088,90.88
subject101,hand,2,0.02
subject101,hand,1996,19.96
subject101,hand,3152,31.52
subject101,hand,941,9.41
subject101,hand,2,0.02
subject101,hand,1429,14.29
subject101,hand,1208,12.08
subject101,hand,363,3.63
subject101,hand,1602,16.02
subject101,hand,9177,91.77
subject101,hand,6,0.06
subject101,hand,2564,25.64
subject101,hand,26,0.26
subject101,hand,7603,76.03
subject101,hand,4991,49.91
subject101,hand,2383,23.83
subject101,hand,4930,49.3
subject101,hand,80,0.8
subject101,hand,1918,19.18
subject101,hand,3402,34.02
subject101,hand,771,7.71
subject101,hand,9,0.09
subject101,hand,3,0.03
subject101,hand,4531,45.31
subject101,hand,5955,59.55
subject101,hand,5,0.05
subject101,hand,1405,14.05
subject101,hand,2143,21.43
subject101,hand,10,0.1
subject101,hand,1,0.01
subject101,hand,5,0.05
subject101,hand,15,0.15
subject101,hand,153,1.53
subject101,hand,34,0.34
subject101,hand,15,0.15
subject101,hand,764,7.64
subject101,hand,44,0.44
subject101,hand,16,0.16
subject101,hand,16,0.16
subject101,hand,35,0.35
subject101,hand,50,0.5
subject101,hand,3,0.03
subject101,hand,9,0.09
subject101,hand,8,0.08
subject101,hand,94,0.94
subject101,hand,1,0.01
subject101,hand,5,0.05
subject101,hand,5,0.05
subject101,hand,11,0.11
subject101,hand,5,0.05
subject101,hand,1,0.01
subject101,hand,3,0.03
subject101,hand,63,0.63
subject101,hand,3,0.03
subject101,hand,1,0.01
subject101,hand,8,0.08
subject101,hand,25,0.25
subject101,hand,5,0.05
subject101,hand,3,0.03
subject101,hand,2,0.02
subject101,hand,59,0.59
subject101,hand,21,0.21
subject101,hand,1,0.01
subject101,hand,1,0.01
subject101,hand,16,0.16
subject101,hand,1,0.01
subject101,hand,54,0.54
subject101,hand,31,0.31
subject101,hand,2,0.02
subject101,hand,99,0.99
subject101,hand,40,0.4
subject101,hand,102,1.02
subject101,hand,95,0.95
subject101,hand,1,0.01
subject101,hand,1,0.01
subject101,hand,9,0.09
subject101,hand,4,0.04
subject101,hand,2,0.02
subject101,hand,67,0.67
subject101,hand,47,0.47
subject101,hand,1,0.01
subject101,hand,75,0.75
subject101,hand,10,0.1
subject101,hand,2,0.02
subject101,hand,12,0.12
subject101,hand,10,0.1
subject101,hand,79,0.79
subject101,hand,127,1.27
subject101,hand,133,1.33
subject101,hand,43,0.43
subject101,hand,29,0.29
subject101,hand,2,0.02
subject101,hand,7,0.07
subject101,hand,2,0.02
subject101,hand,2,0.02
subject101,hand,22,0.22
subject101,hand,5,0.05
subject101,hand,49,0.49
subject101,hand,10,0.1
subject101,hand,5,0.05
subject101,hand,16,0.16
subject101,hand,87,0.87
subject101,hand,10,0.1
subject101,hand,9,0.09
subject101,hand,1,0.01
subject101,hand,1,0.01
subject101,hand,4,0.04
subject101,hand,108,1.08
subject101,hand,64,0.64
subject101,hand,39,0.39
subject101,hand,3,0.03
subject101,hand,4,0.04
subject101,hand,7,0.07
subject101,hand,4,0.04
subject101,hand,2,0.02
subject101,hand,1,0.01
subject101,hand,4,0.04
subject101,hand,94,0.94
subject101,hand,11,0.11
subject101,hand,104,1.04
subject101,hand,82,0.82
subject101,hand,14,0.14
subject101,hand,8,0.08
subject101,hand,107,1.07
subject101,hand,10,0.1
subject101,hand,9,0.09
subject101,hand,3,0.03
subject101,hand,5,0.05
subject101,hand,2,0.02
subject101,hand,7,0.07
subject101,hand,2,0.02
subject101,hand,79,0.79
subject101,hand,21,0.21
subject101,hand,6,0.06
subject101,hand,73,0.73
subject101,hand,78,0.78
subject101,hand,183,1.83
subject101,hand,3,0.03
subject101,hand,5,0.05
subject101,hand,35,0.35
subject101,hand,25,0.25
subject101,hand,13,0.13
subject101,hand,1,0.01
subject101,hand,1,0.01
subject101,hand,18,0.18
subject101,hand,16,0.16
subject101,hand,36,0.36
subject101,hand,31,0.31
subject101,hand,38,0.38
subject101,hand,1,0.01
subject101,hand,81,0.81
subject101,hand,5,0.05
subject101,hand,5,0.05
subject101,hand,4,0.04
subject101,hand,24,0.24
subject101,hand,109,1.09
subject101,hand,4,0.04
subject101,hand,10,0.1
subject101,hand,2,0.02
subject101,hand,1,0.01
subject101,hand,71,0.71
subject101,hand,12,0.12
subject101,hand,3,0.03
subject101,hand,1,0.01
subject101,hand,20,0.2
subject101,hand,23,0.23
subject101,hand,17,0.17
subject101,hand,30,0.3
subject101,hand,51,0.51
subject101,hand,16,0.16
subject101,hand,36,0.36
subject101,hand,44,0.44
subject101,hand,6,0.06
subject101,hand,2,0.02
subject101,hand,18,0.18
subject101,hand,71,0.71
subject101,hand,89,0.89
subject101,hand,146,1.46
subject101,hand,9,0.09
subject101,hand,7,0.07
subject101,hand,103,1.03
subject101,hand,1,0.01
subject101,hand,7,0.07
subject101,hand,12,0.12
subject101,hand,57,0.57
subject101,hand,12,0.12
subject101,hand,19,0.19
subject101,hand,18,0.18
subject101,hand,77,0.77
subject101,hand,170,1.7
subject101,hand,66,0.66
subject101,hand,21,0.21
subject101,hand,14,0.14
subject101,hand,53,0.53
subject101,hand,24,0.24
subject101,hand,5,0.05
subject101,hand,14,0.14
subject101,hand,177,1.77
subject101,hand,77,0.77
subject101,hand,30,0.3
subject101,hand,48,0.48
subject101,hand,9,0.09
subject101,hand,27,0.27
subject101,hand,114,1.14
subject101,hand,7,0.07
subject101,hand,86,0.86
subject101,hand,49,0.49
subject101,hand,70,0.7
subject101,hand,108,1.08
subject101,hand,22,0.22
subject101,hand,128,1.28
subject101,hand,18,0.18
subject101,hand,99,0.99
subject101,hand,32,0.32
subject101,hand,337,3.37
subject101,hand,116,1.16
subject101,hand,27,0.27
subject101,hand,57,0.57
subject101,hand,4,0.04
subject101,hand,3,0.03
subject101,hand,3,0.03
subject101,hand,5,0.05
subject101,hand,4,0.04
subject101,hand,3,0.03
subject101,hand,23,0.23
subject101,hand,6,0.06
subject101,hand,18,0.18
subject101,hand,3,0.03
subject101,hand,8,0.08
subject101,hand,17,0.17
subject101,hand,3,0.03
subject101,hand,1,0.01
subject101,hand,1,0.01
subject101,hand,1,0.01
subject101,hand,1,0.01
subject101,hand,1,0.01
subject101,hand,1,0.01
subject101,hand,1,0.01
subject101,hand,3,0.03
subject101,hand,1,0.01
subject101,hand,66,0.66
subject101,hand,10,0.1
subject101,hand,13,0.13
subject101,hand,1,0.01
subject101,hand,4,0.04
subject101,hand,4,0.04
subject101,hand,3,0.03
subject101,hand,4,0.04
subject101,hand,2,0.02
subject101,hand,64,0.64
subject101,hand,4,0.04
subject101,hand,7,0.07
subject101,hand,2,0.02
subject101,hand,2,0.02
subject101,hand,3,0.03
subject101,hand,7,0.07
subject101,hand,5,0.05
subject101,hand,3,0.03
subject101,hand,18,0.18
subject101,hand,37,0.37
subject101,hand,12,0.12
subject101,hand,7,0.07
subject101,hand,3,0.03
subject101,hand,4,0.04
subject101,hand,4,0.04
subject101,hand,10,0.1
subject101,hand,11,0.11
subject101,hand,57,0.57
subject101,hand,39,0.39
subject101,hand,3,0.03
subject101,hand,7,0.07
subject101,hand,10,0.1
subject101,hand,70,0.7
subject101,hand,10,0.1
subject101,hand,4,0.04
subject101,hand,5,0.05
subject101,hand,1,0.01
subject101,hand,3,0.03
subject101,hand,6,0.06
subject101,hand,1,0.01
subject101,hand,12,0.12
subject101,hand,113,1.13
subject101,hand,1,0.01
subject101,hand,65,0.65
subject101,hand,5,0.05
subject101,hand,3,0.03
subject101,hand,3,0.03
subject101,hand,4,0.04
subject101,hand,14,0.14
subject101,hand,1,0.01
subject101,hand,1,0.01
subject101,hand,3,0.03
subject101,hand,2,0.02
subject101,hand,1,0.01
subject101,hand,59,0.59
subject101,hand,10,0.1
subject101,hand,3,0.03
subject101,hand,3,0.03
subject101,hand,16,0.16
subject101,hand,1,0.01
subject101,hand,2,0.02
subject101,hand,8,0.08
subject101,hand,38,0.38
subject101,hand,30,0.3
subject101,hand,7,0.07
subject101,hand,2,0.02
subject101,hand,21,0.21
subject101,hand,10,0.1
subject101,hand,3,0.03
subject101,hand,61,0.61
subject101,hand,4,0.04
subject101,hand,5,0.05
subject101,hand,2,0.02
subject101,hand,3,0.03
subject101,hand,4,0.04
subject101,hand,9,0.09
subject101,hand,10,0.1
subject101,hand,2,0.02
subject101,hand,68,0.68
subject101,hand,12,0.12
subject101,hand,2,0.02
subject101,hand,6,0.06
subject101,hand,12,0.12
subject101,hand,6,0.06
subject101,hand,90,0.9
subject101,hand,19,0.19
subject101,hand,94,0.94
subject101,hand,22,0.22
subject101,hand,12,0.12
subject101,hand,2,0.02
subject101,hand,66,0.66
subject101,hand,40,0.4
subject101,hand,5,0.05
subject101,hand,113,1.13
subject101,hand,87,0.87
subject101,hand,5,0.05
subject101,hand,17,0.17
subject101,hand,2,0.02
subject101,hand,2,0.02
subject101,hand,18,0.18
subject101,hand,54,0.54
subject101,hand,3,0.03
subject101,hand,17,0.17
subject101,hand,15,0.15
subject101,hand,78,0.78
subject101,hand,12,0.12
subject101,hand,20,0.2
subject101,hand,102,1.02
subject101,hand,26,0.26
subject101,hand,17,0.17
subject101,hand,45,0.45
subject101,hand,62,0.62
subject101,hand,51,0.51
subject101,hand,13,0.13
subject101,hand,24,0.24
subject101,hand,14,0.14
subject101,hand,2,0.02
subject101,hand,5,0.05
subject101,hand,82,0.82
subject101,hand,2,0.02
subject101,hand,8,0.08
subject101,hand,1,0.01
subject101,hand,10,0.1
subject101,hand,76,0.76
subject101,hand,5,0.05
subject101,hand,3,0.03
subject101,hand,3,0.03
subject101,hand,12,0.12
subject101,hand,89,0.89
subject101,hand,2,0.02
subject101,hand,95,0.95
subject101,hand,11,0.11
subject101,hand,8,0.08
subject101,hand,4,0.04
subject101,hand,29,0.29
subject101,hand,95,0.95
subject101,hand,23,0.23
subject101,hand,56,0.56
subject101,hand,23,0.23
subject101,hand,10,0.1
subject101,hand,57,0.57
subject101,hand,11,0.11
subject101,hand,70,0.7
subject101,hand,322,3.22
subject101,hand,21,0.21
subject101,hand,79,0.79
subject101,hand,5,0.05
subject101,hand,3,0.03
subject101,hand,2,0.02
subject101,hand,2,0.02
subject101,hand,19,0.19
subject101,hand,3,0.03
subject101,hand,6,0.06
subject101,hand,2,0.02
subject101,hand,63,0.63
subject101,hand,15,0.15
subject101,hand,1178,11.78
subject101,hand,239,2.39
subject101,hand,126,1.26
subject101,hand,109,1.09
subject101,hand,144,1.44
subject101,hand,61,0.61
subject101,hand,882,8.82
subject101,hand,15,0.15
subject101,hand,98,0.98
subject101,hand,603,6.03
subject101,hand,3,0.03
subject101,hand,12,0.12
subject101,hand,1,0.01
subject101,hand,1,0.01
subject101,hand,1,0.01
subject101,hand,2,0.02
subject101,hand,2,0.02
subject101,hand,4,0.04
subject101,hand,7,0.07
subject101,hand,88,0.88
subject101,hand,16,0.16
subject101,hand,3,0.03
subject101,hand,247,2.47
subject101,hand,80,0.8
subject101,hand,115,1.15
subject101,hand,9,0.09
subject101,hand,362,3.62
subject101,hand,17,0.17
subject101,hand,67,0.67
subject101,hand,16,0.16
subject101,hand,16,0.16
subject101,hand,10,0.1
subject101,hand,105,1.05
subject101,hand,2,0.02
subject101,hand,2,0.02
subject101,hand,1,0.01
subject101,hand,9,0.09
subject101,hand,73,0.73
subject101,hand,11,0.11
subject101,hand,12,0.12
subject101,hand,5,0.05
subject101,hand,105,1.05
subject101,hand,6,0.06
subject101,hand,55,0.55
subject101,hand,1,0.01
subject101,hand,5,0.05
subject101,hand,18,0.18
subject101,hand,2,0.02
subject101,hand,238,2.38
subject101,hand,660,6.6
subject101,hand,4,0.04
subject101,hand,61,0.61
subject101,hand,81,0.81
subject101,hand,23,0.23
subject101,hand,9,0.09
subject101,hand,80,0.8
subject101,hand,129,1.29
subject101,hand,3,0.03
subject101,hand,93,0.93
subject101,hand,9,0.09
subject101,hand,119,1.19
subject101,hand,106,1.06
subject101,hand,18,0.18
subject101,hand,15,0.15
subject101,hand,79,0.79
subject101,hand,1,0.01
subject101,hand,6,0.06
subject101,hand,4,0.04
subject101,hand,111,1.11
subject101,hand,37,0.37
subject101,hand,57,0.57
subject101,hand,124,1.24
subject101,hand,3,0.03
subject101,hand,140,1.4
subject101,hand,18,0.18
subject101,hand,3,0.03
subject101,hand,327,3.27
subject101,hand,697,6.97
subject101,hand,9,0.09
subject101,hand,3427,34.27
subject101,hand,1304,13.04
subject101,hand,299,2.99
subject101,hand,228,2.28
subject101,hand,148,1.48
subject101,hand,462,4.62
subject101,hand,3849,38.49
subject101,hand,534,5.34
subject101,hand,1235,12.35
subject101,hand,348,3.48
subject101,hand,7,0.07
subject101,hand,223,2.23
subject101,hand,237,2.37
subject101,hand,10,0.1
subject101,hand,348,3.48
subject101,hand,125,1.25
subject101,hand,15,0.15
subject101,hand,10,0.1
subject101,hand,114,1.14
subject101,hand,3,0.03
subject101,hand,80,0.8
subject101,hand,97,0.97
subject101,hand,28,0.28
subject101,hand,148,1.48
subject101,hand,225,2.25
subject101,hand,351,3.51
subject101,hand,132,1.32
subject101,hand,595,5.95
subject101,hand,278,2.78
subject101,hand,212,2.12
subject101,hand,8,0.08
subject101,hand,224,2.24
subject101,hand,26,0.26
subject101,hand,95,0.95
subject101,hand,369,3.69
subject101,hand,10,0.1
subject101,hand,3,0.03
subject101,hand,108,1.08
subject101,hand,113,1.13
subject101,hand,371,3.71
subject101,hand,378,3.78
subject101,hand,563,5.63
subject101,hand,259,2.59
subject101,hand,365,3.65
subject101,hand,593,5.93
subject101,hand,34,0.34
subject101,hand,339,3.39
subject101,hand,361,3.61
subject101,hand,21,0.21
subject101,hand,214,2.14
subject101,hand,21,0.21
subject101,hand,103,1.03
subject101,hand,5,0.05
subject101,hand,26,0.26
subject101,hand,951,9.51
subject101,hand,29,0.29
subject101,hand,252,2.52
subject101,hand,1224,12.24
subject101,hand,59,0.59
subject101,hand,46,0.46
subject101,hand,134,1.34
subject101,hand,104,1.04
subject101,hand,104,1.04
subject101,hand,264,2.64
subject101,hand,323,3.23
subject101,hand,27,0.27
subject101,hand,126,1.26
subject101,hand,117,1.17
subject101,hand,23,0.23
subject101,hand,489,4.89
subject101,hand,597,5.97
subject101,hand,12,0.12
subject101,hand,100,1.0
subject101,hand,14,0.14
subject101,hand,89,0.89
subject101,hand,131,1.31
subject101,hand,375,3.75
subject101,hand,844,8.44
subject101,hand,242,2.42
subject101,hand,248,2.48
subject101,hand,114,1.14
subject101,hand,123,1.23
subject101,hand,11,0.11
subject101,hand,24,0.24
subject101,hand,8,0.08
subject101,hand,87,0.87
subject101,hand,378,3.78
subject101,hand,2633,26.33
subject101,hand,268,2.68
subject101,hand,6921,69.21
subject101,hand,3415,34.15
subject101,hand,168,1.68
subject101,hand,315,3.15
subject101,hand,301,3.01
subject101,hand,890,8.9
subject101,hand,112,1.12
subject101,hand,1687,16.87
subject101,hand,49,0.49
subject101,hand,725,7.25
subject101,hand,370,3.7
subject101,hand,139,1.39
subject101,hand,481,4.81
subject101,hand,221,2.21
subject101,hand,34,0.34
subject101,hand,67,0.67
subject101,hand,3,0.03
subject101,hand,227,2.27
subject101,hand,219,2.19
subject101,hand,52,0.52
subject101,hand,8,0.08
subject101,hand,719,7.19
subject101,hand,2,0.02
subject101,hand,668,6.68
subject101,hand,83,0.83
subject101,hand,2926,29.26
subject101,hand,418,4.18
subject101,hand,137,1.37
subject101,hand,598,5.98
subject101,hand,295,2.95
subject101,hand,1451,14.51
subject101,hand,262,2.62
subject101,hand,598,5.98
subject101,hand,2452,24.52
subject101,hand,33,0.33
subject101,hand,450,4.5
subject101,hand,310,3.1
subject101,hand,14,0.14
subject101,hand,2,0.02
subject101,hand,803,8.03
subject101,hand,856,8.56
subject101,hand,114,1.14
subject101,hand,1771,17.71
subject101,hand,257,2.57
subject101,hand,135,1.35
subject101,hand,161,1.61
subject101,hand,226,2.26
subject101,hand,637,6.37
subject101,hand,3547,35.47
subject101,hand,212,2.12
subject101,hand,1,0.01
subject101,hand,819,8.19
subject101,hand,131,1.31
subject101,hand,1025,10.25
subject101,hand,73,0.73
subject101,hand,5,0.05
subject101,hand,2,0.02
subject101,hand,1,0.01
subject101,hand,4,0.04
subject101,hand,3,0.03
subject101,hand,60,0.6
subject101,hand,4,0.04
subject101,hand,66,0.66
subject101,hand,4,0.04
subject101,hand,4,0.04
subject101,hand,1,0.01
subject101,hand,3,0.03
subject101,hand,5,0.05
subject101,hand,55,0.55
subject101,hand,7,0.07
subject101,hand,416,4.16
subject101,hand,228,2.28
subject101,hand,88,0.88
subject101,hand,8,0.08
subject101,hand,68,0.68
subject101,hand,9,0.09
subject101,hand,165,1.65
subject101,hand,81,0.81
subject101,hand,3,0.03
subject101,hand,2,0.02
subject101,hand,58,0.58
subject101,hand,17,0.17
subject101,hand,72,0.72
subject101,hand,15,0.15
subject101,hand,55,0.55
subject101,hand,3,0.03
subject101,hand,4,0.04
subject101,hand,7,0.07
subject101,hand,7,0.07
subject101,hand,61,0.61
subject101,hand,23,0.23
subject101,hand,73,0.73
subject101,hand,4,0.04
subject101,hand,67,0.67
subject101,hand,8,0.08
subject101,hand,68,0.68
subject101,hand,263,2.63
subject101,hand,324,3.24
subject101,hand,1634,16.34
subject101,hand,24,0.24
subject101,hand,6,0.06
subject101,hand,72,0.72
subject101,hand,6,0.06
subject101,hand,2,0.02
subject101,hand,808,8.08
subject101,hand,2,0.02
subject101,hand,1,0.01
subject101,hand,571,5.71
subject101,hand,152,1.52
subject101,hand,170,1.7
subject101,hand,6,0.06
subject101,hand,59,0.59
subject101,hand,8,0.08
subject101,hand,1384,13.84
subject101,hand,1059,10.59
subject101,hand,9,0.09
subject101,hand,70,0.7
subject101,hand,565,5.65
subject101,hand,82,0.82
subject101,hand,89,0.89
subject101,hand,65,0.65
subject101,hand,5,0.05
subject101,hand,5,0.05
subject101,hand,61,0.61
subject101,hand,6,0.06
subject101,hand,3,0.03
subject101,hand,1,0.01
subject101,hand,3,0.03
subject101,hand,72,0.72
subject101,hand,1,0.01
subject101,hand,3,0.03
subject101,hand,70,0.7
subject101,hand,1,0.01
subject101,hand,1,0.01
subject101,hand,1,0.01
subject101,hand,1,0.01
subject101,hand,3,0.03
subject101,hand,62,0.62
subject101,hand,2,0.02
subject101,hand,1,0.01
subject101,hand,17,0.17
subject101,hand,60,0.6
subject101,hand,3,0.03
subject101,hand,3,0.03
subject101,hand,1,0.01
subject101,hand,2,0.02
subject101,hand,63,0.63
subject101,hand,5,0.05
subject101,hand,2,0.02
subject101,hand,1,0.01
subject101,hand,2,0.02
subject101,hand,68,0.68
subject101,hand,1,0.01
subject101,hand,4,0.04
subject101,hand,2,0.02
subject101,hand,68,0.68
subject101,hand,1,0.01
subject101,hand,1,0.01
subject101,hand,5,0.05
subject101,hand,155,1.55
subject101,hand,3,0.03
subject101,hand,64,0.64
subject101,hand,11,0.11
subject101,hand,67,0.67
subject101,hand,4,0.04
subject101,hand,1,0.01
subject101,hand,2,0.02
subject101,hand,1,0.01
subject101,hand,3,0.03
subject101,hand,1,0.01
subject101,hand,80,0.8
subject101,hand,85,0.85
subject101,hand,143,1.43
subject101,hand,8,0.08
subject101,hand,81,0.81
subject101,hand,147,1.47
subject101,hand,8,0.08
subject101,hand,1,0.01
subject101,hand,233,2.33
subject101,hand,575,5.75
subject101,hand,568,5.68
subject101,hand,3,0.03
subject101,hand,1,0.01
subject101,hand,8,0.08
subject101,hand,60,0.6
subject101,hand,2,0.02
subject101,hand,1,0.01
subject101,hand,6,0.06
subject101,hand,395,3.95
subject101,hand,4,0.04
subject101,hand,4,0.04
subject101,hand,156,1.56
subject101,hand,82,0.82
subject101,hand,2,0.02
subject101,hand,68,0.68
subject101,hand,4,0.04
subject101,hand,2,0.02
subject101,hand,1,0.01
subject101,hand,1,0.01
subject101,hand,1,0.01
subject101,hand,5,0.05
subject101,hand,137,1.37
subject101,hand,6,0.06
subject101,hand,81,0.81
subject101,hand,155,1.55
subject101,hand,3,0.03
subject101,hand,73,0.73
subject101,hand,1,0.01
subject101,hand,2,0.02
subject101,hand,1,0.01
subject101,hand,155,1.55
subject101,hand,94,0.94
subject101,hand,61,0.61
subject101,hand,184,1.84
subject101,hand,144,1.44
subject101,hand,1716,17.16
subject101,hand,7,0.07
subject101,hand,144,1.44
subject101,hand,85,0.85
subject101,hand,2,0.02
subject101,hand,7,0.07
subject101,hand,140,1.4
subject101,hand,1,0.01
subject101,hand,2,0.02
subject101,hand,1,0.01
subject101,hand,4,0.04
subject101,hand,146,1.46
subject101,hand,150,1.5
subject101,hand,18,0.18
subject101,hand,60,0.6
subject101,hand,1,0.01
subject101,hand,163,1.63
subject101,hand,145,1.45
subject101,hand,1,0.01
subject101,hand,4,0.04
subject101,hand,1,0.01
subject101,hand,3,0.03
subject101,hand,1,0.01
subject101,hand,1,0.01
subject101,hand,68,0.68
subject101,hand,162,1.62
subject101,hand,3,0.03
subject101,hand,1,0.01
subject101,hand,157,1.57
subject101,hand,463,4.63
subject101,hand,68,0.68
subject101,hand,6,0.06
subject101,hand,1,0.01
subject101,hand,1,0.01
subject101,hand,4,0.04
subject101,hand,1,0.01
subject101,hand,215,2.15
subject101,hand,4,0.04
subject101,hand,2,0.02
subject101,hand,12,0.12
subject101,hand,64,0.64
subject101,hand,7595,75.95
subject101,hand,2997,29.97
subject101,hand,609,6.09
subject101,hand,954,9.54
subject101,hand,1895,18.95
subject101,hand,3675,36.75
subject101,hand,97,0.97
subject101,hand,112,1.12
subject101,hand,13,0.13
subject101,hand,390,3.9
subject101,hand,20,0.2
subject101,hand,15,0.15
subject101,hand,136,1.36
subject101,hand,25,0.25
subject101,hand,74,0.74
subject101,hand,31,0.31
subject101,hand,24,0.24
subject101,hand,38,0.38
subject101,hand,17,0.17
subject101,hand,7,0.07
subject101,hand,46,0.46
subject101,hand,1,0.01
subject101,hand,23,0.23
subject101,hand,32,0.32
subject101,hand,51,0.51
subject101,hand,35,0.35
subject101,hand,4,0.04
subject101,hand,66,0.66
subject101,hand,309,3.09
subject101,hand,48,0.48
subject101,hand,37,0.37
subject101,hand,54,0.54
subject101,hand,1,0.01
subject101,hand,96,0.96
subject101,hand,2,0.02
subject101,hand,29,0.29
subject101,hand,45,0.45
subject101,hand,17,0.17
subject101,hand,35,0.35
subject101,hand,51,0.51
subject101,hand,7,0.07
subject101,hand,39,0.39
subject101,hand,6,0.06
subject101,hand,60,0.6
subject101,hand,91,0.91
subject101,hand,83,0.83
subject101,hand,3,0.03
subject101,hand,79,0.79
subject101,hand,21,0.21
subject101,hand,49,0.49
subject101,hand,5,0.05
subject101,hand,139,1.39
subject101,hand,53,0.53
subject101,hand,52,0.52
subject101,hand,17,0.17
subject101,hand,17,0.17
subject101,hand,62,0.62
subject101,hand,11,0.11
subject101,hand,2,0.02
subject101,hand,101,1.01
subject101,hand,21,0.21
subject101,hand,63,0.63
subject101,hand,2,0.02
subject101,hand,95,0.95
subject101,hand,3,0.03
subject101,hand,52,0.52
subject101,hand,7,0.07
subject101,hand,46,0.46
subject101,hand,6,0.06
subject101,hand,68,0.68
subject101,hand,38,0.38
subject101,hand,57,0.57
subject101,hand,13,0.13
subject101,hand,28,0.28
subject101,hand,12,0.12
subject101,hand,3,0.03
subject101,hand,4,0.04
subject101,hand,4,0.04
subject101,hand,30,0.3
subject101,hand,47,0.47
subject101,hand,49,0.49
subject101,hand,83,0.83
subject101,hand,11,0.11
subject101,hand,80,0.8
subject101,hand,3,0.03
subject101,hand,218,2.18
subject101,hand,7,0.07
subject101,hand,2,0.02
subject101,hand,163,1.63
subject101,hand,2,0.02
subject101,hand,92,0.92
subject101,hand,16,0.16
subject101,hand,25,0.25
subject101,hand,1,0.01
subject101,hand,145,1.45
subject101,hand,5,0.05
subject101,hand,7,0.07
subject101,hand,82,0.82
subject101,hand,103,1.03
subject101,hand,20,0.2
subject101,hand,3,0.03
subject101,hand,165,1.65
subject101,hand,64,0.64
subject101,hand,33,0.33
subject101,hand,78,0.78
subject101,hand,113,1.13
subject101,hand,583,5.83
subject101,hand,95,0.95
subject101,hand,308,3.08
subject101,hand,83,0.83
subject101,hand,268,2.68
subject101,hand,220,2.2
subject101,hand,76,0.76
subject101,hand,23,0.23
subject101,hand,41,0.41
subject101,hand,5,0.05
subject101,hand,77,0.77
subject101,hand,115,1.15
subject101,hand,13,0.13
subject101,hand,9,0.09
subject101,hand,139,1.39
subject101,hand,92,0.92
subject101,hand,95,0.95
subject101,hand,113,1.13
subject101,hand,51,0.51
subject101,hand,51,0.51
subject101,hand,466,4.66
subject101,hand,73,0.73
subject101,hand,60,0.6
subject101,hand,48,0.48
subject101,hand,4,0.04
subject101,hand,8,0.08
subject101,hand,305,3.05
subject101,hand,11,0.11
subject101,hand,53,0.53
subject101,hand,26,0.26
subject101,hand,146,1.46
subject101,hand,23,0.23
subject101,hand,36,0.36
subject101,hand,136,1.36
subject101,hand,42,0.42
subject101,hand,1,0.01
subject101,hand,62,0.62
subject101,hand,358,3.58
subject101,hand,103,1.03
subject101,hand,22,0.22
subject101,hand,64,0.64
subject101,hand,25,0.25
subject101,hand,6,0.06
subject101,hand,4,0.04
subject101,hand,100,1.0
subject101,hand,49,0.49
subject101,hand,32,0.32
subject101,hand,64,0.64
subject101,hand,26,0.26
subject101,hand,222,2.22
subject101,hand,331,3.31
subject101,hand,118,1.18
subject101,hand,44,0.44
subject101,hand,26,0.26
subject101,hand,139,1.39
subject101,hand,9,0.09
subject101,hand,43,0.43
subject101,hand,54,0.54
subject101,hand,9,0.09
subject101,hand,32,0.32
subject101,hand,128,1.28
subject101,hand,756,7.56
subject101,hand,99,0.99
subject101,hand,6066,60.66
subject101,hand,7665,76.65
subject101,chest,15818,158.18
subject101,chest,16127,161.27
subject101,chest,9415,94.15
subject101,chest,14719,147.19
subject101,chest,6490,64.9
subject101,chest,43,0.43
subject101,chest,17,0.17
subject101,chest,37,0.37
subject101,chest,2,0.02
subject101,chest,6187,61.87
subject101,chest,1916,19.16
subject101,chest,1148,11.48
subject101,chest,2148,21.48
subject101,chest,1158,11.58
subject101,chest,1,0.01
subject101,chest,1316,13.16
subject101,chest,3992,39.92
subject101,chest,6066,60.66
subject101,chest,3150,31.5
subject101,chest,178,1.78
subject101,chest,13,0.13
subject101,chest,8122,81.22
subject101,chest,1001,10.01
subject101,chest,46,0.46
subject101,chest,10403,104.03
subject101,chest,2370,23.7
subject101,chest,2,0.02
subject101,chest,2479,24.79
subject101,chest,169,1.69
subject101,chest,3247,32.47
subject101,chest,654,6.54
subject101,chest,109,1.09
subject101,chest,1837,18.37
subject101,chest,447,4.47
subject101,chest,3124,31.24
subject101,chest,835,8.35
subject101,chest,744,7.44
subject101,chest,1071,10.71
subject101,chest,520,5.2
subject101,chest,7200,72.0
subject101,chest,13335,133.35
subject101,chest,7399,73.99
subject101,chest,1987,19.87
subject101,chest,43,0.43
subject101,chest,1,0.01
subject101,chest,164,1.64
subject101,chest,1,0.01
subject101,chest,4,0.04
subject101,chest,1,0.01
subject101,chest,1,0.01
subject101,chest,2,0.02
subject101,chest,1,0.01
subject101,chest,1,0.01
subject101,chest,3,0.03
subject101,chest,62,0.62
subject101,chest,87,0.87
subject101,chest,12,0.12
subject101,chest,108,1.08
subject101,chest,1,0.01
subject101,chest,15431,154.31
subject101,chest,21917,219.17
subject101,chest,14510,145.1
subject101,chest,4,0.04
subject101,chest,537,5.37
subject101,chest,20,0.2
subject101,chest,339,3.39
subject101,chest,1186,11.86
subject101,chest,149,1.49
subject101,chest,17,0.17
subject101,chest,38,0.38
subject101,chest,18,0.18
subject101,chest,154,1.54
subject101,chest,221,2.21
subject101,chest,451,4.51
subject101,chest,40,0.4
subject101,chest,88,0.88
subject101,chest,32,0.32
subject101,chest,113,1.13
subject101,chest,102,1.02
subject101,chest,1,0.01
subject101,chest,100,1.0
subject101,chest,44,0.44
subject101,chest,27,0.27
subject101,chest,415,4.15
subject101,chest,31,0.31
subject101,chest,64,0.64
subject101,chest,25,0.25
subject101,chest,81,0.81
subject101,chest,4,0.04
subject101,chest,6,0.06
subject101,chest,276,2.76
subject101,chest,204,2.04
subject101,chest,146,1.46
subject101,chest,54,0.54
subject101,chest,2,0.02
subject101,chest,338,3.38
subject101,chest,180,1.8
subject101,chest,78,0.78
subject101,chest,21,0.21
subject101,chest,62,0.62
subject101,chest,27,0.27
subject101,chest,290,2.9
subject101,chest,172,1.72
subject101,chest,251,2.51
subject101,chest,757,7.57
subject101,chest,50,0.5
subject101,chest,85,0.85
subject101,chest,120,1.2
subject101,chest,11,0.11
subject101,chest,903,9.03
subject101,chest,198,1.98
subject101,chest,1,0.01
subject101,chest,50,0.5
subject101,chest,54,0.54
subject101,chest,121,1.21
subject101,chest,48,0.48
subject101,chest,41,0.41
subject101,chest,42,0.42
subject101,chest,16,0.16
subject101,chest,13,0.13
subject101,chest,4,0.04
subject101,chest,4,0.04
subject101,chest,4,0.04
subject101,chest,13,0.13
subject101,chest,65,0.65
subject101,chest,6,0.06
subject101,chest,2,0.02
subject101,chest,14,0.14
subject101,chest,36,0.36
subject101,chest,23,0.23
subject101,chest,22,0.22
subject101,chest,193,1.93
subject101,chest,147,1.47
subject101,chest,3,0.03
subject101,chest,42,0.42
subject101,chest,99,0.99
subject101,chest,6,0.06
subject101,chest,23,0.23
subject101,chest,83,0.83
subject101,chest,85,0.85
subject101,chest,83,0.83
subject101,chest,1,0.01
subject101,chest,111,1.11
subject101,chest,64,0.64
subject101,chest,3,0.03
subject101,chest,512,5.12
subject101,chest,48,0.48
subject101,chest,55,0.55
subject101,chest,11,0.11
subject101,chest,18,0.18
subject101,chest,3,0.03
subject101,chest,34,0.34
subject101,chest,66,0.66
subject101,chest,6,0.06
subject101,chest,2,0.02
subject101,chest,16,0.16
subject101,chest,4,0.04
subject101,chest,6,0.06
subject101,chest,35,0.35
subject101,chest,74,0.74
subject101,chest,2,0.02
subject101,chest,57,0.57
subject101,chest,1,0.01
subject101,chest,14,0.14
subject101,chest,41,0.41
subject101,chest,89,0.89
subject101,chest,109,1.09
subject101,chest,3,0.03
subject101,chest,43,0.43
subject101,chest,2,0.02
subject101,chest,9,0.09
subject101,chest,14,0.14
subject101,chest,11,0.11
subject101,chest,179,1.79
subject101,chest,83,0.83
subject101,chest,164,1.64
subject101,chest,102,1.02
subject101,chest,8,0.08
subject101,chest,81,0.81
subject101,chest,85,0.85
subject101,chest,80,0.8
subject101,chest,15,0.15
subject101,chest,162,1.62
subject101,chest,3522,35.22
subject101,chest,11,0.11
subject101,chest,217,2.17
subject101,chest,374,3.74
subject101,chest,172,1.72
subject101,chest,114,1.14
subject101,chest,175,1.75
subject101,chest,188,1.88
subject101,chest,29,0.29
subject101,chest,7,0.07
subject101,chest,62,0.62
subject101,chest,1194,11.94
subject101,chest,136,1.36
subject101,chest,2,0.02
subject101,chest,173,1.73
subject101,chest,4,0.04
subject101,chest,377,3.77
subject101,chest,99,0.99
subject101,chest,229,2.29
subject101,chest,920,9.2
subject101,chest,5509,55.09
subject101,chest,469,4.69
subject101,chest,624,6.24
subject101,chest,829,8.29
subject101,chest,2601,26.01
subject101,chest,178,1.78
subject101,chest,470,4.7
subject101,chest,43,0.43
subject101,chest,1713,17.13
subject101,chest,1244,12.44
subject101,chest,389,3.89
subject101,chest,415,4.15
subject101,chest,1043,10.43
subject101,chest,1000,10.0
subject101,chest,1238,12.38
subject101,chest,148,1.48
subject101,chest,386,3.86
subject101,chest,670,6.7
subject101,chest,103,1.03
subject101,chest,258,2.58
subject101,chest,237,2.37
subject101,chest,686,6.86
subject101,chest,910,9.1
subject101,chest,428,4.28
subject101,chest,1010,10.1
subject101,chest,2045,20.45
subject101,chest,381,3.81
subject101,chest,2006,20.06
subject101,chest,239,2.39
subject101,chest,351,3.51
subject101,chest,172,1.72
subject101,chest,3789,37.89
subject101,chest,7119,71.19
subject101,chest,17472,174.72
subject101,chest,5750,57.5
subject101,chest,959,9.59
subject101,chest,3,0.03
subject101,chest,3894,38.94
subject101,chest,1492,14.92
subject101,chest,1253,12.53
subject101,chest,5,0.05
subject101,chest,8,0.08
subject101,chest,657,6.57
subject101,chest,84,0.84
subject101,chest,633,6.33
subject101,chest,22,0.22
subject101,chest,168,1.68
subject101,chest,325,3.25
subject101,chest,61,0.61
subject101,chest,1936,19.36
subject101,chest,64,0.64
subject101,chest,156,1.56
subject101,chest,176,1.76
subject101,chest,65,0.65
subject101,chest,1218,12.18
subject101,chest,489,4.89
subject101,chest,84,0.84
subject101,chest,2927,29.27
subject101,chest,172,1.72
subject101,chest,17,0.17
subject101,chest,56,0.56
subject101,chest,101,1.01
subject101,chest,77,0.77
subject101,chest,305,3.05
subject101,chest,16,0.16
subject101,chest,5,0.05
subject101,chest,132,1.32
subject101,chest,7,0.07
subject101,chest,69,0.69
subject101,chest,84,0.84
subject101,chest,5,0.05
subject101,chest,71,0.71
subject101,chest,404,4.04
subject101,chest,17,0.17
subject101,chest,57,0.57
subject101,chest,83,0.83
subject101,chest,91,0.91
subject101,chest,639,6.39
subject101,chest,78,0.78
subject101,chest,1062,10.62
subject101,chest,16,0.16
subject101,chest,78,0.78
subject101,chest,1,0.01
subject101,chest,3,0.03
subject101,chest,624,6.24
subject101,chest,247,2.47
subject101,chest,239,2.39
subject101,chest,727,7.27
subject101,chest,1217,12.17
subject101,chest,1194,11.94
subject101,chest,6588,65.88
subject101,chest,2,0.02
subject101,chest,618,6.18
subject101,chest,23,0.23
subject101,chest,7302,73.02
subject101,chest,4080,40.8
subject101,chest,1815,18.15
subject101,chest,430,4.3
subject101,chest,7804,78.04
subject101,chest,3441,34.41
subject101,chest,3138,31.38
subject101,chest,1376,13.76
subject101,chest,1040,10.4
subject101,ankle,3,0.03
subject101,ankle,4385,43.85
subject101,ankle,12426,124.26
subject101,ankle,3,0.03
subject101,ankle,2607,26.07
subject101,ankle,187,1.87
subject101,ankle,22577,225.77
subject101,ankle,6799,67.99
subject101,ankle,180,1.8
subject101,ankle,1,0.01
subject101,ankle,1,0.01
subject101,ankle,2,0.02
subject101,ankle,95,0.95
subject101,ankle,167,1.67
subject101,ankle,1,0.01
subject101,ankle,2325,23.25
subject101,ankle,3818,38.18
subject101,ankle,949,9.49
subject101,ankle,41,0.41
subject101,ankle,59,0.59
subject101,ankle,851,8.51
subject101,ankle,279,2.79
subject101,ankle,364,3.64
subject101,ankle,8366,83.66
subject101,ankle,1424,14.24
subject101,ankle,309,3.09
subject101,ankle,2908,29.08
subject101,ankle,2886,28.86
subject101,ankle,126,1.26
subject101,ankle,1,0.01
subject101,ankle,554,5.54
subject101,ankle,21,0.21
subject101,ankle,4022,40.22
subject101,ankle,1267,12.67
subject101,ankle,1483,14.83
subject101,ankle,4233,42.33
subject101,ankle,2,0.02
subject101,ankle,271,2.71
subject101,ankle,237,2.37
subject101,ankle,5483,54.83
subject101,ankle,4340,43.4
subject101,ankle,4548,45.48
subject101,ankle,3688,36.88
subject101,ankle,178,1.78
subject101,ankle,48,0.48
subject101,ankle,14,0.14
subject101,ankle,677,6.77
subject101,ankle,3022,30.22
subject101,ankle,1444,14.44
subject101,ankle,2072,20.72
subject101,ankle,702,7.02
subject101,ankle,1671,16.71
subject101,ankle,385,3.85
subject101,ankle,605,6.05
subject101,ankle,1655,16.55
subject101,ankle,911,9.11
subject101,ankle,329,3.29
subject101,ankle,1511,15.11
subject101,ankle,818,8.18
subject101,ankle,3,0.03
subject101,ankle,152,1.52
subject101,ankle,1373,13.73
subject101,ankle,655,6.55
subject101,ankle,992,9.92
subject101,ankle,277,2.77
subject101,ankle,1315,13.15
subject101,ankle,157,1.57
subject101,ankle,289,2.89
subject101,ankle,1922,19.22
subject101,ankle,3025,30.25
subject101,ankle,1,0.01
subject101,ankle,1740,17.4
subject101,ankle,1566,15.66
subject101,ankle,4679,46.79
subject101,ankle,1455,14.55
subject101,ankle,3009,30.09
subject101,ankle,22976,229.76
subject101,ankle,902,9.02
subject101,ankle,1,0.01
subject101,ankle,1,0.01
subject101,ankle,504,5.04
subject101,ankle,9847,98.47
subject101,ankle,3884,38.84
subject101,ankle,1046,10.46
subject101,ankle,1740,17.4
subject101,ankle,4021,40.21
subject101,ankle,1608,16.08
subject101,ankle,1771,17.71
subject101,ankle,2116,21.16
subject101,ankle,1584,15.84
subject101,ankle,4185,41.85
subject101,ankle,2801,28.01
subject101,ankle,580,5.8
subject101,ankle,4376,43.76
subject101,ankle,553,5.53
subject101,ankle,194,1.94
subject101,ankle,2662,26.62
subject101,ankle,530,5.3
subject101,ankle,144,1.44
subject101,ankle,34,0.34
subject101,ankle,849,8.49
subject101,ankle,13,0.13
subject101,ankle,115,1.15
subject101,ankle,103,1.03
subject101,ankle,155,1.55
subject101,ankle,192,1.92
subject101,ankle,4,0.04
subject101,ankle,218,2.18
subject101,ankle,247,2.47
subject101,ankle,348,3.48
subject101,ankle,383,3.83
subject101,ankle,80,0.8
subject101,ankle,629,6.29
subject101,ankle,444,4.44
subject101,ankle,467,4.67
subject101,ankle,32,0.32
subject101,ankle,1,0.01
subject101,ankle,322,3.22
subject101,ankle,358,3.58
subject101,ankle,259,2.59
subject101,ankle,514,5.14
subject101,ankle,1025,10.25
subject101,ankle,115,1.15
subject101,ankle,351,3.51
subject101,ankle,136,1.36
subject101,ankle,375,3.75
subject101,ankle,878,8.78
subject101,ankle,518,5.18
subject101,ankle,31,0.31
subject101,ankle,119,1.19
subject101,ankle,190,1.9
subject101,ankle,47,0.47
subject101,ankle,341,3.41
subject101,ankle,349,3.49
subject101,ankle,93,0.93
subject101,ankle,338,3.38
subject101,ankle,11,0.11
subject101,ankle,108,1.08
subject101,ankle,26,0.26
subject101,ankle,335,3.35
subject101,ankle,1,0.01
subject101,ankle,938,9.38
subject101,ankle,277,2.77
subject101,ankle,201,2.01
subject101,ankle,568,5.68
subject101,ankle,74,0.74
subject101,ankle,737,7.37
subject101,ankle,352,3.52
subject101,ankle,9,0.09
subject101,ankle,944,9.44
subject101,ankle,1231,12.31
subject101,ankle,238,2.38
subject101,ankle,34,0.34
subject101,ankle,206,2.06
subject101,ankle,26,0.26
subject101,ankle,207,2.07
subject101,ankle,1682,16.82
subject101,ankle,562,5.62
subject101,ankle,2397,23.97
subject101,ankle,633,6.33
subject101,ankle,27,0.27
subject101,ankle,1155,11.55
subject101,ankle,41,0.41
subject101,ankle,1,0.01
subject101,ankle,30,0.3
subject101,ankle,85,0.85
subject101,ankle,430,4.3
subject101,ankle,82,0.82
subject101,ankle,2629,26.29
subject101,ankle,1,0.01
subject101,ankle,1,0.01
subject101,ankle,25,0.25
subject101,ankle,1553,15.53
subject101,ankle,4,0.04
subject101,ankle,441,4.41
subject101,ankle,31,0.31
subject101,ankle,196,1.96
subject101,ankle,217,2.17
subject101,ankle,292,2.92
subject101,ankle,16,0.16
subject101,ankle,98,0.98
subject101,ankle,241,2.41
subject101,ankle,66,0.66
subject101,ankle,4,0.04
subject101,ankle,47,0.47
subject101,ankle,218,2.18
subject101,ankle,691,6.91
subject101,ankle,242,2.42
subject101,ankle,33,0.33
subject101,ankle,360,3.6
subject101,ankle,267,2.67
subject101,ankle,174,1.74
subject101,ankle,736,7.36
subject101,ankle,1,0.01
subject101,ankle,849,8.49
subject101,ankle,31,0.31
subject101,ankle,111,1.11
subject101,ankle,366,3.66
subject101,ankle,805,8.05
subject101,ankle,125,1.25
subject101,ankle,13,0.13
subject101,ankle,138,1.38
subject101,ankle,81,0.81
subject101,ankle,37,0.37
subject101,ankle,280,2.8
subject101,ankle,336,3.36
subject101,ankle,22,0.22
subject101,ankle,1,0.01
subject101,ankle,446,4.46
subject101,ankle,98,0.98
subject101,ankle,1144,11.44
subject101,ankle,14,0.14
subject101,ankle,537,5.37
subject101,ankle,121,1.21
subject101,ankle,367,3.67
subject101,ankle,242,2.42
subject101,ankle,17,0.17
subject101,ankle,58,0.58
subject101,ankle,170,1.7
subject101,ankle,622,6.22
subject101,ankle,54,0.54
subject101,ankle,194,1.94
subject101,ankle,360,3.6
subject101,ankle,121,1.21
subject101,ankle,151,1.51
subject101,ankle,1450,14.5
subject101,ankle,15,0.15
subject101,ankle,121,1.21
subject101,ankle,245,2.45
subject101,ankle,654,6.54
subject101,ankle,234,2.34
subject101,ankle,300,3.0
subject101,ankle,728,7.28
subject101,ankle,1155,11.55
subject101,ankle,5,0.05
subject101,ankle,14,0.14
subject101,ankle,48,0.48
subject101,ankle,278,2.78
subject101,ankle,483,4.83
subject101,ankle,5,0.05
subject101,ankle,93,0.93
subject101,ankle,130,1.3
subject101,ankle,72,0.72
subject101,ankle,3,0.03
subject101,ankle,1091,10.91
subject101,ankle,270,2.7
subject101,ankle,4910,49.1
subject101,ankle,1320,13.2
subject101,ankle,67,0.67
subject101,ankle,387,3.87
subject101,ankle,176,1.76
subject101,ankle,1,0.01
subject101,ankle,2,0.02
subject101,ankle,2885,28.85
subject101,ankle,422,4.22
subject101,ankle,220,2.2
subject101,ankle,161,1.61
subject101,ankle,157,1.57
subject101,ankle,394,3.94
subject101,ankle,1818,18.18
subject101,ankle,1897,18.97
subject101,ankle,220,2.2
subject101,ankle,903,9.03
subject101,ankle,1620,16.2
subject101,ankle,510,5.1
subject101,ankle,651,6.51
subject101,ankle,1208,12.08
subject101,ankle,841,8.41
subject101,ankle,208,2.08
subject101,ankle,252,2.52
subject101,ankle,568,5.68
subject101,ankle,119,1.19
subject101,ankle,37,0.37
subject101,ankle,379,3.79
subject101,ankle,966,9.66
subject101,ankle,293,2.93
subject101,ankle,122,1.22
subject101,ankle,2902,29.02
subject101,ankle,372,3.72
subject101,ankle,26,0.26
subject101,ankle,2524,25.24
subject101,ankle,379,3.79
subject101,ankle,563,5.63
subject101,ankle,302,3.02
subject101,ankle,1,0.01
subject101,ankle,4848,48.48
subject101,ankle,3043,30.43
subject101,ankle,1796,17.96
subject101,ankle,100,1.0
subject101,ankle,143,1.43
subject101,ankle,18,0.18
subject101,ankle,71,0.71
subject101,ankle,5,0.05
subject101,ankle,22,0.22
subject101,ankle,56,0.56
subject101,ankle,69,0.69
subject101,ankle,19,0.19
subject101,ankle,1,0.01
subject101,ankle,142,1.42
subject101,ankle,10,0.1
subject101,ankle,25,0.25
subject101,ankle,61,0.61
subject101,ankle,65,0.65
subject101,ankle,18,0.18
subject101,ankle,80,0.8
subject101,ankle,104,1.04
subject101,ankle,57,0.57
subject101,ankle,60,0.6
subject101,ankle,20,0.2
subject101,ankle,9,0.09
subject101,ankle,131,1.31
subject101,ankle,3,0.03
subject101,ankle,13,0.13
subject101,ankle,165,1.65
subject101,ankle,22,0.22
subject101,ankle,121,1.21
subject101,ankle,1,0.01
subject101,ankle,78,0.78
subject101,ankle,3,0.03
subject101,ankle,3,0.03
subject101,ankle,9,0.09
subject101,ankle,98,0.98
subject101,ankle,70,0.7
subject101,ankle,104,1.04
subject101,ankle,36,0.36
subject101,ankle,4,0.04
subject101,ankle,185,1.85
subject101,ankle,138,1.38
subject101,ankle,124,1.24
subject101,ankle,54,0.54
subject101,ankle,161,1.61
subject101,ankle,163,1.63
subject101,ankle,8,0.08
subject101,ankle,363,3.63
subject101,ankle,211,2.11
subject101,ankle,180,1.8
subject101,ankle,238,2.38
subject101,ankle,84,0.84
subject101,ankle,80,0.8
subject101,ankle,147,1.47
subject101,ankle,4,0.04
subject101,ankle,72,0.72
subject101,ankle,17,0.17
subject101,ankle,84,0.84
subject101,ankle,78,0.78
subject101,ankle,227,2.27
subject101,ankle,16,0.16
subject101,ankle,2,0.02
subject101,ankle,239,2.39
subject101,ankle,62,0.62
subject101,ankle,162,1.62
subject101,ankle,88,0.88
subject101,ankle,80,0.8
subject101,ankle,249,2.49
subject101,ankle,396,3.96
subject101,ankle,5,0.05
subject101,ankle,239,2.39
subject101,ankle,488,4.88
subject101,ankle,87,0.87
subject101,ankle,159,1.59
subject101,ankle,3,0.03
subject101,ankle,238,2.38
subject101,ankle,38,0.38
subject101,ankle,656,6.56
subject101,ankle,199,1.99
subject101,ankle,74,0.74
subject101,ankle,25,0.25
subject101,ankle,141,1.41
subject101,ankle,112,1.12
subject101,ankle,42,0.42
subject101,ankle,7,0.07
subject101,ankle,96,0.96
subject101,ankle,53,0.53
subject101,ankle,15,0.15
subject101,ankle,150,1.5
subject101,ankle,74,0.74
subject101,ankle,166,1.66
subject101,ankle,10,0.1
subject101,ankle,6,0.06
subject101,ankle,138,1.38
subject101,ankle,1,0.01
subject101,ankle,1,0.01
subject101,ankle,6,0.06
subject101,ankle,66,0.66
subject101,ankle,22,0.22
subject101,ankle,91,0.91
subject101,ankle,48,0.48
subject101,ankle,8,0.08
subject101,ankle,186,1.86
subject101,ankle,1,0.01
subject101,ankle,42,0.42
subject101,ankle,2,0.02
subject101,ankle,10,0.1
subject101,ankle,65,0.65
subject101,ankle,2,0.02
subject101,ankle,12,0.12
subject101,ankle,79,0.79
subject101,ankle,87,0.87
subject101,ankle,57,0.57
subject101,ankle,4,0.04
subject101,ankle,27,0.27
subject101,ankle,3,0.03
subject101,ankle,44,0.44
subject101,ankle,198,1.98
subject101,ankle,46,0.46
subject101,ankle,2,0.02
subject101,ankle,156,1.56
subject101,ankle,4,0.04
subject101,ankle,29,0.29
subject101,ankle,45,0.45
subject101,ankle,1,0.01
subject101,ankle,77,0.77
subject101,ankle,17,0.17
subject101,ankle,157,1.57
subject101,ankle,2,0.02
subject101,ankle,12,0.12
subject101,ankle,156,1.56
subject101,ankle,53,0.53
subject101,ankle,14,0.14
subject101,ankle,151,1.51
subject101,ankle,14,0.14
subject101,ankle,68,0.68
subject101,ankle,1,0.01
subject101,ankle,9,0.09
subject101,ankle,62,0.62
subject101,ankle,6,0.06
subject101,ankle,11,0.11
subject101,ankle,145,1.45
subject101,ankle,4,0.04
subject101,ankle,4,0.04
subject101,ankle,82,0.82
subject101,ankle,7,0.07
subject101,ankle,166,1.66
subject101,ankle,58,0.58
subject101,ankle,86,0.86
subject101,ankle,37,0.37
subject101,ankle,50,0.5
subject101,ankle,65,0.65
subject101,ankle,1,0.01
subject101,ankle,6,0.06
subject101,ankle,70,0.7
subject101,ankle,17,0.17
subject101,ankle,59,0.59
subject101,ankle,14,0.14
subject101,ankle,11,0.11
subject101,ankle,61,0.61
subject101,ankle,13,0.13
subject101,ankle,72,0.72
subject101,ankle,304,3.04
subject101,ankle,8,0.08
subject101,ankle,21,0.21
subject101,ankle,161,1.61
subject101,ankle,3,0.03
subject101,ankle,46,0.46
subject101,ankle,89,0.89
subject101,ankle,76,0.76
subject101,ankle,2,0.02
subject101,ankle,4,0.04
subject101,ankle,311,3.11
subject101,ankle,3,0.03
subject101,ankle,255,2.55
subject101,ankle,163,1.63
subject101,ankle,1201,12.01
subject101,ankle,99,0.99
subject101,ankle,84,0.84
subject101,ankle,11,0.11
subject101,ankle,46,0.46
subject101,ankle,77,0.77
subject101,ankle,90,0.9
subject101,ankle,73,0.73
subject101,ankle,15,0.15
subject101,ankle,52,0.52
subject101,ankle,80,0.8
subject101,ankle,32,0.32
subject101,ankle,50,0.5
subject101,ankle,17,0.17
subject101,ankle,133,1.33
subject101,ankle,79,0.79
subject101,ankle,5,0.05
subject101,ankle,75,0.75
subject101,ankle,100,1.0
subject101,ankle,75,0.75
subject101,ankle,56,0.56
subject101,ankle,24,0.24
subject101,ankle,70,0.7
subject101,ankle,13,0.13
subject101,ankle,2,0.02
subject101,ankle,56,0.56
subject101,ankle,326,3.26
subject101,ankle,137,1.37
subject101,ankle,71,0.71
subject101,ankle,165,1.65
subject101,ankle,19,0.19
subject101,ankle,136,1.36
subject101,ankle,82,0.82
subject101,ankle,93,0.93
subject101,ankle,66,0.66
subject101,ankle,882,8.82
subject101,ankle,480,4.8
subject101,ankle,44,0.44
subject101,ankle,35,0.35
subject101,ankle,2680,26.8
subject101,ankle,487,4.87
subject101,ankle,64,0.64
subject101,ankle,1127,11.27
subject101,ankle,174,1.74
subject101,ankle,4325,43.25
subject101,ankle,402,4.02
subject101,ankle,19,0.19
subject101,ankle,78,0.78
subject101,ankle,303,3.03
subject101,ankle,132,1.32
subject101,ankle,279,2.79
subject101,ankle,446,4.46
subject101,ankle,15,0.15
subject101,ankle,19,0.19
subject101,ankle,51,0.51
subject101,ankle,23,0.23
subject101,ankle,6,0.06
subject101,ankle,96,0.96
subject101,ankle,14,0.14
subject101,ankle,93,0.93
subject101,ankle,33,0.33
subject101,ankle,195,1.95
subject101,ankle,38,0.38
subject101,ankle,826,8.26
subject101,ankle,126,1.26
subject101,ankle,109,1.09
subject101,ankle,8,0.08
subject101,ankle,9,0.09
subject101,ankle,133,1.33
subject101,ankle,112,1.12
subject101,ankle,136,1.36
subject101,ankle,247,2.47
subject101,ankle,6,0.06
subject101,ankle,215,2.15
subject101,ankle,29,0.29
subject101,ankle,17,0.17
subject101,ankle,9,0.09
subject101,ankle,77,0.77
subject101,ankle,11,0.11
subject101,ankle,11,0.11
subject101,ankle,26,0.26
subject101,ankle,12,0.12
subject101,ankle,6,0.06
subject101,ankle,2333,23.33
subject101,ankle,72,0.72
subject101,ankle,21,0.21
subject101,ankle,31,0.31
subject101,ankle,11,0.11
subject101,ankle,5,0.05
subject101,ankle,136,1.36
subject101,ankle,24,0.24
subject101,ankle,246,2.46
subject101,ankle,40,0.4
subject101,ankle,33,0.33
subject101,ankle,66,0.66
subject101,ankle,20,0.2
subject101,ankle,13,0.13
subject101,ankle,8,0.08
subject101,ankle,213,2.13
subject101,ankle,5,0.05
subject101,ankle,28,0.28
subject101,ankle,7,0.07
subject101,ankle,1,0.01
subject101,ankle,94,0.94
subject101,ankle,10,0.1
subject101,ankle,77,0.77
subject101,ankle,79,0.79
subject101,ankle,37,0.37
subject101,ankle,87,0.87
subject101,ankle,100,1.0
subject101,ankle,12,0.12
subject101,ankle,177,1.77
subject101,ankle,52,0.52
subject101,ankle,102,1.02
subject101,ankle,62,0.62
subject101,ankle,91,0.91
subject101,ankle,3,0.03
subject101,ankle,26,0.26
subject101,ankle,75,0.75
subject101,ankle,117,1.17
subject101,ankle,336,3.36
subject101,ankle,93,0.93
subject101,ankle,43,0.43
subject101,ankle,231,2.31
subject101,ankle,1,0.01
subject101,ankle,70,0.7
subject101,ankle,62,0.62
subject101,ankle,113,1.13
subject101,ankle,145,1.45
subject101,ankle,24,0.24
subject101,ankle,3,0.03
subject101,ankle,7,0.07
subject101,ankle,8,0.08
subject101,ankle,48,0.48
subject101,ankle,25,0.25
subject101,ankle,20,0.2
subject101,ankle,46,0.46
subject101,ankle,163,1.63
subject101,ankle,30,0.3
subject101,ankle,24,0.24
subject101,ankle,146,1.46
subject101,ankle,17,0.17
subject101,ankle,115,1.15
subject101,ankle,29,0.29
subject101,ankle,37,0.37
subject101,ankle,65,0.65
subject101,ankle,169,1.69
subject101,ankle,41,0.41
subject101,ankle,24,0.24
subject101,ankle,24,0.24
subject101,ankle,2,0.02
subject101,ankle,48,0.48
subject101,ankle,150,1.5
subject101,ankle,38,0.38
subject101,ankle,39,0.39
subject101,ankle,5,0.05
subject101,ankle,44,0.44
subject101,ankle,56,0.56
subject101,ankle,44,0.44
subject101,ankle,18,0.18
subject101,ankle,4,0.04
subject101,ankle,93,0.93
subject101,ankle,14,0.14
subject101,ankle,12,0.12
subject101,ankle,50,0.5
subject101,ankle,2,0.02
subject101,ankle,40,0.4
subject101,ankle,36,0.36
subject101,ankle,7,0.07
subject101,ankle,17,0.17
subject101,ankle,1,0.01
subject101,ankle,17,0.17
subject101,ankle,21,0.21
subject101,ankle,26,0.26
subject101,ankle,104,1.04
subject101,ankle,12,0.12
subject101,ankle,30,0.3
subject101,ankle,32,0.32
subject101,ankle,9,0.09
subject101,ankle,2,0.02
subject101,ankle,8,0.08
subject101,ankle,45,0.45
subject101,ankle,7,0.07
subject101,ankle,35,0.35
subject101,ankle,7,0.07
subject101,ankle,6,0.06
subject101,ankle,7,0.07
subject101,ankle,11,0.11
subject101,ankle,5,0.05
subject101,ankle,1,0.01
subject101,ankle,57,0.57
subject101,ankle,160,1.6
subject101,ankle,48,0.48
subject101,ankle,75,0.75
subject101,ankle,7,0.07
subject101,ankle,15,0.15
subject101,ankle,14,0.14
subject101,ankle,10,0.1
subject101,ankle,55,0.55
subject101,ankle,30,0.3
subject101,ankle,38,0.38
subject101,ankle,13,0.13
subject101,ankle,75,0.75
subject101,ankle,20,0.2
subject101,ankle,9,0.09
subject101,ankle,3,0.03
subject101,ankle,33,0.33
subject101,ankle,23,0.23
subject101,ankle,37,0.37
subject101,ankle,4,0.04
subject101,ankle,9,0.09
subject101,ankle,7,0.07
subject101,ankle,44,0.44
subject101,ankle,8,0.08
subject101,ankle,87,0.87
subject101,ankle,8,0.08
subject101,ankle,3,0.03
subject101,ankle,2,0.02
subject101,ankle,18,0.18
subject101,ankle,5,0.05
subject101,ankle,9,0.09
subject101,ankle,100,1.0
subject101,ankle,27,0.27
subject101,ankle,3,0.03
subject101,ankle,7,0.07
subject101,ankle,33,0.33
subject101,ankle,66,0.66
subject101,ankle,17,0.17
subject101,ankle,9,0.09
subject101,ankle,20,0.2
subject101,ankle,18,0.18
subject101,ankle,2,0.02
subject101,ankle,16,0.16
subject101,ankle,5,0.05
subject101,ankle,21,0.21
subject101,ankle,4,0.04
subject101,ankle,11,0.11
subject101,ankle,1,0.01
subject101,ankle,47,0.47
subject101,ankle,2,0.02
subject101,ankle,68,0.68
subject101,ankle,52,0.52
subject101,ankle,17,0.17
subject101,ankle,6,0.06
subject101,ankle,84,0.84
subject101,ankle,82,0.82
subject101,ankle,69,0.69
subject101,ankle,9,0.09
subject101,ankle,20,0.2
subject101,ankle,39,0.39
subject101,ankle,41,0.41
subject101,ankle,38,0.38
subject101,ankle,10,0.1
subject101,ankle,25,0.25
subject101,ankle,145,1.45
subject101,ankle,18,0.18
subject101,ankle,65,0.65
subject101,ankle,4,0.04
subject101,ankle,94,0.94
subject101,ankle,1,0.01
subject101,ankle,31,0.31
subject101,ankle,4,0.04
subject101,ankle,88,0.88
subject101,ankle,129,1.29
subject101,ankle,44,0.44
subject101,ankle,2,0.02
subject101,ankle,23,0.23
subject101,ankle,12,0.12
subject101,ankle,66,0.66
subject101,ankle,9,0.09
subject101,ankle,161,1.61
subject101,ankle,7,0.07
subject101,ankle,40,0.4
subject101,ankle,41,0.41
subject101,ankle,11,0.11
subject101,ankle,31,0.31
subject101,ankle,16,0.16
subject101,ankle,14,0.14
subject101,ankle,9,0.09
subject101,ankle,46,0.46
subject101,ankle,46,0.46
subject101,ankle,7,0.07
subject101,ankle,5,0.05
subject101,ankle,10,0.1
subject101,ankle,100,1.0
subject101,ankle,24,0.24
subject101,ankle,5,0.05
subject101,ankle,7,0.07
subject101,ankle,32,0.32
subject101,ankle,12,0.12
subject101,ankle,45,0.45
subject101,ankle,8,0.08
subject101,ankle,19,0.19
subject101,ankle,13,0.13
subject101,ankle,15,0.15
subject101,ankle,9,0.09
subject101,ankle,12,0.12
subject101,ankle,18,0.18
subject101,ankle,8,0.08
subject101,ankle,36,0.36
subject101,ankle,44,0.44
subject101,ankle,3,0.03
subject101,ankle,33,0.33
subject101,ankle,14,0.14
subject101,ankle,23,0.23
subject101,ankle,42,0.42
subject101,ankle,20,0.2
subject101,ankle,9,0.09
subject101,ankle,85,0.85
subject101,ankle,114,1.14
subject101,ankle,80,0.8
subject101,ankle,5,0.05
subject101,ankle,11,0.11
subject101,ankle,7,0.07
subject101,ankle,10,0.1
subject101,ankle,24,0.24
subject101,ankle,57,0.57
subject101,ankle,1,0.01
subject101,ankle,20,0.2
subject101,ankle,29,0.29
subject101,ankle,3,0.03
subject101,ankle,1,0.01
subject101,ankle,68,0.68
subject101,ankle,1,0.01
subject101,ankle,22,0.22
subject101,ankle,48,0.48
subject101,ankle,23,0.23
subject101,ankle,51,0.51
subject101,ankle,23,0.23
subject101,ankle,17,0.17
subject101,ankle,36,0.36
subject101,ankle,6,0.06
subject101,ankle,4,0.04
subject101,ankle,9,0.09
subject101,ankle,35,0.35
subject101,ankle,5,0.05
subject101,ankle,46,0.46
subject101,ankle,29,0.29
subject101,ankle,101,1.01
subject101,ankle,14,0.14
subject101,ankle,4,0.04
subject101,ankle,29,0.29
subject101,ankle,55,0.55
subject101,ankle,25,0.25
subject101,ankle,20,0.2
subject101,ankle,28,0.28
subject101,ankle,8,0.08
subject101,ankle,12,0.12
subject101,ankle,34,0.34
subject101,ankle,13,0.13
subject101,ankle,19,0.19
subject101,ankle,34,0.34
subject101,ankle,3,0.03
subject101,ankle,20,0.2
subject101,ankle,8,0.08
subject101,ankle,31,0.31
subject101,ankle,29,0.29
subject101,ankle,7,0.07
subject101,ankle,3,0.03
subject101,ankle,77,0.77
subject101,ankle,7,0.07
subject101,ankle,19,0.19
subject101,ankle,18,0.18
subject101,ankle,77,0.77
subject101,ankle,4,0.04
subject101,ankle,2,0.02
subject101,ankle,41,0.41
subject101,ankle,21,0.21
subject101,ankle,20,0.2
subject101,ankle,48,0.48
subject101,ankle,12,0.12
subject101,ankle,11,0.11
subject101,ankle,21,0.21
subject101,ankle,2,0.02
subject101,ankle,1,0.01
subject101,ankle,79,0.79
subject101,ankle,4,0.04
subject101,ankle,27,0.27
subject101,ankle,7,0.07
subject101,ankle,26,0.26
subject101,ankle,3,0.03
subject101,ankle,53,0.53
subject101,ankle,33,0.33
subject101,ankle,9,0.09
subject101,ankle,5,0.05
subject101,ankle,89,0.89
subject101,ankle,4,0.04
subject101,ankle,1,0.01
subject101,ankle,74,0.74
subject101,ankle,10,0.1
subject101,ankle,14,0.14
subject101,ankle,6,0.06
subject101,ankle,15,0.15
subject101,ankle,37,0.37
subject101,ankle,203,2.03
subject101,ankle,686,6.86
subject101,ankle,92,0.92
subject101,ankle,151,1.51
subject101,ankle,57,0.57
subject101,ankle,289,2.89
subject101,ankle,33,0.33
subject101,ankle,97,0.97
subject101,ankle,65,0.65
subject101,ankle,69,0.69
subject101,ankle,368,3.68
subject101,ankle,5,0.05
subject101,ankle,3,0.03
subject101,ankle,124,1.24
subject101,ankle,912,9.12
subject101,ankle,7,0.07
subject101,ankle,142,1.42
subject101,ankle,1,0.01
subject101,ankle,92,0.92
subject101,ankle,1026,10.26
subject101,ankle,331,3.31
subject101,ankle,22,0.22
subject101,ankle,31,0.31
subject101,ankle,101,1.01
subject101,ankle,479,4.79
subject101,ankle,558,5.58
subject101,ankle,545,5.45
subject101,ankle,193,1.93
subject101,ankle,107,1.07
subject101,ankle,507,5.07
subject101,ankle,2260,22.6
subject101,ankle,58,0.58
subject101,ankle,56,0.56
subject101,ankle,437,4.37
subject101,ankle,18,0.18
subject101,ankle,43,0.43
subject101,ankle,31,0.31
subject101,ankle,1244,12.44
subject101,ankle,16,0.16
subject101,ankle,316,3.16
subject101,ankle,84,0.84
subject101,ankle,199,1.99
subject101,ankle,134,1.34
subject102,hand,22436,224.36
subject102,hand,6809,68.09
subject102,hand,4835,48.35
subject102,hand,19732,197.32
subject102,hand,588,5.88
subject102,hand,13665,136.65
subject102,hand,20438,204.38
subject102,hand,1463,14.63
subject102,hand,4812,48.12
subject102,hand,2884,28.84
subject102,hand,2011,20.11
subject102,hand,2612,26.12
subject102,hand,8746,87.46
subject102,hand,606,6.06
subject102,hand,1017,10.17
subject102,hand,209,2.09
subject102,hand,1672,16.72
subject102,hand,4083,40.83
subject102,hand,7458,74.58
subject102,hand,7859,78.59
subject102,hand,15880,158.8
subject102,hand,4681,46.81
subject102,hand,8948,89.48
subject102,hand,35,0.35
subject102,hand,10385,103.85
subject102,hand,10971,109.71
subject102,hand,58,0.58
subject102,hand,998,9.98
subject102,hand,857,8.57
subject102,hand,8732,87.32
subject102,hand,152,1.52
subject102,hand,6041,60.41
subject102,hand,1035,10.35
subject102,hand,1516,15.16
subject102,hand,136,1.36
subject102,hand,1698,16.98
subject102,hand,27,0.27
subject102,hand,660,6.6
subject102,hand,124,1.24
subject102,hand,7,0.07
subject102,hand,1882,18.82
subject102,hand,433,4.33
subject102,hand,1808,18.08
subject102,hand,390,3.9
subject102,hand,1759,17.59
subject102,hand,79,0.79
subject102,hand,270,2.7
subject102,hand,28,0.28
subject102,hand,171,1.71
subject102,hand,1249,12.49
subject102,hand,612,6.12
subject102,hand,90,0.9
subject102,hand,2147,21.47
subject102,hand,1972,19.72
subject102,hand,789,7.89
subject102,hand,10,0.1
subject102,hand,474,4.74
subject102,hand,210,2.1
subject102,hand,663,6.63
subject102,hand,1622,16.22
subject102,hand,193,1.93
subject102,hand,160,1.6
subject102,hand,50,0.5
subject102,hand,19,0.19
subject102,hand,32,0.32
subject102,hand,250,2.5
subject102,hand,372,3.72
subject102,hand,3444,34.44
subject102,hand,444,4.44
subject102,hand,19,0.19
subject102,hand,1531,15.31
subject102,hand,1836,18.36
subject102,hand,106,1.06
subject102,hand,5,0.05
subject102,hand,105,1.05
subject102,hand,3,0.03
subject102,hand,11,0.11
subject102,hand,7,0.07
subject102,hand,878,8.78
subject102,hand,12291,122.91
subject102,hand,927,9.27
subject102,hand,5728,57.28
subject102,hand,822,8.22
subject102,hand,7309,73.09
subject102,hand,677,6.77
subject102,hand,1780,17.8
subject102,hand,4524,45.24
subject102,hand,1,0.01
subject102,hand,1119,11.19
subject102,hand,125,1.25
subject102,hand,20,0.2
subject102,hand,77,0.77
subject102,hand,11,0.11
subject102,hand,114,1.14
subject102,hand,108,1.08
subject102,hand,3469,34.69
subject102,hand,11,0.11
subject102,hand,1,0.01
subject102,hand,79,0.79
subject102,hand,2,0.02
subject102,hand,5,0.05
subject102,hand,6,0.06
subject102,hand,4,0.04
subject102,hand,1,0.01
subject102,hand,5,0.05
subject102,hand,2,0.02
subject102,hand,5,0.05
subject102,hand,45,0.45
subject102,hand,3,0.03
subject102,hand,4,0.04
subject102,hand,2,0.02
subject102,hand,10,0.1
subject102,hand,1,0.01
subject102,hand,3,0.03
subject102,hand,15,0.15
subject102,hand,46,0.46
subject102,hand,232,2.32
subject102,hand,145,1.45
subject102,hand,1,0.01
subject102,hand,92,0.92
subject102,hand,1,0.01
subject102,hand,13,0.13
subject102,hand,1,0.01
subject102,hand,1,0.01
subject102,hand,79,0.79
subject102,hand,82,0.82
subject102,hand,16,0.16
subject102,hand,27,0.27
subject102,hand,82,0.82
subject102,hand,35,0.35
subject102,hand,155,1.55
subject102,hand,3,0.03
subject102,hand,2,0.02
subject102,hand,17,0.17
subject102,hand,6,0.06
subject102,hand,22,0.22
subject102,hand,50,0.5
subject102,hand,12,0.12
subject102,hand,1,0.01
subject102,hand,94,0.94
subject102,hand,9,0.09
subject102,hand,18,0.18
subject102,hand,2,0.02
subject102,hand,70,0.7
subject102,hand,10,0.1
subject102,hand,107,1.07
subject102,hand,83,0.83
subject102,hand,108,1.08
subject102,hand,1,0.01
subject102,hand,8,0.08
subject102,hand,3,0.03
subject102,hand,2,0.02
subject102,hand,30,0.3
subject102,hand,49,0.49
subject102,hand,9,0.09
subject102,hand,4,0.04
subject102,hand,1,0.01
subject102,hand,1,0.01
subject102,hand,22,0.22
subject102,hand,9,0.09
subject102,hand,73,0.73
subject102,hand,10,0.1
subject102,hand,18,0.18
subject102,hand,9,0.09
subject102,hand,59,0.59
subject102,hand,25,0.25
subject102,hand,2,0.02
subject102,hand,12,0.12
subject102,hand,56,0.56
subject102,hand,3,0.03
subject102,hand,4,0.04
subject102,hand,2,0.02
subject102,hand,101,1.01
subject102,hand,1,0.01
subject102,hand,4,0.04
subject102,hand,439,4.39
subject102,hand,90,0.9
subject102,hand,19,0.19
subject102,hand,6,0.06
subject102,hand,162,1.62
subject102,hand,8,0.08
subject102,hand,4,0.04
subject102,hand,21,0.21
subject102,hand,33,0.33
subject102,hand,73,0.73
subject102,hand,2,0.02
subject102,hand,5,0.05
subject102,hand,196,1.96
subject102,hand,35,0.35
subject102,hand,180,1.8
subject102,hand,1,0.01
subject102,hand,21,0.21
subject102,hand,107,1.07
subject102,hand,83,0.83
subject102,hand,1,0.01
subject102,hand,218,2.18
subject102,hand,3,0.03
subject102,hand,13,0.13
subject102,hand,5,0.05
subject102,hand,22,0.22
subject102,hand,1,0.01
subject102,hand,3,0.03
subject102,hand,52,0.52
subject102,hand,4,0.04
subject102,hand,5,0.05
subject102,hand,2,0.02
subject102,hand,134,1.34
subject102,hand,12,0.12
subject102,hand,57,0.57
subject102,hand,6,0.06
subject102,hand,7,0.07
subject102,hand,5,0.05
subject102,hand,26,0.26
subject102,hand,1,0.01
subject102,hand,63,0.63
subject102,hand,19,0.19
subject102,hand,17,0.17
subject102,hand,2,0.02
subject102,hand,229,2.29
subject102,hand,56,0.56
subject102,hand,19,0.19
subject102,hand,9,0.09
subject102,hand,86,0.86
subject102,hand,702,7.02
subject102,hand,300,3.0
subject102,hand,208,2.08
subject102,hand,261,2.61
subject102,hand,197,1.97
subject102,hand,745,7.45
subject102,hand,42,0.42
subject102,hand,265,2.65
subject102,hand,151,1.51
subject102,hand,84,0.84
subject102,hand,7,0.07
subject102,hand,26,0.26
subject102,hand,67,0.67
subject102,hand,108,1.08
subject102,hand,5,0.05
subject102,hand,5,0.05
subject102,hand,6,0.06
subject102,hand,143,1.43
subject102,hand,63,0.63
subject102,hand,33,0.33
subject102,hand,83,0.83
subject102,hand,99,0.99
subject102,hand,4,0.04
subject102,hand,4,0.04
subject102,hand,6,0.06
subject102,hand,20,0.2
subject102,hand,184,1.84
subject102,hand,294,2.94
subject102,hand,134,1.34
subject102,hand,5,0.05
subject102,hand,79,0.79
subject102,hand,2,0.02
subject102,hand,3,0.03
subject102,hand,38,0.38
subject102,hand,51,0.51
subject102,hand,18,0.18
subject102,hand,239,2.39
subject102,hand,14,0.14
subject102,hand,49,0.49
subject102,hand,45,0.45
subject102,hand,88,0.88
subject102,hand,21,0.21
subject102,hand,57,0.57
subject102,hand,45,0.45
subject102,hand,14,0.14
subject102,hand,46,0.46
subject102,hand,9,0.09
subject102,hand,4,0.04
subject102,hand,12,0.12
subject102,hand,101,1.01
subject102,hand,2,0.02
subject102,hand,30,0.3
subject102,hand,2,0.02
subject102,hand,61,0.61
subject102,hand,22,0.22
subject102,hand,3,0.03
subject102,hand,209,2.09
subject102,hand,2,0.02
subject102,hand,175,1.75
subject102,hand,21,0.21
subject102,hand,4,0.04
subject102,hand,9,0.09
subject102,hand,2,0.02
subject102,hand,175,1.75
subject102,hand,1,0.01
subject102,hand,10,0.1
subject102,hand,106,1.06
subject102,hand,37,0.37
subject102,hand,71,0.71
subject102,hand,6,0.06
subject102,hand,15,0.15
subject102,hand,2,0.02
subject102,hand,62,0.62
subject102,hand,12,0.12
subject102,hand,29,0.29
subject102,hand,1,0.01
subject102,hand,284,2.84
subject102,hand,49,0.49
subject102,hand,57,0.57
subject102,hand,7,0.07
subject102,hand,16,0.16
subject102,hand,82,0.82
subject102,hand,5,0.05
subject102,hand,100,1.0
subject102,hand,108,1.08
subject102,hand,13,0.13
subject102,hand,33,0.33
subject102,hand,271,2.71
subject102,hand,47,0.47
subject102,hand,4,0.04
subject102,hand,86,0.86
subject102,hand,103,1.03
subject102,hand,7,0.07
subject102,hand,86,0.86
subject102,hand,26,0.26
subject102,hand,1,0.01
subject102,hand,75,0.75
subject102,hand,5,0.05
subject102,hand,2,0.02
subject102,hand,95,0.95
subject102,hand,8,0.08
subject102,hand,24,0.24
subject102,hand,103,1.03
subject102,hand,103,1.03
subject102,hand,65,0.65
subject102,hand,24,0.24
subject102,hand,89,0.89
subject102,hand,36,0.36
subject102,hand,281,2.81
subject102,hand,14,0.14
subject102,hand,135,1.35
subject102,hand,1028,10.28
subject102,hand,124,1.24
subject102,hand,742,7.42
subject102,hand,1,0.01
subject102,hand,93,0.93
subject102,hand,3,0.03
subject102,hand,7,0.07
subject102,hand,10,0.1
subject102,hand,7,0.07
subject102,hand,97,0.97
subject102,hand,22,0.22
subject102,hand,71,0.71
subject102,hand,36,0.36
subject102,hand,104,1.04
subject102,hand,78,0.78
subject102,hand,5,0.05
subject102,hand,118,1.18
subject102,hand,137,1.37
subject102,hand,50,0.5
subject102,hand,22,0.22
subject102,hand,79,0.79
subject102,hand,132,1.32
subject102,hand,217,2.17
subject102,hand,27,0.27
subject102,hand,20,0.2
subject102,hand,40,0.4
subject102,hand,235,2.35
subject102,hand,85,0.85
subject102,hand,224,2.24
subject102,hand,16,0.16
subject102,hand,10,0.1
subject102,hand,4,0.04
subject102,hand,83,0.83
subject102,hand,2,0.02
subject102,hand,2,0.02
subject102,hand,26,0.26
subject102,hand,54,0.54
subject102,hand,5,0.05
subject102,hand,1,0.01
subject102,hand,3,0.03
subject102,hand,1,0.01
subject102,hand,5,0.05
subject102,hand,1,0.01
subject102,hand,5,0.05
subject102,hand,2,0.02
subject102,hand,5,0.05
subject102,hand,9,0.09
subject102,hand,54,0.54
subject102,hand,6,0.06
subject102,hand,3,0.03
subject102,hand,9,0.09
subject102,hand,3,0.03
subject102,hand,5,0.05
subject102,hand,7,0.07
subject102,hand,65,0.65
subject102,hand,3,0.03
subject102,hand,4,0.04
subject102,hand,3,0.03
subject102,hand,14,0.14
subject102,hand,5,0.05
subject102,hand,2,0.02
subject102,hand,65,0.65
subject102,hand,7,0.07
subject102,hand,3,0.03
subject102,hand,12,0.12
subject102,hand,7,0.07
subject102,hand,69,0.69
subject102,hand,4,0.04
subject102,hand,4,0.04
subject102,hand,1,0.01
subject102,hand,85,0.85
subject102,hand,15,0.15
subject102,hand,15,0.15
subject102,hand,14,0.14
subject102,hand,56,0.56
subject102,hand,52,0.52
subject102,hand,2,0.02
subject102,hand,46,0.46
subject102,hand,6,0.06
subject102,hand,3,0.03
subject102,hand,6,0.06
subject102,hand,11,0.11
subject102,hand,5,0.05
subject102,hand,22,0.22
subject102,hand,65,0.65
subject102,hand,7,0.07
subject102,hand,22,0.22
subject102,hand,65,0.65
subject102,hand,6,0.06
subject102,hand,19,0.19
subject102,hand,7,0.07
subject102,hand,48,0.48
subject102,hand,19,0.19
subject102,hand,1,0.01
subject102,hand,6,0.06
subject102,hand,1,0.01
subject102,hand,19,0.19
subject102,hand,15,0.15
subject102,hand,41,0.41
subject102,hand,19,0.19
subject102,hand,3,0.03
subject102,hand,1,0.01
subject102,hand,6,0.06
subject102,hand,7,0.07
subject102,hand,2,0.02
subject102,hand,15,0.15
subject102,hand,38,0.38
subject102,hand,9,0.09
subject102,hand,1,0.01
subject102,hand,2,0.02
subject102,hand,5,0.05
subject102,hand,3,0.03
subject102,hand,11,0.11
subject102,hand,5,0.05
subject102,hand,1,0.01
subject102,hand,2,0.02
subject102,hand,83,0.83
subject102,hand,4,0.04
subject102,hand,5,0.05
subject102,hand,2,0.02
subject102,hand,1,0.01
subject102,hand,2,0.02
subject102,hand,2,0.02
subject102,hand,3,0.03
subject102,hand,7,0.07
subject102,hand,69,0.69
subject102,hand,96,0.96
subject102,hand,14,0.14
subject102,hand,87,0.87
subject102,hand,33,0.33
subject102,hand,9,0.09
subject102,hand,2,0.02
subject102,hand,58,0.58
subject102,hand,19,0.19
subject102,hand,1,0.01
subject102,hand,142,1.42
subject102,hand,62,0.62
subject102,hand,9,0.09
subject102,hand,4,0.04
subject102,hand,87,0.87
subject102,hand,2,0.02
subject102,hand,5,0.05
subject102,hand,8,0.08
subject102,hand,99,0.99
subject102,hand,2,0.02
subject102,hand,12,0.12
subject102,hand,17,0.17
subject102,hand,50,0.5
subject102,hand,42,0.42
subject102,hand,81,0.81
subject102,hand,11,0.11
subject102,hand,110,1.1
subject102,hand,21,0.21
subject102,hand,82,0.82
subject102,hand,4,0.04
subject102,hand,4,0.04
subject102,hand,80,0.8
subject102,hand,1,0.01
subject102,hand,2,0.02
subject102,hand,11,0.11
subject102,hand,118,1.18
subject102,hand,63,0.63
subject102,hand,33,0.33
subject102,hand,23,0.23
subject102,hand,67,0.67
subject102,hand,202,2.02
subject102,hand,8,0.08
subject102,hand,12,0.12
subject102,hand,23,0.23
subject102,hand,185,1.85
subject102,hand,117,1.17
subject102,hand,6,0.06
subject102,hand,111,1.11
subject102,hand,68,0.68
subject102,hand,47,0.47
subject102,hand,75,0.75
subject102,hand,7,0.07
subject102,hand,27,0.27
subject102,hand,620,6.2
subject102,hand,283,2.83
subject102,hand,466,4.66
subject102,hand,300,3.0
subject102,hand,120,1.2
subject102,hand,1,0.01
subject102,hand,120,1.2
subject102,hand,70,0.7
subject102,hand,263,2.63
subject102,hand,63,0.63
subject102,hand,13,0.13
subject102,hand,14,0.14
subject102,hand,78,0.78
subject102,hand,5,0.05
subject102,hand,76,0.76
subject102,hand,6,0.06
subject102,hand,125,1.25
subject102,hand,100,1.0
subject102,hand,313,3.13
subject102,hand,128,1.28
subject102,hand,81,0.81
subject102,hand,97,0.97
subject102,hand,17,0.17
subject102,hand,86,0.86
subject102,hand,55,0.55
subject102,hand,42,0.42
subject102,hand,22,0.22
subject102,hand,3,0.03
subject102,hand,28,0.28
subject102,hand,55,0.55
subject102,hand,104,1.04
subject102,hand,6,0.06
subject102,hand,3,0.03
subject102,hand,22,0.22
subject102,hand,17,0.17
subject102,hand,56,0.56
subject102,hand,4,0.04
subject102,hand,12,0.12
subject102,hand,1,0.01
subject102,hand,74,0.74
subject102,hand,12,0.12
subject102,hand,31,0.31
subject102,hand,2,0.02
subject102,hand,1,0.01
subject102,hand,3,0.03
subject102,hand,62,0.62
subject102,hand,1,0.01
subject102,hand,10,0.1
subject102,hand,31,0.31
subject102,hand,91,0.91
subject102,hand,79,0.79
subject102,hand,3,0.03
subject102,hand,20,0.2
subject102,hand,9,0.09
subject102,hand,171,1.71
subject102,hand,12,0.12
subject102,hand,104,1.04
subject102,hand,71,0.71
subject102,hand,3,0.03
subject102,hand,5,0.05
subject102,hand,5,0.05
subject102,hand,31,0.31
subject102,hand,4,0.04
subject102,hand,62,0.62
subject102,hand,7,0.07
subject102,hand,7,0.07
subject102,hand,28,0.28
subject102,hand,41,0.41
subject102,hand,14,0.14
subject102,hand,2,0.02
subject102,hand,41,0.41
subject102,hand,53,0.53
subject102,hand,6,0.06
subject102,hand,45,0.45
subject102,hand,42,0.42
subject102,hand,18,0.18
subject102,hand,96,0.96
subject102,hand,14,0.14
subject102,hand,4,0.04
subject102,hand,31,0.31
subject102,hand,43,0.43
subject102,hand,7,0.07
subject102,hand,21,0.21
subject102,hand,14,0.14
subject102,hand,6,0.06
subject102,hand,3,0.03
subject102,hand,49,0.49
subject102,hand,6,0.06
subject102,hand,12,0.12
subject102,hand,5,0.05
subject102,hand,78,0.78
subject102,hand,2,0.02
subject102,hand,4,0.04
subject102,hand,1,0.01
subject102,hand,3,0.03
subject102,hand,8,0.08
subject102,hand,25,0.25
subject102,hand,52,0.52
subject102,hand,19,0.19
subject102,hand,37,0.37
subject102,hand,79,0.79
subject102,hand,3,0.03
subject102,hand,68,0.68
subject102,hand,29,0.29
subject102,hand,74,0.74
subject102,hand,5,0.05
subject102,hand,7,0.07
subject102,hand,32,0.32
subject102,hand,8,0.08
subject102,hand,43,0.43
subject102,hand,43,0.43
subject102,hand,86,0.86
subject102,hand,4,0.04
subject102,hand,19,0.19
subject102,hand,10,0.1
subject102,hand,61,0.61
subject102,hand,3,0.03
subject102,hand,10,0.1
subject102,hand,3,0.03
subject102,hand,7,0.07
subject102,hand,1,0.01
subject102,hand,9,0.09
subject102,hand,74,0.74
subject102,hand,15,0.15
subject102,hand,60,0.6
subject102,hand,13,0.13
subject102,hand,25,0.25
subject102,hand,69,0.69
subject102,hand,28,0.28
subject102,hand,101,1.01
subject102,hand,19,0.19
subject102,hand,7,0.07
subject102,hand,57,0.57
subject102,hand,37,0.37
subject102,hand,3,0.03
subject102,hand,163,1.63
subject102,hand,653,6.53
subject102,hand,442,4.42
subject102,hand,652,6.52
subject102,hand,3,0.03
subject102,hand,10,0.1
subject102,hand,2943,29.43
subject102,hand,286,2.86
subject102,hand,84,0.84
subject102,hand,2,0.02
subject102,hand,228,2.28
subject102,hand,633,6.33
subject102,hand,34,0.34
subject102,hand,3279,32.79
subject102,hand,944,9.44
subject102,hand,800,8.0
subject102,hand,57,0.57
subject102,hand,1,0.01
subject102,hand,31,0.31
subject102,hand,3,0.03
subject102,hand,2775,27.75
subject102,hand,1145,11.45
subject102,hand,775,7.75
subject102,hand,21,0.21
subject102,hand,62,0.62
subject102,hand,5,0.05
subject102,hand,5,0.05
subject102,hand,1,0.01
subject102,hand,24,0.24
subject102,hand,7,0.07
subject102,hand,4,0.04
subject102,hand,3,0.03
subject102,hand,3,0.03
subject102,hand,1,0.01
subject102,hand,3,0.03
subject102,hand,2,0.02
subject102,hand,35,0.35
subject102,hand,27,0.27
subject102,hand,3,0.03
subject102,hand,3,0.03
subject102,hand,3,0.03
subject102,hand,4,0.04
subject102,hand,3,0.03
subject102,hand,2,0.02
subject102,hand,12,0.12
subject102,hand,3,0.03
subject102,hand,2,0.02
subject102,hand,17,0.17
subject102,hand,6,0.06
subject102,hand,66,0.66
subject102,hand,1,0.01
subject102,hand,13,0.13
subject102,hand,11,0.11
subject102,hand,1,0.01
subject102,hand,1,0.01
subject102,hand,6,0.06
subject102,hand,2,0.02
subject102,hand,8,0.08
subject102,hand,2,0.02
subject102,hand,3,0.03
subject102,hand,5,0.05
subject102,hand,2,0.02
subject102,hand,34,0.34
subject102,hand,14,0.14
subject102,hand,4,0.04
subject102,hand,4,0.04
subject102,hand,2,0.02
subject102,hand,1,0.01
subject102,hand,1,0.01
subject102,hand,1,0.01
subject102,hand,1,0.01
subject102,hand,1,0.01
subject102,hand,2,0.02
subject102,hand,2,0.02
subject102,hand,2,0.02
subject102,hand,1,0.01
subject102,hand,2,0.02
subject102,hand,5,0.05
subject102,hand,63,0.63
subject102,hand,2,0.02
subject102,hand,2,0.02
subject102,hand,2,0.02
subject102,hand,5,0.05
subject102,hand,1,0.01
subject102,hand,2,0.02
subject102,hand,1,0.01
subject102,hand,43,0.43
subject102,hand,3,0.03
subject102,hand,12,0.12
subject102,hand,2,0.02
subject102,hand,3,0.03
subject102,hand,4,0.04
subject102,hand,1,0.01
subject102,hand,1,0.01
subject102,hand,5,0.05
subject102,hand,4,0.04
subject102,hand,2,0.02
subject102,hand,1,0.01
subject102,hand,2,0.02
subject102,hand,1,0.01
subject102,hand,2,0.02
subject102,hand,3,0.03
subject102,hand,56,0.56
subject102,hand,8,0.08
subject102,hand,3,0.03
subject102,hand,2,0.02
subject102,hand,1,0.01
subject102,hand,2,0.02
subject102,hand,1,0.01
subject102,hand,1,0.01
subject102,hand,2,0.02
subject102,hand,75,0.75
subject102,hand,1,0.01
subject102,hand,3,0.03
subject102,hand,3,0.03
subject102,hand,8,0.08
subject102,hand,1,0.01
subject102,hand,1,0.01
subject102,hand,7,0.07
subject102,hand,2,0.02
subject102,hand,2,0.02
subject102,hand,114,1.14
subject102,hand,24,0.24
subject102,hand,3,0.03
subject102,hand,2,0.02
subject102,hand,4,0.04
subject102,hand,2,0.02
subject102,hand,2,0.02
subject102,hand,46,0.46
subject102,hand,28,0.28
subject102,hand,5,0.05
subject102,hand,7,0.07
subject102,hand,6,0.06
subject102,hand,4,0.04
subject102,hand,2,0.02
subject102,hand,3,0.03
subject102,hand,1,0.01
subject102,hand,3,0.03
subject102,hand,1,0.01
subject102,hand,1,0.01
subject102,hand,2,0.02
subject102,hand,1,0.01
subject102,hand,4,0.04
subject102,hand,2,0.02
subject102,hand,1,0.01
subject102,hand,18,0.18
subject102,hand,75,0.75
subject102,hand,19,0.19
subject102,hand,18,0.18
subject102,hand,82,0.82
subject102,hand,14,0.14
subject102,hand,11,0.11
subject102,hand,2,0.02
subject102,hand,3,0.03
subject102,hand,70,0.7
subject102,hand,33,0.33
subject102,hand,1,0.01
subject102,hand,1,0.01
subject102,hand,3,0.03
subject102,hand,8,0.08
subject102,hand,5,0.05
subject102,hand,6,0.06
subject102,hand,4,0.04
subject102,hand,2,0.02
subject102,hand,3,0.03
subject102,hand,3,0.03
subject102,hand,1,0.01
subject102,hand,3,0.03
subject102,hand,1,0.01
subject102,hand,2,0.02
subject102,hand,69,0.69
subject102,hand,10,0.1
subject102,hand,9,0.09
subject102,hand,3,0.03
subject102,hand,2,0.02
subject102,hand,1,0.01
subject102,hand,3,0.03
subject102,hand,1,0.01
subject102,hand,78,0.78
subject102,hand,4,0.04
subject102,hand,1,0.01
subject102,hand,2,0.02
subject102,hand,1,0.01
subject102,hand,2,0.02
subject102,hand,3,0.03
subject102,hand,8,0.08
subject102,hand,6,0.06
subject102,hand,43,0.43
subject102,hand,3,0.03
subject102,hand,1,0.01
subject102,hand,4,0.04
subject102,hand,10,0.1
subject102,hand,3,0.03
subject102,hand,2,0.02
subject102,hand,3,0.03
subject102,hand,2,0.02
subject102,hand,8,0.08
subject102,hand,1,0.01
subject102,hand,3,0.03
subject102,hand,41,0.41
subject102,hand,167,1.67
subject102,hand,3,0.03
subject102,hand,91,0.91
subject102,hand,3,0.03
subject102,hand,5,0.05
subject102,hand,137,1.37
subject102,hand,25,0.25
subject102,hand,276,2.76
subject102,hand,66,0.66
subject102,hand,11,0.11
subject102,hand,34,0.34
subject102,hand,103,1.03
subject102,hand,83,0.83
subject102,hand,26,0.26
subject102,hand,2,0.02
subject102,hand,191,1.91
subject102,hand,10,0.1
subject102,hand,100,1.0
subject102,hand,97,0.97
subject102,hand,22,0.22
subject102,hand,31,0.31
subject102,hand,167,1.67
subject102,hand,22,0.22
subject102,hand,7,0.07
subject102,hand,75,0.75
subject102,hand,21,0.21
subject102,hand,15,0.15
subject102,hand,75,0.75
subject102,hand,7,0.07
subject102,hand,128,1.28
subject102,hand,150,1.5
subject102,hand,45,0.45
subject102,hand,36,0.36
subject102,hand,78,0.78
subject102,hand,30,0.3
subject102,hand,111,1.11
subject102,hand,18,0.18
subject102,hand,1,0.01
subject102,hand,199,1.99
subject102,hand,125,1.25
subject102,hand,397,3.97
subject102,hand,93,0.93
subject102,hand,242,2.42
subject102,hand,343,3.43
subject102,hand,124,1.24
subject102,hand,346,3.46
subject102,hand,18,0.18
subject102,hand,165,1.65
subject102,hand,152,1.52
subject102,hand,126,1.26
subject102,hand,108,1.08
subject102,hand,2,0.02
subject102,hand,14,0.14
subject102,hand,71,0.71
subject102,hand,144,1.44
subject102,hand,80,0.8
subject102,hand,115,1.15
subject102,hand,130,1.3
subject102,hand,73,0.73
subject102,hand,2,0.02
subject102,hand,3,0.03
subject102,hand,9,0.09
subject102,hand,1,0.01
subject102,hand,11,0.11
subject102,hand,108,1.08
subject102,hand,6,0.06
subject102,hand,51,0.51
subject102,hand,25,0.25
subject102,hand,121,1.21
subject102,hand,3,0.03
subject102,hand,5,0.05
subject102,hand,2,0.02
subject102,hand,96,0.96
subject102,hand,2,0.02
subject102,hand,2,0.02
subject102,hand,90,0.9
subject102,hand,106,1.06
subject102,hand,11,0.11
subject102,hand,1,0.01
subject102,hand,82,0.82
subject102,hand,4,0.04
subject102,hand,17,0.17
subject102,hand,5,0.05
subject102,hand,4,0.04
subject102,hand,1,0.01
subject102,hand,45,0.45
subject102,hand,15,0.15
subject102,hand,2,0.02
subject102,hand,8,0.08
subject102,hand,12,0.12
subject102,hand,1,0.01
subject102,hand,79,0.79
subject102,hand,37,0.37
subject102,hand,82,0.82
subject102,hand,8,0.08
subject102,hand,1,0.01
subject102,hand,1,0.01
subject102,hand,6,0.06
subject102,hand,101,1.01
subject102,hand,1,0.01
subject102,hand,79,0.79
subject102,hand,20,0.2
subject102,hand,100,1.0
subject102,hand,9,0.09
subject102,hand,1,0.01
subject102,hand,10,0.1
subject102,hand,90,0.9
subject102,hand,1,0.01
subject102,hand,106,1.06
subject102,hand,5,0.05
subject102,hand,197,1.97
subject102,hand,3,0.03
subject102,hand,9,0.09
subject102,hand,2,0.02
subject102,hand,74,0.74
subject102,hand,1,0.01
subject102,hand,5,0.05
subject102,hand,12,0.12
subject102,hand,5,0.05
subject102,hand,17,0.17
subject102,hand,58,0.58
subject102,hand,130,1.3
subject102,hand,8,0.08
subject102,hand,85,0.85
subject102,hand,28,0.28
subject102,hand,79,0.79
subject102,hand,13,0.13
subject102,hand,3,0.03
subject102,hand,2,0.02
subject102,hand,112,1.12
subject102,hand,92,0.92
subject102,hand,2,0.02
subject102,hand,21,0.21
subject102,hand,2,0.02
subject102,hand,85,0.85
subject102,hand,16,0.16
subject102,hand,3,0.03
subject102,hand,90,0.9
subject102,hand,20,0.2
subject102,hand,73,0.73
subject102,hand,3,0.03
subject102,hand,4,0.04
subject102,hand,25,0.25
subject102,hand,58,0.58
subject102,hand,16,0.16
subject102,hand,4,0.04
subject102,hand,9,0.09
subject102,hand,9,0.09
subject102,hand,2,0.02
subject102,hand,83,0.83
subject102,hand,2,0.02
subject102,hand,10,0.1
subject102,hand,3,0.03
subject102,hand,1,0.01
subject102,hand,63,0.63
subject102,hand,22,0.22
subject102,hand,5,0.05
subject102,hand,3,0.03
subject102,hand,216,2.16
subject102,hand,2,0.02
subject102,hand,4,0.04
subject102,hand,2,0.02
subject102,hand,83,0.83
subject102,hand,1,0.01
subject102,hand,3,0.03
subject102,hand,215,2.15
subject102,hand,4,0.04
subject102,hand,4,0.04
subject102,hand,93,0.93
subject102,hand,8,0.08
subject102,hand,7,0.07
subject102,hand,197,1.97
subject102,hand,319,3.19
subject102,hand,124,1.24
subject102,hand,8,0.08
subject102,hand,3,0.03
subject102,hand,103,1.03
subject102,hand,96,0.96
subject102,hand,206,2.06
subject102,hand,1,0.01
subject102,hand,9,0.09
subject102,hand,100,1.0
subject102,hand,19,0.19
subject102,hand,327,3.27
subject102,hand,7,0.07
subject102,hand,18,0.18
subject102,hand,404,4.04
subject102,hand,22,0.22
subject102,hand,209,2.09
subject102,hand,1,0.01
subject102,hand,11,0.11
subject102,hand,89,0.89
subject102,hand,11,0.11
subject102,hand,3,0.03
subject102,hand,3,0.03
subject102,hand,2,0.02
subject102,hand,8,0.08
subject102,hand,48,0.48
subject102,hand,35,0.35
subject102,hand,1,0.01
subject102,hand,6,0.06
subject102,hand,2,0.02
subject102,hand,8,0.08
subject102,hand,93,0.93
subject102,hand,18,0.18
subject102,hand,94,0.94
subject102,hand,71,0.71
subject102,hand,27,0.27
subject102,hand,14,0.14
subject102,hand,69,0.69
subject102,hand,112,1.12
subject102,hand,17,0.17
subject102,hand,21,0.21
subject102,hand,3,0.03
subject102,hand,10,0.1
subject102,hand,70,0.7
subject102,hand,9,0.09
subject102,hand,4,0.04
subject102,hand,9,0.09
subject102,hand,5,0.05
subject102,hand,87,0.87
subject102,hand,6,0.06
subject102,hand,3,0.03
subject102,hand,56,0.56
subject102,hand,6,0.06
subject102,hand,1,0.01
subject102,hand,3,0.03
subject102,hand,13,0.13
subject102,hand,13,0.13
subject102,hand,8,0.08
subject102,hand,73,0.73
subject102,hand,2,0.02
subject102,hand,4,0.04
subject102,hand,15,0.15
subject102,hand,5,0.05
subject102,hand,4,0.04
subject102,hand,75,0.75
subject102,hand,17,0.17
subject102,hand,3,0.03
subject102,hand,1,0.01
subject102,hand,7,0.07
subject102,hand,70,0.7
subject102,hand,24,0.24
subject102,hand,110,1.1
subject102,hand,10,0.1
subject102,hand,56,0.56
subject102,hand,25,0.25
subject102,hand,14,0.14
subject102,hand,6,0.06
subject102,hand,70,0.7
subject102,hand,2,0.02
subject102,hand,3,0.03
subject102,hand,4,0.04
subject102,hand,4,0.04
subject102,hand,8,0.08
subject102,hand,1,0.01
subject102,hand,72,0.72
subject102,hand,3,0.03
subject102,hand,32,0.32
subject102,hand,65,0.65
subject102,hand,26,0.26
subject102,hand,104,1.04
subject102,hand,2,0.02
subject102,hand,1,0.01
subject102,hand,4,0.04
subject102,hand,1,0.01
subject102,hand,1,0.01
subject102,hand,1,0.01
subject102,hand,3,0.03
subject102,hand,61,0.61
subject102,hand,31,0.31
subject102,hand,3,0.03
subject102,hand,1,0.01
subject102,hand,63,0.63
subject102,hand,28,0.28
subject102,hand,1,0.01
subject102,hand,11,0.11
subject102,hand,3,0.03
subject102,hand,1,0.01
subject102,hand,3,0.03
subject102,hand,64,0.64
subject102,hand,28,0.28
subject102,hand,6,0.06
subject102,hand,3,0.03
subject102,hand,64,0.64
subject102,hand,8,0.08
subject102,hand,2,0.02
subject102,hand,20,0.2
subject102,hand,3,0.03
subject102,hand,4,0.04
subject102,hand,2,0.02
subject102,hand,23,0.23
subject102,hand,56,0.56
subject102,hand,11,0.11
subject102,hand,3,0.03
subject102,hand,7,0.07
subject102,hand,53,0.53
subject102,hand,19,0.19
subject102,hand,2,0.02
subject102,hand,1,0.01
subject102,hand,3,0.03
subject102,hand,4,0.04
subject102,hand,2,0.02
subject102,hand,5,0.05
subject102,hand,7,0.07
subject102,hand,52,0.52
subject102,hand,9,0.09
subject102,hand,9,0.09
subject102,hand,16,0.16
subject102,hand,1,0.01
subject102,hand,1,0.01
subject102,hand,2,0.02
subject102,hand,1,0.01
subject102,hand,4,0.04
subject102,hand,71,0.71
subject102,hand,24,0.24
subject102,hand,4,0.04
subject102,hand,1,0.01
subject102,hand,1,0.01
subject102,hand,2,0.02
subject102,hand,3,0.03
subject102,hand,66,0.66
subject102,hand,2,0.02
subject102,hand,12,0.12
subject102,hand,3,0.03
subject102,hand,10,0.1
subject102,hand,4,0.04
subject102,hand,1,0.01
subject102,hand,7,0.07
subject102,hand,78,0.78
subject102,hand,1,0.01
subject102,hand,8,0.08
subject102,hand,8,0.08
subject102,hand,106,1.06
subject102,hand,82,0.82
subject102,hand,7,0.07
subject102,hand,227,2.27
subject102,hand,6,0.06
subject102,hand,1,0.01
subject102,hand,6,0.06
subject102,hand,3,0.03
subject102,hand,86,0.86
subject102,hand,10,0.1
subject102,hand,7,0.07
subject102,hand,89,0.89
subject102,hand,115,1.15
subject102,hand,8,0.08
subject102,hand,2,0.02
subject102,hand,105,1.05
subject102,hand,3,0.03
subject102,hand,79,0.79
subject102,hand,5,0.05
subject102,hand,96,0.96
subject102,hand,22,0.22
subject102,hand,5,0.05
subject102,hand,3,0.03
subject102,hand,1,0.01
subject102,hand,5,0.05
subject102,hand,68,0.68
subject102,hand,5,0.05
subject102,hand,20,0.2
subject102,hand,84,0.84
subject102,hand,7,0.07
subject102,hand,3,0.03
subject102,hand,20,0.2
subject102,hand,76,0.76
subject102,hand,7,0.07
subject102,hand,10,0.1
subject102,hand,5,0.05
subject102,hand,2,0.02
subject102,hand,9,0.09
subject102,hand,2,0.02
subject102,hand,66,0.66
subject102,hand,13,0.13
subject102,hand,115,1.15
subject102,hand,2,0.02
subject102,hand,3,0.03
subject102,hand,84,0.84
subject102,hand,3,0.03
subject102,hand,3,0.03
subject102,hand,6,0.06
subject102,hand,11,0.11
subject102,hand,190,1.9
subject102,hand,201,2.01
subject102,hand,157,1.57
subject102,hand,115,1.15
subject102,hand,105,1.05
subject102,hand,83,0.83
subject102,hand,4,0.04
subject102,hand,17,0.17
subject102,hand,207,2.07
subject102,hand,5,0.05
subject102,hand,102,1.02
subject102,hand,208,2.08
subject102,hand,20,0.2
subject102,hand,1016,10.16
subject102,hand,20,0.2
subject102,hand,16,0.16
subject102,hand,67,0.67
subject102,hand,19,0.19
subject102,hand,12,0.12
subject102,hand,6,0.06
subject102,hand,100,1.0
subject102,hand,116,1.16
subject102,hand,91,0.91
subject102,hand,7,0.07
subject102,hand,123,1.23
subject102,hand,182,1.82
subject102,hand,131,1.31
subject102,hand,94,0.94
subject102,hand,13,0.13
subject102,hand,230,2.3
subject102,hand,79,0.79
subject102,hand,9,0.09
subject102,hand,106,1.06
subject102,hand,211,2.11
subject102,hand,6,0.06
subject102,hand,3,0.03
subject102,hand,7,0.07
subject102,hand,87,0.87
subject102,hand,1,0.01
subject102,hand,3,0.03
subject102,hand,19,0.19
subject102,hand,13,0.13
subject102,hand,63,0.63
subject102,hand,8,0.08
subject102,hand,1,0.01
subject102,hand,8,0.08
subject102,hand,9,0.09
subject102,hand,4,0.04
subject102,hand,1,0.01
subject102,hand,2,0.02
subject102,hand,87,0.87
subject102,hand,9,0.09
subject102,hand,71,0.71
subject102,hand,17,0.17
subject102,hand,32,0.32
subject102,hand,89,0.89
subject102,hand,7,0.07
subject102,hand,86,0.86
subject102,hand,6,0.06
subject102,hand,1,0.01
subject102,hand,1,0.01
subject102,hand,1,0.01
subject102,hand,77,0.77
subject102,hand,33,0.33
subject102,hand,88,0.88
subject102,hand,14,0.14
subject102,hand,84,0.84
subject102,hand,31,0.31
subject102,hand,102,1.02
subject102,hand,90,0.9
subject102,hand,2,0.02
subject102,hand,93,0.93
subject102,hand,13,0.13
subject102,hand,4,0.04
subject102,hand,14,0.14
subject102,hand,104,1.04
subject102,hand,70,0.7
subject102,hand,42,0.42
subject102,hand,85,0.85
subject102,hand,3,0.03
subject102,hand,209,2.09
subject102,hand,2,0.02
subject102,hand,99,0.99
subject102,hand,13,0.13
subject102,hand,2,0.02
subject102,hand,1,0.01
subject102,hand,101,1.01
subject102,hand,1,0.01
subject102,hand,2,0.02
subject102,hand,56,0.56
subject102,hand,22,0.22
subject102,hand,4,0.04
subject102,hand,217,2.17
subject102,hand,102,1.02
subject102,hand,5,0.05
subject102,hand,97,0.97
subject102,hand,5,0.05
subject102,hand,7,0.07
subject102,hand,2,0.02
subject102,hand,79,0.79
subject102,hand,114,1.14
subject102,hand,4,0.04
subject102,hand,3,0.03
subject102,hand,60,0.6
subject102,hand,1,0.01
subject102,hand,6,0.06
subject102,hand,22,0.22
subject102,hand,10,0.1
subject102,hand,4,0.04
subject102,hand,11,0.11
subject102,hand,65,0.65
subject102,hand,38,0.38
subject102,hand,90,0.9
subject102,hand,8,0.08
subject102,hand,4,0.04
subject102,hand,64,0.64
subject102,hand,31,0.31
subject102,hand,117,1.17
subject102,hand,108,1.08
subject102,hand,867,8.67
subject102,hand,92,0.92
subject102,hand,13,0.13
subject102,hand,588,5.88
subject102,hand,215,2.15
subject102,hand,3222,32.22
subject102,hand,1,0.01
subject102,hand,99,0.99
subject102,hand,1065,10.65
subject102,hand,4270,42.7
subject102,hand,26941,269.41
subject102,hand,103,1.03
subject102,hand,789,7.89
subject102,hand,2,0.02
subject102,hand,3567,35.67
subject102,hand,3,0.03
subject102,hand,2,0.02
subject102,hand,6,0.06
subject102,hand,3,0.03
subject102,hand,1,0.01
subject102,hand,1,0.01
subject102,hand,60,0.6
subject102,hand,2,0.02
subject102,hand,1,0.01
subject102,hand,9,0.09
subject102,hand,1,0.01
subject102,hand,2,0.02
subject102,hand,37,0.37
subject102,hand,8,0.08
subject102,hand,1,0.01
subject102,hand,3,0.03
subject102,hand,2,0.02
subject102,hand,3,0.03
subject102,hand,5,0.05
subject102,hand,52,0.52
subject102,hand,2,0.02
subject102,hand,2,0.02
subject102,hand,2,0.02
subject102,hand,8,0.08
subject102,hand,57,0.57
subject102,hand,7,0.07
subject102,hand,15,0.15
subject102,hand,59,0.59
subject102,hand,13,0.13
subject102,hand,52,0.52
subject102,hand,8,0.08
subject102,hand,5,0.05
subject102,hand,57,0.57
subject102,hand,2,0.02
subject102,hand,5,0.05
subject102,hand,75,0.75
subject102,hand,1,0.01
subject102,hand,3,0.03
subject102,hand,60,0.6
subject102,hand,1,0.01
subject102,hand,2,0.02
subject102,hand,2,0.02
subject102,hand,2,0.02
subject102,hand,2,0.02
subject102,hand,63,0.63
subject102,hand,5,0.05
subject102,hand,3,0.03
subject102,hand,2,0.02
subject102,hand,80,0.8
subject102,hand,57,0.57
subject102,hand,3,0.03
subject102,hand,3,0.03
subject102,hand,4,0.04
subject102,hand,1,0.01
subject102,hand,54,0.54
subject102,hand,14,0.14
subject102,hand,6,0.06
subject102,hand,4,0.04
subject102,hand,56,0.56
subject102,hand,2,0.02
subject102,hand,2,0.02
subject102,hand,6,0.06
subject102,hand,1,0.01
subject102,hand,52,0.52
subject102,hand,2,0.02
subject102,hand,3,0.03
subject102,hand,10,0.1
subject102,hand,1,0.01
subject102,hand,52,0.52
subject102,hand,5,0.05
subject102,hand,4,0.04
subject102,hand,2,0.02
subject102,hand,1,0.01
subject102,hand,1,0.01
subject102,hand,1,0.01
subject102,hand,3,0.03
subject102,hand,57,0.57
subject102,hand,1,0.01
subject102,hand,7,0.07
subject102,hand,61,0.61
subject102,hand,2,0.02
subject102,hand,5,0.05
subject102,hand,1,0.01
subject102,hand,69,0.69
subject102,hand,9,0.09
subject102,hand,2,0.02
subject102,hand,1,0.01
subject102,hand,66,0.66
subject102,hand,3,0.03
subject102,hand,3,0.03
subject102,hand,1,0.01
subject102,hand,2,0.02
subject102,hand,53,0.53
subject102,hand,7,0.07
subject102,hand,7,0.07
subject102,hand,3,0.03
subject102,hand,1,0.01
subject102,hand,59,0.59
subject102,hand,2,0.02
subject102,hand,5,0.05
subject102,hand,2,0.02
subject102,hand,77,0.77
subject102,hand,3,0.03
subject102,hand,1,0.01
subject102,hand,43,0.43
subject102,hand,3,0.03
subject102,hand,10,0.1
subject102,hand,2,0.02
subject102,hand,8,0.08
subject102,hand,5,0.05
subject102,hand,53,0.53
subject102,hand,8,0.08
subject102,hand,69,0.69
subject102,hand,148,1.48
subject102,hand,12,0.12
subject102,hand,55,0.55
subject102,hand,10,0.1
subject102,hand,5,0.05
subject102,hand,5,0.05
subject102,hand,122,1.22
subject102,hand,244,2.44
subject102,hand,1,0.01
subject102,hand,2,0.02
subject102,hand,7,0.07
subject102,hand,54,0.54
subject102,hand,78,0.78
subject102,hand,6,0.06
subject102,hand,152,1.52
subject102,hand,147,1.47
subject102,hand,8,0.08
subject102,hand,65,0.65
subject102,hand,152,1.52
subject102,hand,994,9.94
subject102,hand,64,0.64
subject102,hand,148,1.48
subject102,hand,15,0.15
subject102,hand,4,0.04
subject102,hand,71,0.71
subject102,hand,71,0.71
subject102,hand,5,0.05
subject102,hand,1,0.01
subject102,hand,61,0.61
subject102,hand,70,0.7
subject102,hand,5,0.05
subject102,hand,2,0.02
subject102,hand,17,0.17
subject102,hand,72,0.72
subject102,hand,57,0.57
subject102,hand,85,0.85
subject102,hand,1,0.01
subject102,hand,2,0.02
subject102,hand,59,0.59
subject102,hand,3,0.03
subject102,hand,72,0.72
subject102,hand,1,0.01
subject102,hand,3,0.03
subject102,hand,2,0.02
subject102,hand,56,0.56
subject102,hand,4,0.04
subject102,hand,1,0.01
subject102,hand,1,0.01
subject102,hand,6,0.06
subject102,hand,124,1.24
subject102,hand,7,0.07
subject102,hand,1,0.01
subject102,hand,5,0.05
subject102,hand,7,0.07
subject102,hand,60,0.6
subject102,hand,2,0.02
subject102,hand,13,0.13
subject102,hand,53,0.53
subject102,hand,3,0.03
subject102,hand,1,0.01
subject102,hand,11,0.11
subject102,hand,58,0.58
subject102,hand,1,0.01
subject102,hand,5,0.05
subject102,hand,6,0.06
subject102,hand,55,0.55
subject102,hand,1,0.01
subject102,hand,3,0.03
subject102,hand,72,0.72
subject102,hand,63,0.63
subject102,hand,14,0.14
subject102,hand,62,0.62
subject102,hand,61,0.61
subject102,hand,4,0.04
subject102,hand,3,0.03
subject102,hand,3,0.03
subject102,hand,1,0.01
subject102,hand,3,0.03
subject102,hand,3,0.03
subject102,hand,62,0.62
subject102,hand,2,0.02
subject102,hand,64,0.64
subject102,hand,3,0.03
subject102,hand,1,0.01
subject102,hand,66,0.66
subject102,hand,7,0.07
subject102,hand,86,0.86
subject102,hand,56,0.56
subject102,hand,10,0.1
subject102,hand,58,0.58
subject102,hand,5,0.05
subject102,hand,74,0.74
subject102,hand,55,0.55
subject102,hand,1,0.01
subject102,hand,1,0.01
subject102,hand,1,0.01
subject102,hand,9,0.09
subject102,hand,53,0.53
subject102,hand,1,0.01
subject102,hand,10,0.1
subject102,hand,9,0.09
subject102,hand,53,0.53
subject102,hand,20,0.2
subject102,hand,1,0.01
subject102,hand,51,0.51
subject102,hand,3,0.03
subject102,hand,3,0.03
subject102,hand,1,0.01
subject102,hand,1,0.01
subject102,hand,2,0.02
subject102,hand,5,0.05
subject102,hand,54,0.54
subject102,hand,3,0.03
subject102,hand,2,0.02
subject102,hand,1,0.01
subject102,hand,66,0.66
subject102,hand,71,0.71
subject102,hand,1,0.01
subject102,hand,156,1.56
subject102,hand,2,0.02
subject102,hand,62,0.62
subject102,hand,4,0.04
subject102,hand,3,0.03
subject102,hand,1,0.01
subject102,hand,2,0.02
subject102,hand,27,0.27
subject102,hand,21,0.21
subject102,hand,5,0.05
subject102,hand,12,0.12
subject102,hand,2,0.02
subject102,hand,2,0.02
subject102,hand,73,0.73
subject102,hand,65,0.65
subject102,hand,6,0.06
subject102,hand,71,0.71
subject102,hand,2,0.02
subject102,hand,4,0.04
subject102,hand,63,0.63
subject102,hand,5,0.05
subject102,hand,4,0.04
subject102,hand,1,0.01
subject102,hand,1,0.01
subject102,hand,2,0.02
subject102,hand,58,0.58
subject102,hand,72,0.72
subject102,hand,142,1.42
subject102,hand,2703,27.03
subject102,hand,81,0.81
subject102,hand,6128,61.28
subject102,hand,67,0.67
subject102,hand,29,0.29
subject102,hand,303,3.03
subject102,hand,17,0.17
subject102,hand,32,0.32
subject102,hand,348,3.48
subject102,hand,697,6.97
subject102,hand,11,0.11
subject102,hand,1136,11.36
subject102,hand,189,1.89
subject102,hand,308,3.08
subject102,hand,6,0.06
subject102,hand,5,0.05
subject102,hand,91,0.91
subject102,hand,42,0.42
subject102,hand,29,0.29
subject102,hand,49,0.49
subject102,hand,82,0.82
subject102,hand,318,3.18
subject102,hand,330,3.3
subject102,hand,83,0.83
subject102,hand,117,1.17
subject102,hand,92,0.92
subject102,hand,1,0.01
subject102,hand,250,2.5
subject102,hand,21,0.21
subject102,hand,130,1.3
subject102,hand,42,0.42
subject102,hand,99,0.99
subject102,hand,32,0.32
subject102,hand,97,0.97
subject102,hand,5,0.05
subject102,hand,8,0.08
subject102,hand,9,0.09
subject102,hand,316,3.16
subject102,hand,421,4.21
subject102,hand,194,1.94
subject102,hand,14,0.14
subject102,hand,2,0.02
subject102,hand,1,0.01
subject102,hand,15,0.15
subject102,hand,26,0.26
subject102,hand,27,0.27
subject102,hand,67,0.67
subject102,hand,92,0.92
subject102,hand,28,0.28
subject102,hand,2,0.02
subject102,hand,43,0.43
subject102,hand,417,4.17
subject102,hand,5,0.05
subject102,hand,104,1.04
subject102,hand,75,0.75
subject102,hand,102,1.02
subject102,hand,176,1.76
subject102,hand,38,0.38
subject102,hand,34,0.34
subject102,hand,77,0.77
subject102,hand,15,0.15
subject102,hand,68,0.68
subject102,hand,88,0.88
subject102,hand,175,1.75
subject102,hand,66,0.66
subject102,hand,166,1.66
subject102,hand,6,0.06
subject102,hand,7,0.07
subject102,hand,93,0.93
subject102,hand,63,0.63
subject102,hand,165,1.65
subject102,hand,168,1.68
subject102,hand,1,0.01
subject102,hand,14,0.14
subject102,hand,91,0.91
subject102,hand,491,4.91
subject102,hand,104,1.04
subject102,hand,72,0.72
subject102,hand,2,0.02
subject102,hand,78,0.78
subject102,hand,100,1.0
subject102,hand,4,0.04
subject102,hand,66,0.66
subject102,hand,95,0.95
subject102,hand,149,1.49
subject102,hand,66,0.66
subject102,hand,30,0.3
subject102,hand,116,1.16
subject102,hand,113,1.13
subject102,hand,20,0.2
subject102,hand,89,0.89
subject102,hand,14,0.14
subject102,hand,24,0.24
subject102,hand,59,0.59
subject102,hand,34,0.34
subject102,hand,5,0.05
subject102,hand,2,0.02
subject102,hand,40,0.4
subject102,hand,45,0.45
subject102,hand,2,0.02
subject102,hand,35,0.35
subject102,hand,66,0.66
subject102,hand,73,0.73
subject102,hand,2,0.02
subject102,hand,64,0.64
subject102,hand,22,0.22
subject102,hand,12,0.12
subject102,hand,62,0.62
subject102,hand,149,1.49
subject102,hand,202,2.02
subject102,hand,36,0.36
subject102,hand,54,0.54
subject102,hand,59,0.59
subject102,hand,23,0.23
subject102,hand,33,0.33
subject102,hand,38,0.38
subject102,hand,269,2.69
subject102,hand,199,1.99
subject102,hand,10,0.1
subject102,hand,12,0.12
subject102,hand,36,0.36
subject102,hand,57,0.57
subject102,hand,135,1.35
subject102,hand,47,0.47
subject102,hand,145,1.45
subject102,hand,30,0.3
subject102,hand,51,0.51
subject102,hand,65,0.65
subject102,hand,106,1.06
subject102,hand,99,0.99
subject102,hand,178,1.78
subject102,hand,75,0.75
subject102,hand,43,0.43
subject102,hand,91,0.91
subject102,hand,152,1.52
subject102,hand,23,0.23
subject102,hand,79,0.79
subject102,hand,26,0.26
subject102,hand,79,0.79
subject102,hand,44,0.44
subject102,hand,296,2.96
subject102,hand,78,0.78
subject102,hand,12,0.12
subject102,hand,157,1.57
subject102,hand,74,0.74
subject102,hand,22,0.22
subject102,hand,124,1.24
subject102,hand,168,1.68
subject102,hand,45,0.45
subject102,hand,391,3.91
subject102,hand,2212,22.12
subject102,hand,47,0.47
subject102,hand,232,2.32
subject102,hand,784,7.84
subject102,hand,31,0.31
subject102,hand,14,0.14
subject102,hand,32,0.32
subject102,hand,29,0.29
subject102,hand,1,0.01
subject102,hand,242,2.42
subject102,hand,11,0.11
subject102,hand,350,3.5
subject102,hand,559,5.59
subject102,hand,1233,12.33
subject102,hand,32,0.32
subject102,hand,11,0.11
subject102,hand,27,0.27
subject102,hand,40,0.4
subject102,hand,81,0.81
subject102,hand,37,0.37
subject102,hand,22,0.22
subject102,hand,72,0.72
subject102,hand,66,0.66
subject102,hand,7,0.07
subject102,hand,5,0.05
subject102,hand,74,0.74
subject102,hand,186,1.86
subject102,hand,7,0.07
subject102,hand,2638,26.38
subject102,hand,1794,17.94
subject102,hand,2112,21.12
subject102,hand,29,0.29
subject102,hand,765,7.65
subject102,hand,2,0.02
subject102,hand,28,0.28
subject102,hand,171,1.71
subject102,hand,67,0.67
subject102,hand,7,0.07
subject102,hand,18,0.18
subject102,hand,395,3.95
subject102,hand,286,2.86
subject102,hand,365,3.65
subject102,hand,324,3.24
subject102,hand,1810,18.1
subject102,chest,214,2.14
subject102,chest,12,0.12
subject102,chest,9,0.09
subject102,chest,999,9.99
subject102,chest,5,0.05
subject102,chest,117,1.17
subject102,chest,135,1.35
subject102,chest,2,0.02
subject102,chest,1720,17.2
subject102,chest,892,8.92
subject102,chest,156,1.56
subject102,chest,777,7.77
subject102,chest,23,0.23
subject102,chest,503,5.03
subject102,chest,14,0.14
subject102,chest,7546,75.46
subject102,chest,1,0.01
subject102,chest,1,0.01
subject102,chest,1,0.01
subject102,chest,1,0.01
subject102,chest,1,0.01
subject102,chest,1,0.01
subject102,chest,1,0.01
subject102,chest,1,0.01
subject102,chest,16,0.16
subject102,chest,1,0.01
subject102,chest,53,0.53
subject102,chest,99,0.99
subject102,chest,1,0.01
subject102,chest,1,0.01
subject102,chest,7,0.07
subject102,chest,6,0.06
subject102,chest,10376,103.76
subject102,chest,29395,293.95
subject102,chest,499,4.99
subject102,chest,1,0.01
subject102,chest,921,9.21
subject102,chest,9414,94.14
subject102,chest,186,1.86
subject102,chest,909,9.09
subject102,chest,4744,47.44
subject102,chest,1700,17.0
subject102,chest,97,0.97
subject102,chest,662,6.62
subject102,chest,13674,136.74
subject102,chest,4,0.04
subject102,chest,23,0.23
subject102,chest,38,0.38
subject102,chest,595,5.95
subject102,chest,7711,77.11
subject102,chest,6754,67.54
subject102,chest,448,4.48
subject102,chest,9157,91.57
subject102,chest,19592,195.92
subject102,chest,1267,12.67
subject102,chest,6211,62.11
subject102,chest,686,6.86
subject102,chest,11312,113.12
subject102,chest,1312,13.12
subject102,chest,4123,41.23
subject102,chest,2,0.02
subject102,chest,163,1.63
subject102,chest,20508,205.08
subject102,chest,1990,19.9
subject102,chest,10,0.1
subject102,chest,4763,47.63
subject102,chest,570,5.7
subject102,chest,8086,80.86
subject102,chest,3348,33.48
subject102,chest,1054,10.54
subject102,chest,957,9.57
subject102,chest,7,0.07
subject102,chest,3038,30.38
subject102,chest,138,1.38
subject102,chest,2589,25.89
subject102,chest,15,0.15
subject102,chest,16,0.16
subject102,chest,3155,31.55
subject102,chest,10,0.1
subject102,chest,758,7.58
subject102,chest,1193,11.93
subject102,chest,10,0.1
subject102,chest,71,0.71
subject102,chest,5,0.05
subject102,chest,907,9.07
subject102,chest,15,0.15
subject102,chest,2173,21.73
subject102,chest,460,4.6
subject102,chest,2744,27.44
subject102,chest,1720,17.2
subject102,chest,443,4.43
subject102,chest,419,4.19
subject102,chest,5012,50.12
subject102,chest,3732,37.32
subject102,chest,3,0.03
subject102,chest,5036,50.36
subject102,chest,27727,277.27
subject102,chest,12141,121.41
subject102,chest,25,0.25
subject102,chest,1186,11.86
subject102,chest,1081,10.81
subject102,chest,4698,46.98
subject102,chest,10833,108.33
subject102,chest,305,3.05
subject102,chest,215,2.15
subject102,chest,199,1.99
subject102,chest,302,3.02
subject102,chest,789,7.89
subject102,chest,7899,78.99
subject102,chest,17374,173.74
subject102,chest,33,0.33
subject102,chest,201,2.01
subject102,chest,134,1.34
subject102,chest,281,2.81
subject102,chest,144,1.44
subject102,chest,1,0.01
subject102,chest,64,0.64
subject102,chest,2,0.02
subject102,chest,545,5.45
subject102,chest,18,0.18
subject102,chest,698,6.98
subject102,chest,7286,72.86
subject102,chest,6494,64.94
subject102,chest,1,0.01
subject102,chest,69,0.69
subject102,chest,1,0.01
subject102,chest,437,4.37
subject102,chest,3,0.03
subject102,chest,16,0.16
subject102,chest,1,0.01
subject102,chest,91,0.91
subject102,chest,13,0.13
subject102,chest,79025,790.25
subject102,chest,188,1.88
subject102,chest,2666,26.66
subject102,chest,925,9.25
subject102,chest,2850,28.5
subject102,chest,3627,36.27
subject102,chest,317,3.17
subject102,chest,287,2.87
subject102,chest,6119,61.19
subject102,chest,2,0.02
subject102,chest,281,2.81
subject102,chest,91,0.91
subject102,chest,154,1.54
subject102,chest,364,3.64
subject102,chest,4,0.04
subject102,chest,542,5.42
subject102,chest,23,0.23
subject102,chest,3,0.03
subject102,chest,22,0.22
subject102,chest,33,0.33
subject102,chest,20,0.2
subject102,chest,427,4.27
subject102,chest,26,0.26
subject102,chest,441,4.41
subject102,chest,770,7.7
subject102,chest,332,3.32
subject102,chest,615,6.15
subject102,chest,98,0.98
subject102,chest,60,0.6
subject102,chest,392,3.92
subject102,chest,602,6.02
subject102,chest,3,0.03
subject102,chest,43,0.43
subject102,chest,1,0.01
subject102,chest,14,0.14
subject102,chest,48,0.48
subject102,chest,3278,32.78
subject102,ankle,27043,270.43
subject102,ankle,330,3.3
subject102,ankle,1970,19.7
subject102,ankle,586,5.86
subject102,ankle,625,6.25
subject102,ankle,1044,10.44
subject102,ankle,3297,32.97
subject102,ankle,807,8.07
subject102,ankle,3829,38.29
subject102,ankle,1073,10.73
subject102,ankle,2609,26.09
subject102,ankle,3605,36.05
subject102,ankle,5099,50.99
subject102,ankle,179,1.79
subject102,ankle,11,0.11
subject102,ankle,354,3.54
subject102,ankle,2606,26.06
subject102,ankle,2,0.02
subject102,ankle,6696,66.96
subject102,ankle,805,8.05
subject102,ankle,64,0.64
subject102,ankle,1,0.01
subject102,ankle,763,7.63
subject102,ankle,1,0.01
subject102,ankle,193,1.93
subject102,ankle,15,0.15
subject102,ankle,51,0.51
subject102,ankle,469,4.69
subject102,ankle,1277,12.77
subject102,ankle,1998,19.98
subject102,ankle,95,0.95
subject102,ankle,114,1.14
subject102,ankle,2127,21.27
subject102,ankle,479,4.79
subject102,ankle,1,0.01
subject102,ankle,2650,26.5
subject102,ankle,117,1.17
subject102,ankle,148,1.48
subject102,ankle,253,2.53
subject102,ankle,96,0.96
subject102,ankle,409,4.09
subject102,ankle,147,1.47
subject102,ankle,1206,12.06
subject102,ankle,1759,17.59
subject102,ankle,333,3.33
subject102,ankle,832,8.32
subject102,ankle,1,0.01
subject102,ankle,2,0.02
subject102,ankle,7,0.07
subject102,ankle,2,0.02
subject102,ankle,159,1.59
subject102,ankle,1009,10.09
subject102,ankle,107,1.07
subject102,ankle,19,0.19
subject102,ankle,442,4.42
subject102,ankle,1,0.01
subject102,ankle,66,0.66
subject102,ankle,120,1.2
subject102,ankle,432,4.32
subject102,ankle,70,0.7
subject102,ankle,309,3.09
subject102,ankle,135,1.35
subject102,ankle,315,3.15
subject102,ankle,11,0.11
subject102,ankle,66,0.66
subject102,ankle,5,0.05
subject102,ankle,133,1.33
subject102,ankle,138,1.38
subject102,ankle,8,0.08
subject102,ankle,6,0.06
subject102,ankle,18,0.18
subject102,ankle,85,0.85
subject102,ankle,2081,20.81
subject102,ankle,1,0.01
subject102,ankle,2,0.02
subject102,ankle,1,0.01
subject102,ankle,296,2.96
subject102,ankle,9863,98.63
subject102,ankle,4070,40.7
subject102,ankle,1,0.01
subject102,ankle,1594,15.94
subject102,ankle,3016,30.16
subject102,ankle,372,3.72
subject102,ankle,110,1.1
subject102,ankle,1,0.01
subject102,ankle,1910,19.1
subject102,ankle,1184,11.84
subject102,ankle,1,0.01
subject102,ankle,179,1.79
subject102,ankle,6,0.06
subject102,ankle,2312,23.12
subject102,ankle,1171,11.71
subject102,ankle,50,0.5
subject102,ankle,2,0.02
subject102,ankle,1816,18.16
subject102,ankle,879,8.79
subject102,ankle,2039,20.39
subject102,ankle,6,0.06
subject102,ankle,211,2.11
subject102,ankle,4135,41.35
subject102,ankle,5,0.05
subject102,ankle,468,4.68
subject102,ankle,6,0.06
subject102,ankle,88,0.88
subject102,ankle,8,0.08
subject102,ankle,919,9.19
subject102,ankle,1447,14.47
subject102,ankle,1926,19.26
subject102,ankle,4779,47.79
subject102,ankle,1,0.01
subject102,ankle,1836,18.36
subject102,ankle,1225,12.25
subject102,ankle,5535,55.35
subject102,ankle,4388,43.88
subject102,ankle,1046,10.46
subject102,ankle,1198,11.98
subject102,ankle,362,3.62
subject102,ankle,2439,24.39
subject102,ankle,7289,72.89
subject102,ankle,1857,18.57
subject102,ankle,2189,21.89
subject102,ankle,3233,32.33
subject102,ankle,164,1.64
subject102,ankle,2723,27.23
subject102,ankle,694,6.94
subject102,ankle,71,0.71
subject102,ankle,771,7.71
subject102,ankle,3164,31.64
subject102,ankle,8,0.08
subject102,ankle,347,3.47
subject102,ankle,2988,29.88
subject102,ankle,1252,12.52
subject102,ankle,5049,50.49
subject102,ankle,3202,32.02
subject102,ankle,2071,20.71
subject102,ankle,1,0.01
subject102,ankle,6353,63.53
subject102,ankle,566,5.66
subject102,ankle,297,2.97
subject102,ankle,70,0.7
subject102,ankle,152,1.52
subject102,ankle,313,3.13
subject102,ankle,997,9.97
subject102,ankle,2759,27.59
subject102,ankle,4988,49.88
subject102,ankle,291,2.91
subject102,ankle,773,7.73
subject102,ankle,633,6.33
subject102,ankle,812,8.12
subject102,ankle,500,5.0
subject102,ankle,1437,14.37
subject102,ankle,30,0.3
subject102,ankle,2321,23.21
subject102,ankle,1495,14.95
subject102,ankle,60,0.6
subject102,ankle,752,7.52
subject102,ankle,4,0.04
subject102,ankle,530,5.3
subject102,ankle,1197,11.97
subject102,ankle,75,0.75
subject102,ankle,5,0.05
subject102,ankle,4,0.04
subject102,ankle,78,0.78
subject102,ankle,159,1.59
subject102,ankle,58,0.58
subject102,ankle,52,0.52
subject102,ankle,194,1.94
subject102,ankle,128,1.28
subject102,ankle,412,4.12
subject102,ankle,570,5.7
subject102,ankle,917,9.17
subject102,ankle,1,0.01
subject102,ankle,8,0.08
subject102,ankle,676,6.76
subject102,ankle,22,0.22
subject102,ankle,667,6.67
subject102,ankle,1,0.01
subject102,ankle,949,9.49
subject102,ankle,689,6.89
subject102,ankle,687,6.87
subject102,ankle,1511,15.11
subject102,ankle,1195,11.95
subject102,ankle,283,2.83
subject102,ankle,7,0.07
subject102,ankle,280,2.8
subject102,ankle,148,1.48
subject102,ankle,376,3.76
subject102,ankle,130,1.3
subject102,ankle,1350,13.5
subject102,ankle,822,8.22
subject102,ankle,1424,14.24
subject102,ankle,1251,12.51
subject102,ankle,2597,25.97
subject102,ankle,1843,18.43
subject102,ankle,1,0.01
subject102,ankle,1,0.01
subject102,ankle,249,2.49
subject102,ankle,1385,13.85
subject102,ankle,117,1.17
subject102,ankle,523,5.23
subject102,ankle,347,3.47
subject102,ankle,1583,15.83
subject102,ankle,1,0.01
subject102,ankle,3,0.03
subject102,ankle,1877,18.77
subject102,ankle,107,1.07
subject102,ankle,101,1.01
subject102,ankle,5,0.05
subject102,ankle,25,0.25
subject102,ankle,93,0.93
subject102,ankle,209,2.09
subject102,ankle,19,0.19
subject102,ankle,121,1.21
subject102,ankle,114,1.14
subject102,ankle,43,0.43
subject102,ankle,53,0.53
subject102,ankle,62,0.62
subject102,ankle,96,0.96
subject102,ankle,79,0.79
subject102,ankle,635,6.35
subject102,ankle,423,4.23
subject102,ankle,33,0.33
subject102,ankle,98,0.98
subject102,ankle,2815,28.15
subject102,ankle,2078,20.78
subject102,ankle,929,9.29
subject102,ankle,5551,55.51
subject102,ankle,987,9.87
subject102,ankle,177,1.77
subject102,ankle,750,7.5
subject102,ankle,185,1.85
subject102,ankle,674,6.74
subject102,ankle,2639,26.39
subject102,ankle,711,7.11
subject102,ankle,2,0.02
subject102,ankle,1729,17.29
subject102,ankle,4,0.04
subject102,ankle,150,1.5
subject102,ankle,513,5.13
subject102,ankle,2391,23.91
subject102,ankle,150,1.5
subject102,ankle,959,9.59
subject102,ankle,415,4.15
subject102,ankle,409,4.09
subject102,ankle,359,3.59
subject102,ankle,947,9.47
subject102,ankle,886,8.86
subject102,ankle,2563,25.63
subject102,ankle,4954,49.54
subject102,ankle,67,0.67
subject102,ankle,183,1.83
subject102,ankle,95,0.95
subject102,ankle,2,0.02
subject102,ankle,59,0.59
subject102,ankle,303,3.03
subject102,ankle,61,0.61
subject102,ankle,21,0.21
subject102,ankle,989,9.89
subject102,ankle,1907,19.07
subject102,ankle,13,0.13
subject102,ankle,146,1.46
subject102,ankle,170,1.7
subject102,ankle,43,0.43
subject102,ankle,107,1.07
subject102,ankle,38,0.38
subject102,ankle,24,0.24
subject102,ankle,28,0.28
subject102,ankle,154,1.54
subject102,ankle,606,6.06
subject102,ankle,27,0.27
subject102,ankle,9,0.09
subject102,ankle,8,0.08
subject102,ankle,172,1.72
subject102,ankle,116,1.16
subject102,ankle,129,1.29
subject102,ankle,99,0.99
subject102,ankle,306,3.06
subject102,ankle,3,0.03
subject102,ankle,549,5.49
subject102,ankle,31,0.31
subject102,ankle,253,2.53
subject102,ankle,532,5.32
subject102,ankle,7,0.07
subject102,ankle,7,0.07
subject102,ankle,213,2.13
subject102,ankle,94,0.94
subject102,ankle,24,0.24
subject102,ankle,124,1.24
subject102,ankle,115,1.15
subject102,ankle,12,0.12
subject102,ankle,62,0.62
subject102,ankle,1,0.01
subject102,ankle,218,2.18
subject102,ankle,10,0.1
subject102,ankle,21,0.21
subject102,ankle,154,1.54
subject102,ankle,22,0.22
subject102,ankle,215,2.15
subject102,ankle,224,2.24
subject102,ankle,85,0.85
subject102,ankle,39,0.39
subject102,ankle,381,3.81
subject102,ankle,107,1.07
subject102,ankle,458,4.58
subject102,ankle,45,0.45
subject102,ankle,828,8.28
subject102,ankle,44,0.44
subject102,ankle,215,2.15
subject102,ankle,229,2.29
subject102,ankle,17,0.17
subject102,ankle,20,0.2
subject102,ankle,42,0.42
subject102,ankle,28,0.28
subject102,ankle,118,1.18
subject102,ankle,120,1.2
subject102,ankle,250,2.5
subject102,ankle,42,0.42
subject102,ankle,280,2.8
subject102,ankle,81,0.81
subject102,ankle,64,0.64
subject102,ankle,123,1.23
subject102,ankle,63,0.63
subject102,ankle,25,0.25
subject102,ankle,14,0.14
subject102,ankle,252,2.52
subject102,ankle,207,2.07
subject102,ankle,69,0.69
subject102,ankle,3,0.03
subject102,ankle,309,3.09
subject102,ankle,167,1.67
subject102,ankle,56,0.56
subject102,ankle,428,4.28
subject102,ankle,127,1.27
subject102,ankle,53,0.53
subject102,ankle,55,0.55
subject102,ankle,92,0.92
subject102,ankle,71,0.71
subject102,ankle,242,2.42
subject102,ankle,51,0.51
subject102,ankle,32,0.32
subject102,ankle,182,1.82
subject102,ankle,2,0.02
subject102,ankle,4,0.04
subject102,ankle,110,1.1
subject102,ankle,45,0.45
subject102,ankle,54,0.54
subject102,ankle,2,0.02
subject102,ankle,151,1.51
subject102,ankle,141,1.41
subject102,ankle,93,0.93
subject102,ankle,18,0.18
subject102,ankle,133,1.33
subject102,ankle,103,1.03
subject102,ankle,224,2.24
subject102,ankle,3,0.03
subject102,ankle,154,1.54
subject102,ankle,59,0.59
subject102,ankle,192,1.92
subject102,ankle,104,1.04
subject102,ankle,220,2.2
subject102,ankle,58,0.58
subject102,ankle,68,0.68
subject102,ankle,2,0.02
subject102,ankle,1,0.01
subject102,ankle,76,0.76
subject102,ankle,293,2.93
subject102,ankle,1,0.01
subject102,ankle,222,2.22
subject102,ankle,2,0.02
subject102,ankle,194,1.94
subject102,ankle,437,4.37
subject102,ankle,205,2.05
subject102,ankle,229,2.29
subject102,ankle,336,3.36
subject102,ankle,106,1.06
subject102,ankle,108,1.08
subject102,ankle,112,1.12
subject102,ankle,407,4.07
subject102,ankle,83,0.83
subject102,ankle,35,0.35
subject102,ankle,215,2.15
subject102,ankle,1,0.01
subject102,ankle,12,0.12
subject102,ankle,169,1.69
subject102,ankle,153,1.53
subject102,ankle,208,2.08
subject102,ankle,312,3.12
subject102,ankle,184,1.84
subject102,ankle,1075,10.75
subject102,ankle,324,3.24
subject102,ankle,48,0.48
subject102,ankle,96,0.96
subject102,ankle,80,0.8
subject102,ankle,283,2.83
subject102,ankle,152,1.52
subject102,ankle,328,3.28
subject102,ankle,109,1.09
subject102,ankle,99,0.99
subject102,ankle,176,1.76
subject102,ankle,400,4.0
subject102,ankle,186,1.86
subject102,ankle,216,2.16
subject102,ankle,72,0.72
subject102,ankle,107,1.07
subject102,ankle,352,3.52
subject102,ankle,7,0.07
subject102,ankle,318,3.18
subject102,ankle,142,1.42
subject102,ankle,368,3.68
subject102,ankle,22,0.22
subject102,ankle,106,1.06
subject102,ankle,214,2.14
subject102,ankle,483,4.83
subject102,ankle,142,1.42
subject102,ankle,11,0.11
subject102,ankle,237,2.37
subject102,ankle,10,0.1
subject102,ankle,115,1.15
subject102,ankle,31,0.31
subject102,ankle,32,0.32
subject102,ankle,35,0.35
subject102,ankle,389,3.89
subject102,ankle,6,0.06
subject102,ankle,86,0.86
subject102,ankle,35,0.35
subject102,ankle,12,0.12
subject102,ankle,2,0.02
subject102,ankle,6,0.06
subject102,ankle,27,0.27
subject102,ankle,163,1.63
subject102,ankle,441,4.41
subject102,ankle,75,0.75
subject102,ankle,1,0.01
subject102,ankle,11,0.11
subject102,ankle,11,0.11
subject102,ankle,5,0.05
subject102,ankle,72,0.72
subject102,ankle,57,0.57
subject102,ankle,184,1.84
subject102,ankle,73,0.73
subject102,ankle,122,1.22
subject102,ankle,247,2.47
subject102,ankle,300,3.0
subject102,ankle,80,0.8
subject102,ankle,7,0.07
subject102,ankle,523,5.23
subject102,ankle,305,3.05
subject102,ankle,47,0.47
subject102,ankle,371,3.71
subject102,ankle,109,1.09
subject102,ankle,47,0.47
subject102,ankle,61,0.61
subject102,ankle,50,0.5
subject102,ankle,293,2.93
subject102,ankle,21,0.21
subject102,ankle,150,1.5
subject102,ankle,133,1.33
subject102,ankle,50,0.5
subject102,ankle,53,0.53
subject102,ankle,87,0.87
subject102,ankle,404,4.04
subject102,ankle,348,3.48
subject102,ankle,281,2.81
subject102,ankle,550,5.5
subject102,ankle,477,4.77
subject102,ankle,604,6.04
subject102,ankle,132,1.32
subject102,ankle,197,1.97
subject102,ankle,2859,28.59
subject102,ankle,778,7.78
subject102,ankle,374,3.74
subject102,ankle,1,0.01
subject102,ankle,499,4.99
subject102,ankle,1,0.01
subject102,ankle,10,0.1
subject102,ankle,21,0.21
subject102,ankle,214,2.14
subject102,ankle,151,1.51
subject102,ankle,450,4.5
subject102,ankle,797,7.97
subject102,ankle,260,2.6
subject102,ankle,121,1.21
subject102,ankle,1,0.01
subject102,ankle,1,0.01
subject102,ankle,1,0.01
subject102,ankle,11,0.11
subject102,ankle,599,5.99
subject102,ankle,14,0.14
subject102,ankle,69,0.69
subject102,ankle,94,0.94
subject102,ankle,7,0.07
subject102,ankle,32,0.32
subject102,ankle,131,1.31
subject102,ankle,65,0.65
subject102,ankle,148,1.48
subject102,ankle,330,3.3
subject102,ankle,412,4.12
subject102,ankle,77,0.77
subject102,ankle,10,0.1
subject102,ankle,668,6.68
subject102,ankle,113,1.13
subject102,ankle,3,0.03
subject102,ankle,56,0.56
subject102,ankle,13,0.13
subject102,ankle,77,0.77
subject102,ankle,54,0.54
subject102,ankle,162,1.62
subject102,ankle,2,0.02
subject102,ankle,336,3.36
subject102,ankle,543,5.43
subject102,ankle,6,0.06
subject102,ankle,1,0.01
subject102,ankle,396,3.96
subject102,ankle,73,0.73
subject102,ankle,54,0.54
subject102,ankle,2,0.02
subject102,ankle,1,0.01
subject102,ankle,134,1.34
subject102,ankle,54,0.54
subject102,ankle,81,0.81
subject102,ankle,6,0.06
subject102,ankle,109,1.09
subject102,ankle,121,1.21
subject102,ankle,42,0.42
subject102,ankle,73,0.73
subject102,ankle,151,1.51
subject102,ankle,27,0.27
subject102,ankle,21,0.21
subject102,ankle,12,0.12
subject102,ankle,9,0.09
subject102,ankle,785,7.85
subject102,ankle,12,0.12
subject102,ankle,326,3.26
subject102,ankle,1,0.01
subject102,ankle,164,1.64
subject102,ankle,1,0.01
subject102,ankle,544,5.44
subject102,ankle,76,0.76
subject102,ankle,6,0.06
subject102,ankle,61,0.61
subject102,ankle,100,1.0
subject102,ankle,289,2.89
subject102,ankle,98,0.98
subject102,ankle,45,0.45
subject102,ankle,63,0.63
subject102,ankle,81,0.81
subject102,ankle,70,0.7
subject102,ankle,4,0.04
subject102,ankle,127,1.27
subject102,ankle,79,0.79
subject102,ankle,38,0.38
subject102,ankle,79,0.79
subject102,ankle,36,0.36
subject102,ankle,8,0.08
subject102,ankle,16,0.16
subject102,ankle,49,0.49
subject102,ankle,199,1.99
subject102,ankle,32,0.32
subject102,ankle,428,4.28
subject102,ankle,111,1.11
subject102,ankle,131,1.31
subject102,ankle,6,0.06
subject102,ankle,22,0.22
subject102,ankle,150,1.5
subject102,ankle,114,1.14
subject102,ankle,101,1.01
subject102,ankle,2,0.02
subject102,ankle,64,0.64
subject102,ankle,2,0.02
subject102,ankle,80,0.8
subject102,ankle,292,2.92
subject102,ankle,128,1.28
subject102,ankle,14,0.14
subject102,ankle,54,0.54
subject102,ankle,251,2.51
subject102,ankle,51,0.51
subject102,ankle,65,0.65
subject102,ankle,41,0.41
subject102,ankle,3,0.03
subject102,ankle,116,1.16
subject102,ankle,190,1.9
subject102,ankle,29,0.29
subject102,ankle,47,0.47
subject102,ankle,137,1.37
subject102,ankle,352,3.52
subject102,ankle,169,1.69
subject102,ankle,7,0.07
subject102,ankle,145,1.45
subject102,ankle,158,1.58
subject102,ankle,268,2.68
subject102,ankle,233,2.33
subject102,ankle,91,0.91
subject102,ankle,103,1.03
subject102,ankle,278,2.78
subject102,ankle,519,5.19
subject102,ankle,37,0.37
subject102,ankle,76,0.76
subject102,ankle,116,1.16
subject102,ankle,11,0.11
subject102,ankle,90,0.9
subject102,ankle,60,0.6
subject102,ankle,89,0.89
subject102,ankle,4,0.04
subject102,ankle,70,0.7
subject102,ankle,193,1.93
subject102,ankle,27,0.27
subject102,ankle,320,3.2
subject102,ankle,3,0.03
subject102,ankle,1,0.01
subject102,ankle,187,1.87
subject102,ankle,39,0.39
subject102,ankle,326,3.26
subject102,ankle,27,0.27
subject102,ankle,275,2.75
subject102,ankle,3,0.03
subject102,ankle,330,3.3
subject102,ankle,188,1.88
subject102,ankle,76,0.76
subject102,ankle,74,0.74
subject102,ankle,178,1.78
subject102,ankle,164,1.64
subject102,ankle,8,0.08
subject102,ankle,84,0.84
subject102,ankle,90,0.9
subject102,ankle,45,0.45
subject102,ankle,130,1.3
subject102,ankle,90,0.9
subject102,ankle,14,0.14
subject102,ankle,234,2.34
subject102,ankle,89,0.89
subject102,ankle,69,0.69
subject102,ankle,25,0.25
subject102,ankle,7,0.07
subject102,ankle,5,0.05
subject102,ankle,61,0.61
subject102,ankle,656,6.56
subject102,ankle,12,0.12
subject102,ankle,62,0.62
subject102,ankle,157,1.57
subject102,ankle,673,6.73
subject102,ankle,3,0.03
subject102,ankle,44,0.44
subject102,ankle,6,0.06
subject102,ankle,366,3.66
subject102,ankle,255,2.55
subject102,ankle,91,0.91
subject102,ankle,418,4.18
subject102,ankle,102,1.02
subject102,ankle,203,2.03
subject102,ankle,158,1.58
subject102,ankle,204,2.04
subject102,ankle,15,0.15
subject102,ankle,1272,12.72
subject102,ankle,165,1.65
subject102,ankle,58,0.58
subject102,ankle,107,1.07
subject102,ankle,129,1.29
subject102,ankle,26,0.26
subject102,ankle,115,1.15
subject102,ankle,281,2.81
subject102,ankle,16,0.16
subject102,ankle,145,1.45
subject102,ankle,28,0.28
subject102,ankle,582,5.82
subject102,ankle,211,2.11
subject102,ankle,49,0.49
subject102,ankle,46,0.46
subject102,ankle,52,0.52
subject102,ankle,2,0.02
subject102,ankle,48,0.48
subject102,ankle,11,0.11
subject102,ankle,159,1.59
subject102,ankle,78,0.78
subject102,ankle,417,4.17
subject102,ankle,22,0.22
subject102,ankle,1,0.01
subject102,ankle,142,1.42
subject102,ankle,104,1.04
subject102,ankle,108,1.08
subject102,ankle,190,1.9
subject102,ankle,111,1.11
subject102,ankle,11,0.11
subject102,ankle,339,3.39
subject102,ankle,403,4.03
subject102,ankle,7,0.07
subject102,ankle,222,2.22
subject102,ankle,224,2.24
subject102,ankle,602,6.02
subject102,ankle,154,1.54
subject102,ankle,4,0.04
subject102,ankle,51,0.51
subject102,ankle,65,0.65
subject102,ankle,137,1.37
subject102,ankle,357,3.57
subject102,ankle,586,5.86
subject102,ankle,73,0.73
subject102,ankle,102,1.02
subject102,ankle,126,1.26
subject102,ankle,13,0.13
subject102,ankle,2,0.02
subject102,ankle,293,2.93
subject102,ankle,246,2.46
subject102,ankle,230,2.3
subject102,ankle,23,0.23
subject102,ankle,47,0.47
subject102,ankle,118,1.18
subject102,ankle,159,1.59
subject102,ankle,44,0.44
subject102,ankle,103,1.03
subject102,ankle,112,1.12
subject102,ankle,111,1.11
subject102,ankle,100,1.0
subject102,ankle,15,0.15
subject102,ankle,303,3.03
subject102,ankle,412,4.12
subject102,ankle,232,2.32
subject102,ankle,91,0.91
subject102,ankle,164,1.64
subject102,ankle,114,1.14
subject102,ankle,101,1.01
subject102,ankle,72,0.72
subject102,ankle,9,0.09
subject102,ankle,244,2.44
subject102,ankle,103,1.03
subject102,ankle,196,1.96
subject102,ankle,81,0.81
subject102,ankle,200,2.0
subject102,ankle,129,1.29
subject102,ankle,527,5.27
subject102,ankle,205,2.05
subject102,ankle,833,8.33
subject102,ankle,1404,14.04
subject102,ankle,385,3.85
subject102,ankle,1176,11.76
subject102,ankle,1,0.01
subject102,ankle,199,1.99
subject102,ankle,47,0.47
subject102,ankle,14,0.14
subject102,ankle,1,0.01
subject102,ankle,465,4.65
subject102,ankle,4,0.04
subject102,ankle,445,4.45
subject102,ankle,695,6.95
subject102,ankle,234,2.34
subject102,ankle,891,8.91
subject102,ankle,139,1.39
subject102,ankle,843,8.43
subject102,ankle,1,0.01
subject102,ankle,1,0.01
subject102,ankle,6,0.06
subject102,ankle,3,0.03
subject102,ankle,528,5.28
subject102,ankle,288,2.88
subject102,ankle,11,0.11
subject102,ankle,63,0.63
subject102,ankle,77,0.77
subject102,ankle,92,0.92
subject102,ankle,114,1.14
subject102,ankle,12,0.12
subject102,ankle,505,5.05
subject102,ankle,100,1.0
subject102,ankle,4,0.04
subject102,ankle,177,1.77
subject102,ankle,3,0.03
subject102,ankle,135,1.35
subject102,ankle,174,1.74
subject102,ankle,8,0.08
subject102,ankle,1,0.01
subject102,ankle,28,0.28
subject102,ankle,90,0.9
subject102,ankle,24,0.24
subject102,ankle,41,0.41
subject102,ankle,65,0.65
subject102,ankle,1,0.01
subject102,ankle,68,0.68
subject102,ankle,27,0.27
subject102,ankle,9,0.09
subject102,ankle,106,1.06
subject102,ankle,5,0.05
subject102,ankle,43,0.43
subject102,ankle,6,0.06
subject102,ankle,40,0.4
subject102,ankle,81,0.81
subject102,ankle,34,0.34
subject102,ankle,26,0.26
subject102,ankle,10,0.1
subject102,ankle,137,1.37
subject102,ankle,3,0.03
subject102,ankle,4,0.04
subject102,ankle,7,0.07
subject102,ankle,92,0.92
subject102,ankle,57,0.57
subject102,ankle,83,0.83
subject102,ankle,102,1.02
subject102,ankle,7,0.07
subject102,ankle,1,0.01
subject102,ankle,5,0.05
subject102,ankle,33,0.33
subject102,ankle,24,0.24
subject102,ankle,46,0.46
subject102,ankle,85,0.85
subject102,ankle,67,0.67
subject102,ankle,1,0.01
subject102,ankle,12,0.12
subject102,ankle,105,1.05
subject102,ankle,106,1.06
subject102,ankle,174,1.74
subject102,ankle,63,0.63
subject102,ankle,93,0.93
subject102,ankle,170,1.7
subject102,ankle,110,1.1
subject102,ankle,10,0.1
subject102,ankle,2,0.02
subject102,ankle,2,0.02
subject102,ankle,2,0.02
subject102,ankle,7,0.07
subject102,ankle,82,0.82
subject102,ankle,28,0.28
subject102,ankle,39,0.39
subject102,ankle,13,0.13
subject102,ankle,33,0.33
subject102,ankle,12,0.12
subject102,ankle,103,1.03
subject102,ankle,78,0.78
subject102,ankle,125,1.25
subject102,ankle,44,0.44
subject102,ankle,24,0.24
subject102,ankle,21,0.21
subject102,ankle,34,0.34
subject102,ankle,83,0.83
subject102,ankle,52,0.52
subject102,ankle,9,0.09
subject102,ankle,63,0.63
subject102,ankle,27,0.27
subject102,ankle,13,0.13
subject102,ankle,8,0.08
subject102,ankle,97,0.97
subject102,ankle,102,1.02
subject102,ankle,48,0.48
subject102,ankle,11,0.11
subject102,ankle,41,0.41
subject102,ankle,30,0.3
subject102,ankle,1,0.01
subject102,ankle,22,0.22
subject102,ankle,46,0.46
subject102,ankle,6,0.06
subject102,ankle,63,0.63
subject102,ankle,5,0.05
subject102,ankle,15,0.15
subject102,ankle,32,0.32
subject102,ankle,9,0.09
subject102,ankle,43,0.43
subject102,ankle,30,0.3
subject102,ankle,1,0.01
subject102,ankle,3,0.03
subject102,ankle,196,1.96
subject102,ankle,1,0.01
subject102,ankle,261,2.61
subject102,ankle,26,0.26
subject102,ankle,47,0.47
subject102,ankle,13,0.13
subject102,ankle,6,0.06
subject102,ankle,8,0.08
subject102,ankle,8,0.08
subject102,ankle,143,1.43
subject102,ankle,77,0.77
subject102,ankle,48,0.48
subject102,ankle,138,1.38
subject102,ankle,16,0.16
subject102,ankle,15,0.15
subject102,ankle,18,0.18
subject102,ankle,28,0.28
subject102,ankle,3,0.03
subject102,ankle,10,0.1
subject102,ankle,5,0.05
subject102,ankle,14,0.14
subject102,ankle,14,0.14
subject102,ankle,8,0.08
subject102,ankle,372,3.72
subject102,ankle,20,0.2
subject102,ankle,118,1.18
subject102,ankle,1,0.01
subject102,ankle,66,0.66
subject102,ankle,4,0.04
subject102,ankle,50,0.5
subject102,ankle,10,0.1
subject102,ankle,2,0.02
subject102,ankle,1,0.01
subject102,ankle,101,1.01
subject102,ankle,121,1.21
subject102,ankle,18,0.18
subject102,ankle,82,0.82
subject102,ankle,151,1.51
subject102,ankle,237,2.37
subject102,ankle,50,0.5
subject102,ankle,207,2.07
subject102,ankle,93,0.93
subject102,ankle,20,0.2
subject102,ankle,71,0.71
subject102,ankle,45,0.45
subject102,ankle,2,0.02
subject102,ankle,10,0.1
subject102,ankle,113,1.13
subject102,ankle,71,0.71
subject102,ankle,35,0.35
subject102,ankle,21,0.21
subject102,ankle,198,1.98
subject102,ankle,9,0.09
subject102,ankle,4,0.04
subject102,ankle,40,0.4
subject102,ankle,1,0.01
subject102,ankle,54,0.54
subject102,ankle,227,2.27
subject102,ankle,18,0.18
subject102,ankle,14,0.14
subject102,ankle,162,1.62
subject102,ankle,95,0.95
subject102,ankle,256,2.56
subject102,ankle,44,0.44
subject102,ankle,109,1.09
subject102,ankle,10,0.1
subject102,ankle,1,0.01
subject102,ankle,12,0.12
subject102,ankle,51,0.51
subject102,ankle,50,0.5
subject102,ankle,47,0.47
subject102,ankle,45,0.45
subject102,ankle,65,0.65
subject102,ankle,58,0.58
subject102,ankle,7,0.07
subject102,ankle,21,0.21
subject102,ankle,18,0.18
subject102,ankle,37,0.37
subject102,ankle,22,0.22
subject102,ankle,85,0.85
subject102,ankle,101,1.01
subject102,ankle,30,0.3
subject102,ankle,2,0.02
subject102,ankle,85,0.85
subject102,ankle,27,0.27
subject102,ankle,13,0.13
subject102,ankle,92,0.92
subject102,ankle,24,0.24
subject102,ankle,3,0.03
subject102,ankle,51,0.51
subject102,ankle,1,0.01
subject102,ankle,59,0.59
subject102,ankle,4,0.04
subject102,ankle,58,0.58
subject102,ankle,84,0.84
subject102,ankle,8,0.08
subject102,ankle,49,0.49
subject102,ankle,41,0.41
subject102,ankle,29,0.29
subject102,ankle,87,0.87
subject102,ankle,1,0.01
subject102,ankle,2,0.02
subject102,ankle,1,0.01
subject102,ankle,34,0.34
subject102,ankle,24,0.24
subject102,ankle,2,0.02
subject102,ankle,14,0.14
subject102,ankle,8,0.08
subject102,ankle,103,1.03
subject102,ankle,8,0.08
subject102,ankle,20,0.2
subject102,ankle,185,1.85
subject102,ankle,47,0.47
subject102,ankle,77,0.77
subject102,ankle,4,0.04
subject102,ankle,17,0.17
subject102,ankle,19,0.19
subject102,ankle,20,0.2
subject102,ankle,110,1.1
subject102,ankle,65,0.65
subject102,ankle,23,0.23
subject102,ankle,7,0.07
subject102,ankle,55,0.55
subject102,ankle,1,0.01
subject102,ankle,13,0.13
subject102,ankle,6,0.06
subject102,ankle,6,0.06
subject102,ankle,3,0.03
subject102,ankle,3,0.03
subject102,ankle,12,0.12
subject102,ankle,3,0.03
subject102,ankle,6,0.06
subject102,ankle,1,0.01
subject102,ankle,84,0.84
subject102,ankle,72,0.72
subject102,ankle,9,0.09
subject102,ankle,1,0.01
subject102,ankle,3,0.03
subject102,ankle,2,0.02
subject102,ankle,52,0.52
subject102,ankle,28,0.28
subject102,ankle,10,0.1
subject102,ankle,136,1.36
subject102,ankle,91,0.91
subject102,ankle,126,1.26
subject102,ankle,66,0.66
subject102,ankle,500,5.0
subject102,ankle,180,1.8
subject102,ankle,227,2.27
subject102,ankle,40,0.4
subject102,ankle,153,1.53
subject102,ankle,104,1.04
subject102,ankle,127,1.27
subject102,ankle,84,0.84
subject102,ankle,86,0.86
subject102,ankle,13,0.13
subject102,ankle,70,0.7
subject102,ankle,78,0.78
subject102,ankle,139,1.39
subject102,ankle,69,0.69
subject102,ankle,84,0.84
subject102,ankle,90,0.9
subject102,ankle,71,0.71
subject102,ankle,142,1.42
subject102,ankle,303,3.03
subject102,ankle,32,0.32
subject102,ankle,6,0.06
subject102,ankle,18,0.18
subject102,ankle,17,0.17
subject102,ankle,18,0.18
subject102,ankle,75,0.75
subject102,ankle,10,0.1
subject102,ankle,78,0.78
subject102,ankle,29,0.29
subject102,ankle,69,0.69
subject102,ankle,64,0.64
subject102,ankle,30,0.3
subject102,ankle,2,0.02
subject102,ankle,94,0.94
subject102,ankle,59,0.59
subject102,ankle,33,0.33
subject102,ankle,25,0.25
subject102,ankle,70,0.7
subject102,ankle,24,0.24
subject102,ankle,28,0.28
subject102,ankle,31,0.31
subject102,ankle,3,0.03
subject102,ankle,39,0.39
subject102,ankle,40,0.4
subject102,ankle,61,0.61
subject102,ankle,34,0.34
subject102,ankle,22,0.22
subject102,ankle,1,0.01
subject102,ankle,8,0.08
subject102,ankle,4,0.04
subject102,ankle,4,0.04
subject102,ankle,91,0.91
subject102,ankle,5,0.05
subject102,ankle,98,0.98
subject102,ankle,119,1.19
subject102,ankle,21,0.21
subject102,ankle,67,0.67
subject102,ankle,65,0.65
subject102,ankle,5,0.05
subject102,ankle,8,0.08
subject102,ankle,2,0.02
subject102,ankle,129,1.29
subject102,ankle,40,0.4
subject102,ankle,33,0.33
subject102,ankle,60,0.6
subject102,ankle,228,2.28
subject102,ankle,13,0.13
subject102,ankle,38,0.38
subject102,ankle,74,0.74
subject102,ankle,47,0.47
subject102,ankle,135,1.35
subject102,ankle,7,0.07
subject102,ankle,3,0.03
subject102,ankle,6,0.06
subject102,ankle,5,0.05
subject102,ankle,1,0.01
subject102,ankle,2,0.02
subject102,ankle,6,0.06
subject102,ankle,10,0.1
subject102,ankle,8,0.08
subject102,ankle,1,0.01
subject102,ankle,10,0.1
subject102,ankle,1,0.01
subject102,ankle,54,0.54
subject102,ankle,26,0.26
subject102,ankle,53,0.53
subject102,ankle,71,0.71
subject102,ankle,38,0.38
subject102,ankle,98,0.98
subject102,ankle,92,0.92
subject102,ankle,2,0.02
subject102,ankle,25,0.25
subject102,ankle,33,0.33
subject102,ankle,44,0.44
subject102,ankle,292,2.92
subject102,ankle,34,0.34
subject102,ankle,54,0.54
subject102,ankle,54,0.54
subject102,ankle,146,1.46
subject102,ankle,46,0.46
subject102,ankle,8,0.08
subject102,ankle,2,0.02
subject102,ankle,117,1.17
subject102,ankle,111,1.11
subject102,ankle,26,0.26
subject102,ankle,238,2.38
subject102,ankle,21,0.21
subject102,ankle,119,1.19
subject102,ankle,78,0.78
subject102,ankle,54,0.54
subject102,ankle,57,0.57
subject102,ankle,53,0.53
subject102,ankle,14,0.14
subject102,ankle,16,0.16
subject102,ankle,3,0.03
subject102,ankle,340,3.4
subject102,ankle,296,2.96
subject102,ankle,1,0.01
subject102,ankle,3,0.03
subject102,ankle,65,0.65
subject102,ankle,25,0.25
subject102,ankle,35,0.35
subject102,ankle,4,0.04
subject102,ankle,5,0.05
subject102,ankle,26,0.26
subject102,ankle,70,0.7
subject102,ankle,27,0.27
subject102,ankle,100,1.0
subject102,ankle,94,0.94
subject102,ankle,61,0.61
subject102,ankle,24,0.24
subject102,ankle,150,1.5
subject102,ankle,64,0.64
subject102,ankle,67,0.67
subject102,ankle,33,0.33
subject102,ankle,34,0.34
subject102,ankle,15,0.15
subject102,ankle,34,0.34
subject102,ankle,52,0.52
subject102,ankle,16,0.16
subject102,ankle,9,0.09
subject102,ankle,29,0.29
subject102,ankle,37,0.37
subject102,ankle,48,0.48
subject102,ankle,7,0.07
subject102,ankle,59,0.59
subject102,ankle,25,0.25
subject102,ankle,12,0.12
subject102,ankle,55,0.55
subject102,ankle,25,0.25
subject102,ankle,10,0.1
subject102,ankle,1,0.01
subject102,ankle,24,0.24
subject102,ankle,54,0.54
subject102,ankle,84,0.84
subject102,ankle,205,2.05
subject102,ankle,18,0.18
subject102,ankle,28,0.28
subject102,ankle,20,0.2
subject102,ankle,76,0.76
subject102,ankle,24,0.24
subject102,ankle,17,0.17
subject102,ankle,39,0.39
subject102,ankle,2,0.02
subject102,ankle,18,0.18
subject102,ankle,2,0.02
subject102,ankle,7,0.07
subject102,ankle,3,0.03
subject102,ankle,9,0.09
subject102,ankle,1,0.01
subject102,ankle,16,0.16
subject102,ankle,10,0.1
subject102,ankle,5,0.05
subject102,ankle,5,0.05
subject102,ankle,23,0.23
subject102,ankle,3,0.03
subject102,ankle,8,0.08
subject102,ankle,1,0.01
subject102,ankle,44,0.44
subject102,ankle,11,0.11
subject102,ankle,2,0.02
subject102,ankle,18,0.18
subject102,ankle,24,0.24
subject102,ankle,62,0.62
subject102,ankle,224,2.24
subject102,ankle,5,0.05
subject102,ankle,6,0.06
subject102,ankle,87,0.87
subject102,ankle,13,0.13
subject102,ankle,16,0.16
subject102,ankle,23,0.23
subject102,ankle,35,0.35
subject102,ankle,27,0.27
subject102,ankle,17,0.17
subject102,ankle,25,0.25
subject102,ankle,63,0.63
subject102,ankle,45,0.45
subject102,ankle,6,0.06
subject102,ankle,16,0.16
subject102,ankle,436,4.36
subject102,ankle,1482,14.82
subject102,ankle,187,1.87
subject102,ankle,393,3.93
subject102,ankle,557,5.57
subject102,ankle,174,1.74
subject102,ankle,145,1.45
subject102,ankle,659,6.59
subject102,ankle,388,3.88
subject102,ankle,171,1.71
subject102,ankle,5,0.05
subject102,ankle,637,6.37
subject102,ankle,406,4.06
subject102,ankle,1,0.01
subject102,ankle,3048,30.48
subject102,ankle,240,2.4
subject102,ankle,51,0.51
subject102,ankle,69,0.69
subject102,ankle,5,0.05
subject102,ankle,82,0.82
subject102,ankle,450,4.5
subject102,ankle,292,2.92
subject102,ankle,261,2.61
subject102,ankle,242,2.42
subject102,ankle,168,1.68
subject102,ankle,122,1.22
subject102,ankle,256,2.56
subject102,ankle,46,0.46
subject102,ankle,206,2.06
subject102,ankle,23,0.23
subject102,ankle,28,0.28
subject102,ankle,159,1.59
subject102,ankle,66,0.66
subject102,ankle,72,0.72
subject102,ankle,9,0.09
subject102,ankle,4,0.04
subject102,ankle,70,0.7
subject102,ankle,70,0.7
subject102,ankle,67,0.67
subject102,ankle,1,0.01
subject102,ankle,7,0.07
subject102,ankle,95,0.95
subject102,ankle,402,4.02
subject102,ankle,1,0.01
subject102,ankle,2,0.02
subject102,ankle,15,0.15
subject102,ankle,10,0.1
subject102,ankle,66,0.66
subject102,ankle,657,6.57
subject102,ankle,213,2.13
subject102,ankle,193,1.93
subject102,ankle,93,0.93
subject102,ankle,71,0.71
subject102,ankle,154,1.54
subject102,ankle,414,4.14
subject102,ankle,2,0.02
subject102,ankle,132,1.32
subject102,ankle,58,0.58
subject102,ankle,146,1.46
subject102,ankle,82,0.82
subject102,ankle,23,0.23
subject102,ankle,172,1.72
subject102,ankle,2,0.02
subject102,ankle,162,1.62
subject102,ankle,137,1.37
subject102,ankle,1,0.01
subject102,ankle,122,1.22
subject102,ankle,105,1.05
subject102,ankle,18,0.18
subject102,ankle,82,0.82
subject102,ankle,132,1.32
subject102,ankle,218,2.18
subject102,ankle,73,0.73
subject102,ankle,322,3.22
subject102,ankle,90,0.9
subject102,ankle,34,0.34
subject102,ankle,15,0.15
subject102,ankle,57,0.57
subject102,ankle,5,0.05
subject102,ankle,293,2.93
subject102,ankle,491,4.91
subject102,ankle,4,0.04
subject102,ankle,278,2.78
subject102,ankle,568,5.68
subject102,ankle,292,2.92
subject102,ankle,1,0.01
subject102,ankle,1670,16.7
subject102,ankle,8,0.08
subject102,ankle,348,3.48
subject102,ankle,10,0.1
subject102,ankle,153,1.53
subject102,ankle,23,0.23
subject102,ankle,5,0.05
subject102,ankle,107,1.07
subject102,ankle,322,3.22
subject102,ankle,766,7.66
subject102,ankle,339,3.39
subject102,ankle,221,2.21
subject102,ankle,233,2.33
subject102,ankle,64,0.64
subject102,ankle,2,0.02
subject102,ankle,17,0.17
subject102,ankle,504,5.04
subject102,ankle,2,0.02
subject102,ankle,15,0.15
subject102,ankle,5,0.05
subject102,ankle,16,0.16
subject102,ankle,1,0.01
subject102,ankle,5,0.05
subject102,ankle,21,0.21
subject102,ankle,85,0.85
subject102,ankle,10,0.1
subject102,ankle,333,3.33
subject102,ankle,84,0.84
subject102,ankle,2,0.02
subject102,ankle,568,5.68
subject102,ankle,408,4.08
subject102,ankle,649,6.49
subject102,ankle,405,4.05
subject102,ankle,12,0.12
subject102,ankle,14,0.14
subject102,ankle,63,0.63
subject102,ankle,24,0.24
subject102,ankle,41,0.41
subject102,ankle,36,0.36
subject102,ankle,139,1.39
subject102,ankle,92,0.92
subject102,ankle,36,0.36
subject102,ankle,31,0.31
subject102,ankle,50,0.5
subject102,ankle,27,0.27
subject102,ankle,272,2.72
subject102,ankle,4,0.04
subject102,ankle,120,1.2
subject102,ankle,42,0.42
subject102,ankle,43,0.43
subject102,ankle,22,0.22
subject102,ankle,6,0.06
subject102,ankle,95,0.95
subject102,ankle,37,0.37
subject102,ankle,10,0.1
subject102,ankle,30,0.3
subject102,ankle,1540,15.4
subject102,ankle,81,0.81
subject102,ankle,56,0.56
subject102,ankle,34,0.34
subject102,ankle,120,1.2
subject102,ankle,18,0.18
subject102,ankle,17,0.17
subject102,ankle,2,0.02
subject102,ankle,36,0.36
subject102,ankle,9,0.09
subject102,ankle,9,0.09
subject102,ankle,78,0.78
subject102,ankle,69,0.69
subject102,ankle,18,0.18
subject102,ankle,59,0.59
subject102,ankle,7,0.07
subject102,ankle,45,0.45
subject102,ankle,94,0.94
subject102,ankle,27,0.27
subject102,ankle,23,0.23
subject102,ankle,49,0.49
subject102,ankle,58,0.58
subject102,ankle,26,0.26
subject102,ankle,69,0.69
subject102,ankle,6,0.06
subject102,ankle,35,0.35
subject102,ankle,119,1.19
subject102,ankle,54,0.54
subject102,ankle,17,0.17
subject102,ankle,13,0.13
subject102,ankle,40,0.4
subject102,ankle,27,0.27
subject102,ankle,5,0.05
subject102,ankle,113,1.13
subject102,ankle,35,0.35
subject102,ankle,154,1.54
subject102,ankle,42,0.42
subject102,ankle,47,0.47
subject102,ankle,83,0.83
subject102,ankle,104,1.04
subject102,ankle,70,0.7
subject102,ankle,2,0.02
subject102,ankle,54,0.54
subject102,ankle,100,1.0
subject102,ankle,97,0.97
subject102,ankle,32,0.32
subject102,ankle,42,0.42
subject102,ankle,18,0.18
subject102,ankle,130,1.3
subject102,ankle,37,0.37
subject102,ankle,170,1.7
subject102,ankle,92,0.92
subject102,ankle,6,0.06
subject102,ankle,13,0.13
subject102,ankle,159,1.59
subject102,ankle,68,0.68
subject102,ankle,58,0.58
subject102,ankle,7,0.07
subject102,ankle,7,0.07
subject102,ankle,89,0.89
subject102,ankle,88,0.88
subject102,ankle,16,0.16
subject102,ankle,25,0.25
subject102,ankle,17,0.17
subject102,ankle,68,0.68
subject102,ankle,88,0.88
subject102,ankle,58,0.58
subject102,ankle,86,0.86
subject102,ankle,152,1.52
subject102,ankle,73,0.73
subject102,ankle,29,0.29
subject102,ankle,139,1.39
subject102,ankle,89,0.89
subject102,ankle,7,0.07
subject102,ankle,163,1.63
subject102,ankle,51,0.51
subject102,ankle,142,1.42
subject102,ankle,28,0.28
subject102,ankle,52,0.52
subject102,ankle,21,0.21
subject102,ankle,128,1.28
subject102,ankle,143,1.43
subject102,ankle,7,0.07
subject102,ankle,12,0.12
subject102,ankle,19,0.19
subject102,ankle,43,0.43
subject102,ankle,60,0.6
subject102,ankle,38,0.38
subject102,ankle,99,0.99
subject102,ankle,20,0.2
subject102,ankle,42,0.42
subject102,ankle,27,0.27
subject102,ankle,83,0.83
subject102,ankle,7,0.07
subject102,ankle,42,0.42
subject102,ankle,118,1.18
subject102,ankle,89,0.89
subject102,ankle,51,0.51
subject102,ankle,10,0.1
subject102,ankle,86,0.86
subject102,ankle,1,0.01
subject102,ankle,39,0.39
subject102,ankle,286,2.86
subject102,ankle,55,0.55
subject102,ankle,87,0.87
subject102,ankle,187,1.87
subject102,ankle,4,0.04
subject102,ankle,160,1.6
subject102,ankle,98,0.98
subject102,ankle,90,0.9
subject102,ankle,4,0.04
subject102,ankle,118,1.18
subject102,ankle,84,0.84
subject102,ankle,24,0.24
subject102,ankle,63,0.63
subject102,ankle,26,0.26
subject102,ankle,105,1.05
subject102,ankle,67,0.67
subject102,ankle,192,1.92
subject102,ankle,96,0.96
subject102,ankle,36,0.36
subject102,ankle,54,0.54
subject102,ankle,78,0.78
subject102,ankle,61,0.61
subject102,ankle,88,0.88
subject102,ankle,158,1.58
subject102,ankle,18,0.18
subject102,ankle,79,0.79
subject102,ankle,31,0.31
subject102,ankle,37,0.37
subject102,ankle,7,0.07
subject102,ankle,82,0.82
subject102,ankle,18,0.18
subject102,ankle,35,0.35
subject102,ankle,36,0.36
subject102,ankle,163,1.63
subject102,ankle,45,0.45
subject102,ankle,106,1.06
subject102,ankle,26,0.26
subject102,ankle,52,0.52
subject102,ankle,2,0.02
subject102,ankle,12,0.12
subject102,ankle,25,0.25
subject102,ankle,60,0.6
subject102,ankle,14,0.14
subject102,ankle,63,0.63
subject102,ankle,16,0.16
subject102,ankle,161,1.61
subject102,ankle,10,0.1
subject102,ankle,6,0.06
subject102,ankle,149,1.49
subject102,ankle,19,0.19
subject102,ankle,104,1.04
subject102,ankle,63,0.63
subject102,ankle,60,0.6
subject102,ankle,98,0.98
subject102,ankle,9,0.09
subject102,ankle,19,0.19
subject102,ankle,78,0.78
subject102,ankle,32,0.32
subject102,ankle,57,0.57
subject102,ankle,155,1.55
subject102,ankle,36,0.36
subject102,ankle,44,0.44
subject102,ankle,47,0.47
subject102,ankle,48,0.48
subject102,ankle,115,1.15
subject102,ankle,77,0.77
subject102,ankle,12,0.12
subject102,ankle,62,0.62
subject102,ankle,144,1.44
subject102,ankle,31,0.31
subject102,ankle,82,0.82
subject102,ankle,65,0.65
subject102,ankle,197,1.97
subject102,ankle,124,1.24
subject102,ankle,6,0.06
subject102,ankle,21,0.21
subject102,ankle,34,0.34
subject102,ankle,28,0.28
subject102,ankle,2,0.02
subject102,ankle,14,0.14
subject102,ankle,88,0.88
subject102,ankle,16,0.16
subject102,ankle,7,0.07
subject102,ankle,13,0.13
subject102,ankle,57,0.57
subject102,ankle,40,0.4
subject102,ankle,26,0.26
subject102,ankle,32,0.32
subject102,ankle,271,2.71
subject102,ankle,2392,23.92
subject102,ankle,217,2.17
subject102,ankle,30,0.3
subject102,ankle,41,0.41
subject102,ankle,1,0.01
subject102,ankle,314,3.14
subject102,ankle,82,0.82
subject102,ankle,4,0.04
subject102,ankle,4,0.04
subject102,ankle,739,7.39
subject102,ankle,9,0.09
subject102,ankle,18,0.18
subject102,ankle,10,0.1
subject102,ankle,35,0.35
subject102,ankle,2197,21.97
subject102,ankle,20,0.2
subject102,ankle,15,0.15
subject102,ankle,17,0.17
subject102,ankle,82,0.82
subject102,ankle,67,0.67
subject102,ankle,25,0.25
subject102,ankle,66,0.66
subject102,ankle,56,0.56
subject102,ankle,82,0.82
subject102,ankle,231,2.31
subject102,ankle,82,0.82
subject102,ankle,22,0.22
subject102,ankle,46,0.46
subject102,ankle,67,0.67
subject102,ankle,311,3.11
subject102,ankle,399,3.99
subject102,ankle,129,1.29
subject102,ankle,213,2.13
subject102,ankle,192,1.92
subject102,ankle,759,7.59
subject102,ankle,19,0.19
subject102,ankle,51,0.51
subject102,ankle,69,0.69
subject102,ankle,121,1.21
subject102,ankle,1033,10.33
subject102,ankle,572,5.72
subject102,ankle,30,0.3
subject102,ankle,142,1.42
subject102,ankle,60,0.6
subject102,ankle,43,0.43
subject102,ankle,63,0.63
subject102,ankle,170,1.7
subject102,ankle,2165,21.65
subject102,ankle,46,0.46
subject102,ankle,154,1.54
subject102,ankle,8,0.08
subject102,ankle,174,1.74
subject102,ankle,467,4.67
subject102,ankle,3,0.03
subject102,ankle,31,0.31
subject102,ankle,6,0.06
subject102,ankle,29,0.29
subject102,ankle,2,0.02
subject102,ankle,6,0.06
subject102,ankle,1,0.01
subject102,ankle,212,2.12
subject102,ankle,226,2.26
subject102,ankle,80,0.8
subject102,ankle,91,0.91
subject102,ankle,601,6.01
subject102,ankle,261,2.61
subject102,ankle,1177,11.77
subject102,ankle,414,4.14
subject102,ankle,407,4.07
subject103,hand,5214,52.14
subject103,hand,36,0.36
subject103,hand,2492,24.92
subject103,hand,2,0.02
subject103,hand,896,8.96
subject103,hand,3365,33.65
subject103,hand,929,9.29
subject103,hand,11,0.11
subject103,hand,2137,21.37
subject103,hand,29601,296.01
subject103,hand,34053,340.53
subject103,hand,6270,62.7
subject103,hand,46,0.46
subject103,hand,120,1.2
subject103,hand,181,1.81
subject103,hand,9148,91.48
subject103,hand,4747,47.47
subject103,hand,9563,95.63
subject103,hand,6283,62.83
subject103,hand,2,0.02
subject103,hand,1662,16.62
subject103,hand,4252,42.52
subject103,hand,2029,20.29
subject103,hand,2941,29.41
subject103,hand,13592,135.92
subject103,hand,313,3.13
subject103,hand,11037,110.37
subject103,hand,30909,309.09
subject103,hand,69,0.69
subject103,hand,496,4.96
subject103,hand,6805,68.05
subject103,hand,13215,132.15
subject103,hand,1,0.01
subject103,hand,547,5.47
subject103,hand,593,5.93
subject103,hand,13,0.13
subject103,hand,3492,34.92
subject103,hand,312,3.12
subject103,hand,86,0.86
subject103,hand,3368,33.68
subject103,hand,3,0.03
subject103,hand,203,2.03
subject103,hand,3800,38.0
subject103,hand,139,1.39
subject103,hand,22,0.22
subject103,hand,1172,11.72
subject103,hand,14,0.14
subject103,hand,40,0.4
subject103,hand,44,0.44
subject103,hand,132,1.32
subject103,hand,362,3.62
subject103,hand,16,0.16
subject103,hand,189,1.89
subject103,hand,422,4.22
subject103,hand,86,0.86
subject103,hand,96,0.96
subject103,hand,1,0.01
subject103,hand,1,0.01
subject103,hand,3,0.03
subject103,hand,87,0.87
subject103,hand,74,0.74
subject103,hand,4,0.04
subject103,hand,14,0.14
subject103,hand,6,0.06
subject103,hand,67,0.67
subject103,hand,30,0.3
subject103,hand,2,0.02
subject103,hand,5,0.05
subject103,hand,56,0.56
subject103,hand,5,0.05
subject103,hand,21,0.21
subject103,hand,270,2.7
subject103,hand,4,0.04
subject103,hand,111,1.11
subject103,hand,6,0.06
subject103,hand,58,0.58
subject103,hand,45,0.45
subject103,hand,1,0.01
subject103,hand,66,0.66
subject103,hand,31,0.31
subject103,hand,89,0.89
subject103,hand,47,0.47
subject103,hand,4,0.04
subject103,hand,120,1.2
subject103,hand,130,1.3
subject103,hand,62,0.62
subject103,hand,23,0.23
subject103,hand,72,0.72
subject103,hand,19,0.19
subject103,hand,105,1.05
subject103,hand,168,1.68
subject103,hand,2,0.02
subject103,hand,2,0.02
subject103,hand,237,2.37
subject103,hand,49,0.49
subject103,hand,677,6.77
subject103,hand,90,0.9
subject103,hand,603,6.03
subject103,hand,76,0.76
subject103,hand,30,0.3
subject103,hand,11,0.11
subject103,hand,58,0.58
subject103,hand,31,0.31
subject103,hand,52,0.52
subject103,hand,41,0.41
subject103,hand,7,0.07
subject103,hand,37,0.37
subject103,hand,155,1.55
subject103,hand,346,3.46
subject103,hand,175,1.75
subject103,hand,2,0.02
subject103,hand,17,0.17
subject103,hand,38,0.38
subject103,hand,46,0.46
subject103,hand,3,0.03
subject103,hand,2,0.02
subject103,hand,112,1.12
subject103,hand,16,0.16
subject103,hand,20,0.2
subject103,hand,43,0.43
subject103,hand,3,0.03
subject103,hand,2,0.02
subject103,hand,3,0.03
subject103,hand,6,0.06
subject103,hand,1,0.01
subject103,hand,1,0.01
subject103,hand,8,0.08
subject103,hand,79,0.79
subject103,hand,315,3.15
subject103,hand,2,0.02
subject103,hand,67,0.67
subject103,hand,37,0.37
subject103,hand,58,0.58
subject103,hand,7,0.07
subject103,hand,4,0.04
subject103,hand,1,0.01
subject103,hand,7,0.07
subject103,hand,11,0.11
subject103,hand,51,0.51
subject103,hand,1,0.01
subject103,hand,5,0.05
subject103,hand,2,0.02
subject103,hand,2,0.02
subject103,hand,10,0.1
subject103,hand,4,0.04
subject103,hand,3,0.03
subject103,hand,2,0.02
subject103,hand,45,0.45
subject103,hand,2,0.02
subject103,hand,4,0.04
subject103,hand,1,0.01
subject103,hand,9,0.09
subject103,hand,3,0.03
subject103,hand,2,0.02
subject103,hand,1,0.01
subject103,hand,1,0.01
subject103,hand,2,0.02
subject103,hand,62,0.62
subject103,hand,29,0.29
subject103,hand,50,0.5
subject103,hand,2,0.02
subject103,hand,2,0.02
subject103,hand,6,0.06
subject103,hand,25,0.25
subject103,hand,14,0.14
subject103,hand,42,0.42
subject103,hand,1,0.01
subject103,hand,6,0.06
subject103,hand,2,0.02
subject103,hand,19,0.19
subject103,hand,4,0.04
subject103,hand,67,0.67
subject103,hand,1,0.01
subject103,hand,11,0.11
subject103,hand,2,0.02
subject103,hand,2,0.02
subject103,hand,72,0.72
subject103,hand,1,0.01
subject103,hand,18,0.18
subject103,hand,10,0.1
subject103,hand,62,0.62
subject103,hand,24,0.24
subject103,hand,81,0.81
subject103,hand,4,0.04
subject103,hand,3,0.03
subject103,hand,1,0.01
subject103,hand,9,0.09
subject103,hand,96,0.96
subject103,hand,2,0.02
subject103,hand,101,1.01
subject103,hand,72,0.72
subject103,hand,13,0.13
subject103,hand,204,2.04
subject103,hand,2,0.02
subject103,hand,1,0.01
subject103,hand,65,0.65
subject103,hand,15,0.15
subject103,hand,17,0.17
subject103,hand,75,0.75
subject103,hand,89,0.89
subject103,hand,110,1.1
subject103,hand,363,3.63
subject103,hand,308,3.08
subject103,hand,108,1.08
subject103,hand,3,0.03
subject103,hand,76,0.76
subject103,hand,12,0.12
subject103,hand,508,5.08
subject103,hand,278,2.78
subject103,hand,603,6.03
subject103,hand,811,8.11
subject103,hand,323,3.23
subject103,hand,1332,13.32
subject103,hand,59,0.59
subject103,hand,343,3.43
subject103,hand,3,0.03
subject103,hand,122,1.22
subject103,hand,119,1.19
subject103,hand,103,1.03
subject103,hand,1,0.01
subject103,hand,17,0.17
subject103,hand,49,0.49
subject103,hand,37,0.37
subject103,hand,7,0.07
subject103,hand,53,0.53
subject103,hand,292,2.92
subject103,hand,208,2.08
subject103,hand,27,0.27
subject103,hand,34,0.34
subject103,hand,27,0.27
subject103,hand,112,1.12
subject103,hand,8,0.08
subject103,hand,69,0.69
subject103,hand,2,0.02
subject103,hand,187,1.87
subject103,hand,1,0.01
subject103,hand,210,2.1
subject103,hand,19,0.19
subject103,hand,68,0.68
subject103,hand,26,0.26
subject103,hand,90,0.9
subject103,hand,1,0.01
subject103,hand,179,1.79
subject103,hand,23,0.23
subject103,hand,71,0.71
subject103,hand,17,0.17
subject103,hand,279,2.79
subject103,hand,4,0.04
subject103,hand,97,0.97
subject103,hand,15,0.15
subject103,hand,6,0.06
subject103,hand,170,1.7
subject103,hand,36,0.36
subject103,hand,101,1.01
subject103,hand,277,2.77
subject103,hand,24,0.24
subject103,hand,175,1.75
subject103,hand,168,1.68
subject103,hand,25,0.25
subject103,hand,3,0.03
subject103,hand,695,6.95
subject103,hand,152,1.52
subject103,hand,190,1.9
subject103,hand,68,0.68
subject103,hand,34,0.34
subject103,hand,286,2.86
subject103,hand,16,0.16
subject103,hand,56,0.56
subject103,hand,14,0.14
subject103,hand,703,7.03
subject103,hand,199,1.99
subject103,hand,281,2.81
subject103,hand,197,1.97
subject103,hand,10,0.1
subject103,hand,9,0.09
subject103,hand,25,0.25
subject103,hand,11,0.11
subject103,hand,50,0.5
subject103,hand,7,0.07
subject103,hand,9,0.09
subject103,hand,1,0.01
subject103,hand,1,0.01
subject103,hand,2,0.02
subject103,hand,96,0.96
subject103,hand,59,0.59
subject103,hand,11,0.11
subject103,hand,4,0.04
subject103,hand,9,0.09
subject103,hand,2,0.02
subject103,hand,1,0.01
subject103,hand,1,0.01
subject103,hand,59,0.59
subject103,hand,3,0.03
subject103,hand,4,0.04
subject103,hand,1,0.01
subject103,hand,2,0.02
subject103,hand,6,0.06
subject103,hand,1,0.01
subject103,hand,4,0.04
subject103,hand,16,0.16
subject103,hand,48,0.48
subject103,hand,38,0.38
subject103,hand,287,2.87
subject103,hand,2,0.02
subject103,hand,69,0.69
subject103,hand,40,0.4
subject103,hand,49,0.49
subject103,hand,5,0.05
subject103,hand,3,0.03
subject103,hand,3,0.03
subject103,hand,13,0.13
subject103,hand,19,0.19
subject103,hand,42,0.42
subject103,hand,49,0.49
subject103,hand,50,0.5
subject103,hand,5,0.05
subject103,hand,1,0.01
subject103,hand,1,0.01
subject103,hand,8,0.08
subject103,hand,2,0.02
subject103,hand,1,0.01
subject103,hand,2,0.02
subject103,hand,3,0.03
subject103,hand,58,0.58
subject103,hand,4,0.04
subject103,hand,6,0.06
subject103,hand,1,0.01
subject103,hand,23,0.23
subject103,hand,1,0.01
subject103,hand,13,0.13
subject103,hand,43,0.43
subject103,hand,37,0.37
subject103,hand,3,0.03
subject103,hand,49,0.49
subject103,hand,16,0.16
subject103,hand,3,0.03
subject103,hand,21,0.21
subject103,hand,1,0.01
subject103,hand,48,0.48
subject103,hand,43,0.43
subject103,hand,76,0.76
subject103,hand,1,0.01
subject103,hand,78,0.78
subject103,hand,130,1.3
subject103,hand,105,1.05
subject103,hand,94,0.94
subject103,hand,570,5.7
subject103,hand,12,0.12
subject103,hand,20,0.2
subject103,hand,298,2.98
subject103,hand,10,0.1
subject103,hand,8,0.08
subject103,hand,168,1.68
subject103,hand,90,0.9
subject103,hand,5,0.05
subject103,hand,506,5.06
subject103,hand,16,0.16
subject103,hand,85,0.85
subject103,hand,79,0.79
subject103,hand,4,0.04
subject103,hand,1111,11.11
subject103,hand,722,7.22
subject103,hand,9,0.09
subject103,hand,5676,56.76
subject103,chest,409,4.09
subject103,chest,4805,48.05
subject103,chest,2971,29.71
subject103,chest,461,4.61
subject103,chest,1159,11.59
subject103,chest,385,3.85
subject103,chest,25667,256.67
subject103,chest,5672,56.72
subject103,chest,25703,257.03
subject103,chest,9,0.09
subject103,chest,3658,36.58
subject103,chest,21,0.21
subject103,chest,1070,10.7
subject103,chest,587,5.87
subject103,chest,2146,21.46
subject103,chest,2034,20.34
subject103,chest,464,4.64
subject103,chest,104,1.04
subject103,chest,1,0.01
subject103,chest,3537,35.37
subject103,chest,1012,10.12
subject103,chest,2813,28.13
subject103,chest,2093,20.93
subject103,chest,2939,29.39
subject103,chest,417,4.17
subject103,chest,2303,23.03
subject103,chest,1064,10.64
subject103,chest,21,0.21
subject103,chest,385,3.85
subject103,chest,10707,107.07
subject103,chest,9698,96.98
subject103,chest,12623,126.23
subject103,chest,15,0.15
subject103,chest,257,2.57
subject103,chest,1448,14.48
subject103,chest,21706,217.06
subject103,chest,5325,53.25
subject103,chest,13704,137.04
subject103,chest,227,2.27
subject103,chest,5282,52.82
subject103,chest,185,1.85
subject103,chest,3,0.03
subject103,chest,125,1.25
subject103,chest,27375,273.75
subject103,chest,8640,86.4
subject103,chest,943,9.43
subject103,chest,5957,59.57
subject103,chest,4,0.04
subject103,chest,421,4.21
subject103,chest,1540,15.4
subject103,chest,482,4.82
subject103,chest,1,0.01
subject103,chest,1,0.01
subject103,chest,313,3.13
subject103,chest,1337,13.37
subject103,chest,285,2.85
subject103,chest,1,0.01
subject103,chest,2,0.02
subject103,chest,82,0.82
subject103,chest,404,4.04
subject103,chest,110,1.1
subject103,chest,83,0.83
subject103,chest,3,0.03
subject103,chest,86,0.86
subject103,chest,9,0.09
subject103,chest,96,0.96
subject103,chest,3,0.03
subject103,chest,274,2.74
subject103,chest,207,2.07
subject103,chest,407,4.07
subject103,chest,5368,53.68
subject103,chest,592,5.92
subject103,chest,642,6.42
subject103,chest,182,1.82
subject103,chest,150,1.5
subject103,chest,24,0.24
subject103,chest,269,2.69
subject103,chest,2,0.02
subject103,chest,216,2.16
subject103,chest,196,1.96
subject103,chest,7,0.07
subject103,chest,1268,12.68
subject103,chest,228,2.28
subject103,chest,11,0.11
subject103,chest,366,3.66
subject103,chest,949,9.49
subject103,chest,474,4.74
subject103,chest,3,0.03
subject103,chest,6,0.06
subject103,chest,591,5.91
subject103,chest,308,3.08
subject103,chest,440,4.4
subject103,chest,253,2.53
subject103,chest,156,1.56
subject103,chest,599,5.99
subject103,chest,98,0.98
subject103,chest,354,3.54
subject103,chest,80,0.8
subject103,chest,217,2.17
subject103,chest,92,0.92
subject103,chest,106,1.06
subject103,chest,203,2.03
subject103,chest,704,7.04
subject103,chest,380,3.8
subject103,chest,1005,10.05
subject103,chest,4893,48.93
subject103,chest,22,0.22
subject103,chest,1556,15.56
subject103,chest,643,6.43
subject103,chest,5,0.05
subject103,chest,1141,11.41
subject103,chest,956,9.56
subject103,chest,384,3.84
subject103,chest,773,7.73
subject103,ankle,245,2.45
subject103,ankle,99,0.99
subject103,ankle,359,3.59
subject103,ankle,7623,76.23
subject103,ankle,465,4.65
subject103,ankle,2384,23.84
subject103,ankle,2020,20.2
subject103,ankle,250,2.5
subject103,ankle,2270,22.7
subject103,ankle,17838,178.38
subject103,ankle,5799,57.99
subject103,ankle,115,1.15
subject103,ankle,1730,17.3
subject103,ankle,413,4.13
subject103,ankle,5280,52.8
subject103,ankle,16869,168.69
subject103,ankle,15,0.15
subject103,ankle,14,0.14
subject103,ankle,12316,123.16
subject103,ankle,185,1.85
subject103,ankle,1021,10.21
subject103,ankle,2530,25.3
subject103,ankle,36,0.36
subject103,ankle,1,0.01
subject103,ankle,2,0.02
subject103,ankle,15,0.15
subject103,ankle,1030,10.3
subject103,ankle,35,0.35
subject103,ankle,361,3.61
subject103,ankle,61,0.61
subject103,ankle,1,0.01
subject103,ankle,25,0.25
subject103,ankle,60,0.6
subject103,ankle,345,3.45
subject103,ankle,18,0.18
subject103,ankle,40,0.4
subject103,ankle,418,4.18
subject103,ankle,744,7.44
subject103,ankle,1210,12.1
subject103,ankle,459,4.59
subject103,ankle,141,1.41
subject103,ankle,22,0.22
subject103,ankle,98,0.98
subject103,ankle,32,0.32
subject103,ankle,1,0.01
subject103,ankle,80,0.8
subject103,ankle,182,1.82
subject103,ankle,4590,45.9
subject103,ankle,200,2.0
subject103,ankle,52,0.52
subject103,ankle,7295,72.95
subject103,ankle,138,1.38
subject103,ankle,1256,12.56
subject103,ankle,2935,29.35
subject103,ankle,3200,32.0
subject103,ankle,447,4.47
subject103,ankle,140,1.4
subject103,ankle,1564,15.64
subject103,ankle,1527,15.27
subject103,ankle,2053,20.53
subject103,ankle,442,4.42
subject103,ankle,109,1.09
subject103,ankle,935,9.35
subject103,ankle,767,7.67
subject103,ankle,10,0.1
subject103,ankle,3493,34.93
subject103,ankle,3005,30.05
subject103,ankle,1113,11.13
subject103,ankle,3838,38.38
subject103,ankle,1029,10.29
subject103,ankle,1055,10.55
subject103,ankle,560,5.6
subject103,ankle,463,4.63
subject103,ankle,2511,25.11
subject103,ankle,2021,20.21
subject103,ankle,8,0.08
subject103,ankle,211,2.11
subject103,ankle,665,6.65
subject103,ankle,1508,15.08
subject103,ankle,1004,10.04
subject103,ankle,924,9.24
subject103,ankle,706,7.06
subject103,ankle,491,4.91
subject103,ankle,1,0.01
subject103,ankle,1635,16.35
subject103,ankle,270,2.7
subject103,ankle,178,1.78
subject103,ankle,101,1.01
subject103,ankle,1254,12.54
subject103,ankle,210,2.1
subject103,ankle,85,0.85
subject103,ankle,61,0.61
subject103,ankle,91,0.91
subject103,ankle,1792,17.92
subject103,ankle,33,0.33
subject103,ankle,937,9.37
subject103,ankle,1649,16.49
subject103,ankle,1163,11.63
subject103,ankle,1762,17.62
subject103,ankle,222,2.22
subject103,ankle,6533,65.33
subject103,ankle,1566,15.66
subject103,ankle,2241,22.41
subject103,ankle,980,9.8
subject103,ankle,8529,85.29
subject103,ankle,1053,10.53
subject103,ankle,1,0.01
subject103,ankle,5867,58.67
subject103,ankle,5555,55.55
subject103,ankle,29,0.29
subject103,ankle,427,4.27
subject103,ankle,23,0.23
subject103,ankle,6136,61.36
subject103,ankle,1340,13.4
subject103,ankle,1692,16.92
subject103,ankle,2268,22.68
subject103,ankle,1366,13.66
subject103,ankle,385,3.85
subject103,ankle,2879,28.79
subject103,ankle,141,1.41
subject103,ankle,2640,26.4
subject103,ankle,2039,20.39
subject103,ankle,4274,42.74
subject103,ankle,3124,31.24
subject103,ankle,687,6.87
subject103,ankle,3926,39.26
subject103,ankle,127,1.27
subject103,ankle,148,1.48
subject103,ankle,321,3.21
subject103,ankle,548,5.48
subject103,ankle,140,1.4
subject103,ankle,185,1.85
subject103,ankle,117,1.17
subject103,ankle,421,4.21
subject103,ankle,1,0.01
subject103,ankle,23,0.23
subject103,ankle,50,0.5
subject103,ankle,98,0.98
subject103,ankle,52,0.52
subject103,ankle,102,1.02
subject103,ankle,96,0.96
subject103,ankle,148,1.48
subject103,ankle,84,0.84
subject103,ankle,63,0.63
subject103,ankle,92,0.92
subject103,ankle,67,0.67
subject103,ankle,1,0.01
subject103,ankle,34,0.34
subject103,ankle,122,1.22
subject103,ankle,109,1.09
subject103,ankle,15,0.15
subject103,ankle,40,0.4
subject103,ankle,51,0.51
subject103,ankle,3,0.03
subject103,ankle,24,0.24
subject103,ankle,12,0.12
subject103,ankle,7,0.07
subject103,ankle,94,0.94
subject103,ankle,51,0.51
subject103,ankle,2,0.02
subject103,ankle,47,0.47
subject103,ankle,52,0.52
subject103,ankle,196,1.96
subject103,ankle,115,1.15
subject103,ankle,307,3.07
subject103,ankle,211,2.11
subject103,ankle,154,1.54
subject103,ankle,125,1.25
subject103,ankle,14,0.14
subject103,ankle,29,0.29
subject103,ankle,14,0.14
subject103,ankle,84,0.84
subject103,ankle,65,0.65
subject103,ankle,86,0.86
subject103,ankle,197,1.97
subject103,ankle,248,2.48
subject103,ankle,6,0.06
subject103,ankle,236,2.36
subject103,ankle,4,0.04
subject103,ankle,24,0.24
subject103,ankle,82,0.82
subject103,ankle,14,0.14
subject103,ankle,60,0.6
subject103,ankle,31,0.31
subject103,ankle,10,0.1
subject103,ankle,82,0.82
subject103,ankle,187,1.87
subject103,ankle,17,0.17
subject103,ankle,8,0.08
subject103,ankle,196,1.96
subject103,ankle,64,0.64
subject103,ankle,14,0.14
subject103,ankle,125,1.25
subject103,ankle,106,1.06
subject103,ankle,20,0.2
subject103,ankle,20,0.2
subject103,ankle,23,0.23
subject103,ankle,48,0.48
subject103,ankle,831,8.31
subject103,ankle,459,4.59
subject103,ankle,211,2.11
subject103,ankle,157,1.57
subject103,ankle,42,0.42
subject103,ankle,24,0.24
subject103,ankle,28,0.28
subject103,ankle,60,0.6
subject103,ankle,1,0.01
subject103,ankle,30,0.3
subject103,ankle,5,0.05
subject103,ankle,2,0.02
subject103,ankle,21,0.21
subject103,ankle,10,0.1
subject103,ankle,7,0.07
subject103,ankle,4,0.04
subject103,ankle,44,0.44
subject103,ankle,7,0.07
subject103,ankle,85,0.85
subject103,ankle,105,1.05
subject103,ankle,2,0.02
subject103,ankle,91,0.91
subject103,ankle,150,1.5
subject103,ankle,44,0.44
subject103,ankle,187,1.87
subject103,ankle,371,3.71
subject103,ankle,79,0.79
subject103,ankle,410,4.1
subject103,ankle,226,2.26
subject103,ankle,39,0.39
subject103,ankle,424,4.24
subject103,ankle,321,3.21
subject103,ankle,44,0.44
subject103,ankle,75,0.75
subject103,ankle,1410,14.1
subject103,ankle,94,0.94
subject103,ankle,127,1.27
subject103,ankle,87,0.87
subject103,ankle,703,7.03
subject103,ankle,318,3.18
subject103,ankle,82,0.82
subject103,ankle,490,4.9
subject103,ankle,448,4.48
subject103,ankle,39,0.39
subject103,ankle,533,5.33
subject103,ankle,116,1.16
subject103,ankle,126,1.26
subject103,ankle,1,0.01
subject103,ankle,43,0.43
subject103,ankle,208,2.08
subject103,ankle,240,2.4
subject103,ankle,105,1.05
subject103,ankle,91,0.91
subject103,ankle,96,0.96
subject103,ankle,351,3.51
subject103,ankle,40,0.4
subject103,ankle,5,0.05
subject103,ankle,96,0.96
subject103,ankle,3,0.03
subject103,ankle,198,1.98
subject103,ankle,19,0.19
subject103,ankle,23,0.23
subject103,ankle,83,0.83
subject103,ankle,154,1.54
subject103,ankle,13,0.13
subject103,ankle,4,0.04
subject103,ankle,38,0.38
subject103,ankle,12,0.12
subject103,ankle,65,0.65
subject103,ankle,10,0.1
subject103,ankle,1,0.01
subject103,ankle,69,0.69
subject103,ankle,277,2.77
subject103,ankle,2,0.02
subject103,ankle,138,1.38
subject103,ankle,232,2.32
subject103,ankle,2,0.02
subject103,ankle,31,0.31
subject103,ankle,7,0.07
subject103,ankle,107,1.07
subject103,ankle,95,0.95
subject103,ankle,31,0.31
subject103,ankle,83,0.83
subject103,ankle,257,2.57
subject103,ankle,60,0.6
subject103,ankle,245,2.45
subject103,ankle,28,0.28
subject103,ankle,5,0.05
subject103,ankle,168,1.68
subject103,ankle,55,0.55
subject103,ankle,10,0.1
subject103,ankle,44,0.44
subject103,ankle,343,3.43
subject103,ankle,743,7.43
subject103,ankle,220,2.2
subject103,ankle,527,5.27
subject103,ankle,50,0.5
subject103,ankle,23,0.23
subject103,ankle,312,3.12
subject103,ankle,577,5.77
subject103,ankle,200,2.0
subject103,ankle,16,0.16
subject103,ankle,23,0.23
subject103,ankle,70,0.7
subject103,ankle,100,1.0
subject103,ankle,3,0.03
subject103,ankle,88,0.88
subject103,ankle,43,0.43
subject103,ankle,12,0.12
subject103,ankle,32,0.32
subject103,ankle,7,0.07
subject103,ankle,5,0.05
subject103,ankle,42,0.42
subject103,ankle,34,0.34
subject103,ankle,18,0.18
subject103,ankle,294,2.94
subject103,ankle,2,0.02
subject103,ankle,36,0.36
subject103,ankle,60,0.6
subject103,ankle,5,0.05
subject103,ankle,148,1.48
subject103,ankle,340,3.4
subject103,ankle,107,1.07
subject103,ankle,341,3.41
subject103,ankle,88,0.88
subject103,ankle,800,8.0
subject103,ankle,466,4.66
subject103,ankle,1375,13.75
subject103,ankle,1150,11.5
subject103,ankle,4,0.04
subject103,ankle,379,3.79
subject103,ankle,940,9.4
subject103,ankle,1105,11.05
subject103,ankle,203,2.03
subject103,ankle,151,1.51
subject103,ankle,45,0.45
subject103,ankle,75,0.75
subject103,ankle,1156,11.56
subject103,ankle,62,0.62
subject103,ankle,126,1.26
subject103,ankle,280,2.8
subject103,ankle,551,5.51
subject103,ankle,3016,30.16
subject104,hand,1,0.01
subject104,hand,197,1.97
subject104,hand,1645,16.45
subject104,hand,22979,229.79
subject104,hand,1475,14.75
subject104,hand,83,0.83
subject104,hand,8677,86.77
subject104,hand,106,1.06
subject104,hand,243,2.43
subject104,hand,159,1.59
subject104,hand,20011,200.11
subject104,hand,6639,66.39
subject104,hand,2730,27.3
subject104,hand,2764,27.64
subject104,hand,158,1.58
subject104,hand,67,0.67
subject104,hand,500,5.0
subject104,hand,1480,14.8
subject104,hand,2733,27.33
subject104,hand,596,5.96
subject104,hand,2573,25.73
subject104,hand,2280,22.8
subject104,hand,11759,117.59
subject104,hand,12552,125.52
subject104,hand,2824,28.24
subject104,hand,1931,19.31
subject104,hand,1349,13.49
subject104,hand,9810,98.1
subject104,hand,1215,12.15
subject104,hand,2987,29.87
subject104,hand,10260,102.6
subject104,hand,3,0.03
subject104,hand,16012,160.12
subject104,hand,11071,110.71
subject104,hand,604,6.04
subject104,hand,37929,379.29
subject104,hand,292,2.92
subject104,hand,1014,10.14
subject104,hand,539,5.39
subject104,hand,1276,12.76
subject104,hand,957,9.57
subject104,hand,304,3.04
subject104,hand,5154,51.54
subject104,hand,7408,74.08
subject104,hand,202,2.02
subject104,hand,1,0.01
subject104,hand,2,0.02
subject104,hand,212,2.12
subject104,hand,27,0.27
subject104,hand,226,2.26
subject104,hand,2,0.02
subject104,hand,10,0.1
subject104,hand,7,0.07
subject104,hand,2,0.02
subject104,hand,3,0.03
subject104,hand,75,0.75
subject104,hand,4,0.04
subject104,hand,1,0.01
subject104,hand,15,0.15
subject104,hand,10,0.1
subject104,hand,1,0.01
subject104,hand,3,0.03
subject104,hand,114,1.14
subject104,hand,97,0.97
subject104,hand,1,0.01
subject104,hand,207,2.07
subject104,hand,33,0.33
subject104,hand,4,0.04
subject104,hand,3,0.03
subject104,hand,2,0.02
subject104,hand,1,0.01
subject104,hand,68,0.68
subject104,hand,30,0.3
subject104,hand,5,0.05
subject104,hand,8,0.08
subject104,hand,69,0.69
subject104,hand,9,0.09
subject104,hand,110,1.1
subject104,hand,24,0.24
subject104,hand,7,0.07
subject104,hand,2,0.02
subject104,hand,64,0.64
subject104,hand,4,0.04
subject104,hand,1,0.01
subject104,hand,1,0.01
subject104,hand,20,0.2
subject104,hand,2,0.02
subject104,hand,9,0.09
subject104,hand,70,0.7
subject104,hand,2,0.02
subject104,hand,2,0.02
subject104,hand,2,0.02
subject104,hand,6,0.06
subject104,hand,17,0.17
subject104,hand,71,0.71
subject104,hand,25,0.25
subject104,hand,13,0.13
subject104,hand,1,0.01
subject104,hand,3,0.03
subject104,hand,1,0.01
subject104,hand,61,0.61
subject104,hand,32,0.32
subject104,hand,68,0.68
subject104,hand,3,0.03
subject104,hand,1,0.01
subject104,hand,112,1.12
subject104,hand,24,0.24
subject104,hand,1,0.01
subject104,hand,14,0.14
subject104,hand,66,0.66
subject104,hand,1,0.01
subject104,hand,10,0.1
subject104,hand,1,0.01
subject104,hand,21,0.21
subject104,hand,73,0.73
subject104,hand,18,0.18
subject104,hand,12,0.12
subject104,hand,5,0.05
subject104,hand,1,0.01
subject104,hand,1,0.01
subject104,hand,65,0.65
subject104,hand,5,0.05
subject104,hand,2,0.02
subject104,hand,2,0.02
subject104,hand,17,0.17
subject104,hand,1,0.01
subject104,hand,1,0.01
subject104,hand,1,0.01
subject104,hand,1,0.01
subject104,hand,1,0.01
subject104,hand,64,0.64
subject104,hand,3,0.03
subject104,hand,1,0.01
subject104,hand,1,0.01
subject104,hand,9,0.09
subject104,hand,1,0.01
subject104,hand,14,0.14
subject104,hand,2,0.02
subject104,hand,1,0.01
subject104,hand,4,0.04
subject104,hand,67,0.67
subject104,hand,3,0.03
subject104,hand,29,0.29
subject104,hand,1,0.01
subject104,hand,65,0.65
subject104,hand,3,0.03
subject104,hand,4,0.04
subject104,hand,10,0.1
subject104,hand,19,0.19
subject104,hand,2,0.02
subject104,hand,67,0.67
subject104,hand,2,0.02
subject104,hand,2,0.02
subject104,hand,11,0.11
subject104,hand,1,0.01
subject104,hand,2,0.02
subject104,hand,4,0.04
subject104,hand,6,0.06
subject104,hand,3,0.03
subject104,hand,69,0.69
subject104,hand,2,0.02
subject104,hand,3,0.03
subject104,hand,5,0.05
subject104,hand,5,0.05
subject104,hand,4,0.04
subject104,hand,1,0.01
subject104,hand,3,0.03
subject104,hand,2,0.02
subject104,hand,1,0.01
subject104,hand,1,0.01
subject104,hand,64,0.64
subject104,hand,1,0.01
subject104,hand,1,0.01
subject104,hand,2,0.02
subject104,hand,1,0.01
subject104,hand,15,0.15
subject104,hand,1,0.01
subject104,hand,5,0.05
subject104,hand,66,0.66
subject104,hand,4,0.04
subject104,hand,1,0.01
subject104,hand,2,0.02
subject104,hand,1,0.01
subject104,hand,1,0.01
subject104,hand,6,0.06
subject104,hand,16,0.16
subject104,hand,1,0.01
subject104,hand,1,0.01
subject104,hand,64,0.64
subject104,hand,4,0.04
subject104,hand,3,0.03
subject104,hand,6,0.06
subject104,hand,1,0.01
subject104,hand,1,0.01
subject104,hand,1,0.01
subject104,hand,2,0.02
subject104,hand,8,0.08
subject104,hand,4,0.04
subject104,hand,69,0.69
subject104,hand,3,0.03
subject104,hand,1,0.01
subject104,hand,1,0.01
subject104,hand,3,0.03
subject104,hand,9,0.09
subject104,hand,12,0.12
subject104,hand,3,0.03
subject104,hand,2,0.02
subject104,hand,5,0.05
subject104,hand,82,0.82
subject104,hand,5,0.05
subject104,hand,8,0.08
subject104,hand,1,0.01
subject104,hand,82,0.82
subject104,hand,10,0.1
subject104,hand,5,0.05
subject104,hand,2,0.02
subject104,hand,2,0.02
subject104,hand,12,0.12
subject104,hand,3,0.03
subject104,hand,2,0.02
subject104,hand,64,0.64
subject104,hand,3,0.03
subject104,hand,16,0.16
subject104,hand,9,0.09
subject104,hand,5,0.05
subject104,hand,3,0.03
subject104,hand,67,0.67
subject104,hand,3,0.03
subject104,hand,7,0.07
subject104,hand,4,0.04
subject104,hand,5,0.05
subject104,hand,5,0.05
subject104,hand,8,0.08
subject104,hand,2,0.02
subject104,hand,87,0.87
subject104,hand,1,0.01
subject104,hand,1,0.01
subject104,hand,3,0.03
subject104,hand,15,0.15
subject104,hand,2,0.02
subject104,hand,68,0.68
subject104,hand,5,0.05
subject104,hand,2,0.02
subject104,hand,4,0.04
subject104,hand,5,0.05
subject104,hand,14,0.14
subject104,hand,1,0.01
subject104,hand,87,0.87
subject104,hand,31,0.31
subject104,hand,67,0.67
subject104,hand,38,0.38
subject104,hand,1,0.01
subject104,hand,5,0.05
subject104,hand,80,0.8
subject104,hand,128,1.28
subject104,hand,5,0.05
subject104,hand,27,0.27
subject104,hand,215,2.15
subject104,hand,75,0.75
subject104,hand,20,0.2
subject104,hand,24,0.24
subject104,hand,72,0.72
subject104,hand,36,0.36
subject104,hand,7,0.07
subject104,hand,2,0.02
subject104,hand,67,0.67
subject104,hand,10,0.1
subject104,hand,27,0.27
subject104,hand,1,0.01
subject104,hand,80,0.8
subject104,hand,129,1.29
subject104,hand,31,0.31
subject104,hand,62,0.62
subject104,hand,43,0.43
subject104,hand,82,0.82
subject104,hand,348,3.48
subject104,hand,159,1.59
subject104,hand,74,0.74
subject104,hand,343,3.43
subject104,hand,40,0.4
subject104,hand,132,1.32
subject104,hand,64,0.64
subject104,hand,3,0.03
subject104,hand,229,2.29
subject104,hand,107,1.07
subject104,hand,7,0.07
subject104,hand,24,0.24
subject104,hand,17,0.17
subject104,hand,9,0.09
subject104,hand,6,0.06
subject104,hand,116,1.16
subject104,hand,65,0.65
subject104,hand,2,0.02
subject104,hand,1,0.01
subject104,hand,28,0.28
subject104,hand,1,0.01
subject104,hand,68,0.68
subject104,hand,1,0.01
subject104,hand,4,0.04
subject104,hand,3,0.03
subject104,hand,19,0.19
subject104,hand,15,0.15
subject104,hand,60,0.6
subject104,hand,6,0.06
subject104,hand,3,0.03
subject104,hand,32,0.32
subject104,hand,3,0.03
subject104,hand,1,0.01
subject104,hand,6,0.06
subject104,hand,62,0.62
subject104,hand,29,0.29
subject104,hand,136,1.36
subject104,hand,1,0.01
subject104,hand,51,0.51
subject104,hand,7,0.07
subject104,hand,18,0.18
subject104,hand,18,0.18
subject104,hand,1,0.01
subject104,hand,2,0.02
subject104,hand,1,0.01
subject104,hand,49,0.49
subject104,hand,6,0.06
subject104,hand,3,0.03
subject104,hand,3,0.03
subject104,hand,3,0.03
subject104,hand,3,0.03
subject104,hand,3,0.03
subject104,hand,15,0.15
subject104,hand,2,0.02
subject104,hand,8,0.08
subject104,hand,49,0.49
subject104,hand,4,0.04
subject104,hand,3,0.03
subject104,hand,6,0.06
subject104,hand,1,0.01
subject104,hand,3,0.03
subject104,hand,4,0.04
subject104,hand,2,0.02
subject104,hand,19,0.19
subject104,hand,5,0.05
subject104,hand,1,0.01
subject104,hand,2,0.02
subject104,hand,62,0.62
subject104,hand,1,0.01
subject104,hand,2,0.02
subject104,hand,2,0.02
subject104,hand,2,0.02
subject104,hand,31,0.31
subject104,hand,4,0.04
subject104,hand,80,0.8
subject104,hand,3,0.03
subject104,hand,8,0.08
subject104,hand,6,0.06
subject104,hand,5,0.05
subject104,hand,4,0.04
subject104,hand,1,0.01
subject104,hand,2,0.02
subject104,hand,80,0.8
subject104,hand,2,0.02
subject104,hand,4,0.04
subject104,hand,5,0.05
subject104,hand,1,0.01
subject104,hand,1,0.01
subject104,hand,2,0.02
subject104,hand,5,0.05
subject104,hand,2,0.02
subject104,hand,67,0.67
subject104,hand,2,0.02
subject104,hand,44,0.44
subject104,hand,2,0.02
subject104,hand,63,0.63
subject104,hand,1,0.01
subject104,hand,3,0.03
subject104,hand,1,0.01
subject104,hand,2,0.02
subject104,hand,1,0.01
subject104,hand,2,0.02
subject104,hand,2,0.02
subject104,hand,3,0.03
subject104,hand,3,0.03
subject104,hand,2,0.02
subject104,hand,3,0.03
subject104,hand,2,0.02
subject104,hand,64,0.64
subject104,hand,2,0.02
subject104,hand,3,0.03
subject104,hand,2,0.02
subject104,hand,18,0.18
subject104,hand,3,0.03
subject104,hand,1,0.01
subject104,hand,1,0.01
subject104,hand,3,0.03
subject104,hand,55,0.55
subject104,hand,3,0.03
subject104,hand,10,0.1
subject104,hand,4,0.04
subject104,hand,26,0.26
subject104,hand,3,0.03
subject104,hand,65,0.65
subject104,hand,2,0.02
subject104,hand,2,0.02
subject104,hand,4,0.04
subject104,hand,23,0.23
subject104,hand,10,0.1
subject104,hand,3,0.03
subject104,hand,2,0.02
subject104,hand,60,0.6
subject104,hand,10,0.1
subject104,hand,5,0.05
subject104,hand,27,0.27
subject104,hand,5,0.05
subject104,hand,66,0.66
subject104,hand,2,0.02
subject104,hand,1,0.01
subject104,hand,1,0.01
subject104,hand,4,0.04
subject104,hand,4,0.04
subject104,hand,1,0.01
subject104,hand,2,0.02
subject104,hand,2,0.02
subject104,hand,3,0.03
subject104,hand,5,0.05
subject104,hand,1,0.01
subject104,hand,4,0.04
subject104,hand,111,1.11
subject104,hand,63,0.63
subject104,hand,2,0.02
subject104,hand,38,0.38
subject104,hand,7,0.07
subject104,hand,2,0.02
subject104,hand,65,0.65
subject104,hand,158,1.58
subject104,hand,84,0.84
subject104,hand,3,0.03
subject104,hand,2,0.02
subject104,hand,4,0.04
subject104,hand,101,1.01
subject104,hand,7,0.07
subject104,hand,27,0.27
subject104,hand,4,0.04
subject104,hand,70,0.7
subject104,hand,11,0.11
subject104,hand,4,0.04
subject104,hand,27,0.27
subject104,hand,4,0.04
subject104,hand,66,0.66
subject104,hand,26,0.26
subject104,hand,102,1.02
subject104,hand,4,0.04
subject104,hand,225,2.25
subject104,hand,153,1.53
subject104,hand,6,0.06
subject104,hand,95,0.95
subject104,hand,2,0.02
subject104,hand,139,1.39
subject104,hand,2,0.02
subject104,hand,72,0.72
subject104,hand,2,0.02
subject104,hand,40,0.4
subject104,hand,69,0.69
subject104,hand,2,0.02
subject104,hand,1,0.01
subject104,hand,32,0.32
subject104,hand,80,0.8
subject104,hand,240,2.4
subject104,hand,11,0.11
subject104,hand,24,0.24
subject104,hand,219,2.19
subject104,hand,201,2.01
subject104,hand,53,0.53
subject104,hand,111,1.11
subject104,hand,234,2.34
subject104,hand,819,8.19
subject104,hand,115,1.15
subject104,hand,198,1.98
subject104,hand,498,4.98
subject104,hand,29,0.29
subject104,hand,86,0.86
subject104,hand,818,8.18
subject104,hand,112,1.12
subject104,hand,26,0.26
subject104,hand,14,0.14
subject104,hand,68,0.68
subject104,hand,18,0.18
subject104,hand,104,1.04
subject104,hand,120,1.2
subject104,hand,108,1.08
subject104,hand,2,0.02
subject104,hand,38,0.38
subject104,hand,3,0.03
subject104,hand,73,0.73
subject104,hand,5,0.05
subject104,hand,4,0.04
subject104,hand,3,0.03
subject104,hand,11,0.11
subject104,hand,5,0.05
subject104,hand,71,0.71
subject104,hand,41,0.41
subject104,hand,72,0.72
subject104,hand,28,0.28
subject104,hand,3,0.03
subject104,hand,79,0.79
subject104,hand,1,0.01
subject104,hand,40,0.4
subject104,hand,72,0.72
subject104,hand,30,0.3
subject104,hand,87,0.87
subject104,hand,5,0.05
subject104,hand,21,0.21
subject104,hand,14,0.14
subject104,hand,69,0.69
subject104,hand,1,0.01
subject104,hand,30,0.3
subject104,hand,84,0.84
subject104,hand,116,1.16
subject104,hand,34,0.34
subject104,hand,6,0.06
subject104,hand,68,0.68
subject104,hand,3,0.03
subject104,hand,5,0.05
subject104,hand,2,0.02
subject104,hand,4,0.04
subject104,hand,15,0.15
subject104,hand,84,0.84
subject104,hand,13,0.13
subject104,hand,2,0.02
subject104,hand,4,0.04
subject104,hand,1,0.01
subject104,hand,1,0.01
subject104,hand,3,0.03
subject104,hand,67,0.67
subject104,hand,2,0.02
subject104,hand,1,0.01
subject104,hand,7,0.07
subject104,hand,7,0.07
subject104,hand,5,0.05
subject104,hand,6,0.06
subject104,hand,4,0.04
subject104,hand,66,0.66
subject104,hand,2,0.02
subject104,hand,30,0.3
subject104,hand,7,0.07
subject104,hand,3,0.03
subject104,hand,1,0.01
subject104,hand,3,0.03
subject104,hand,60,0.6
subject104,hand,4,0.04
subject104,hand,4,0.04
subject104,hand,2,0.02
subject104,hand,11,0.11
subject104,hand,1,0.01
subject104,hand,66,0.66
subject104,hand,1,0.01
subject104,hand,23,0.23
subject104,hand,1,0.01
subject104,hand,1,0.01
subject104,hand,1,0.01
subject104,hand,66,0.66
subject104,hand,29,0.29
subject104,hand,7,0.07
subject104,hand,2,0.02
subject104,hand,71,0.71
subject104,hand,1,0.01
subject104,hand,26,0.26
subject104,hand,10,0.1
subject104,hand,72,0.72
subject104,hand,1,0.01
subject104,hand,1,0.01
subject104,hand,1,0.01
subject104,hand,23,0.23
subject104,hand,12,0.12
subject104,hand,71,0.71
subject104,hand,2,0.02
subject104,hand,1,0.01
subject104,hand,2,0.02
subject104,hand,1,0.01
subject104,hand,3,0.03
subject104,hand,22,0.22
subject104,hand,2,0.02
subject104,hand,66,0.66
subject104,hand,19,0.19
subject104,hand,9,0.09
subject104,hand,3,0.03
subject104,hand,1,0.01
subject104,hand,2,0.02
subject104,hand,85,0.85
subject104,hand,10,0.1
subject104,hand,7,0.07
subject104,hand,1,0.01
subject104,hand,4,0.04
subject104,hand,75,0.75
subject104,hand,27,0.27
subject104,hand,3,0.03
subject104,hand,1,0.01
subject104,hand,1,0.01
subject104,hand,1,0.01
subject104,hand,75,0.75
subject104,hand,3,0.03
subject104,hand,5,0.05
subject104,hand,5,0.05
subject104,hand,14,0.14
subject104,hand,1,0.01
subject104,hand,5,0.05
subject104,hand,65,0.65
subject104,hand,2,0.02
subject104,hand,2,0.02
subject104,hand,1,0.01
subject104,hand,4,0.04
subject104,hand,1,0.01
subject104,hand,1,0.01
subject104,hand,3,0.03
subject104,hand,8,0.08
subject104,hand,3,0.03
subject104,hand,1,0.01
subject104,hand,115,1.15
subject104,hand,3,0.03
subject104,hand,8,0.08
subject104,hand,57,0.57
subject104,hand,4,0.04
subject104,hand,1,0.01
subject104,hand,11,0.11
subject104,hand,3,0.03
subject104,hand,13,0.13
subject104,hand,78,0.78
subject104,hand,1,0.01
subject104,hand,3,0.03
subject104,hand,3,0.03
subject104,hand,5,0.05
subject104,hand,3,0.03
subject104,hand,12,0.12
subject104,hand,1,0.01
subject104,hand,4,0.04
subject104,hand,3,0.03
subject104,hand,4,0.04
subject104,hand,62,0.62
subject104,hand,1,0.01
subject104,hand,2,0.02
subject104,hand,27,0.27
subject104,hand,2,0.02
subject104,hand,1,0.01
subject104,hand,70,0.7
subject104,hand,2,0.02
subject104,hand,24,0.24
subject104,hand,1,0.01
subject104,hand,1,0.01
subject104,hand,1,0.01
subject104,hand,2,0.02
subject104,hand,80,0.8
subject104,hand,1,0.01
subject104,hand,1,0.01
subject104,hand,13,0.13
subject104,hand,9,0.09
subject104,hand,1,0.01
subject104,hand,9,0.09
subject104,hand,2,0.02
subject104,hand,89,0.89
subject104,hand,3,0.03
subject104,hand,91,0.91
subject104,hand,1,0.01
subject104,hand,2,0.02
subject104,hand,5,0.05
subject104,hand,3,0.03
subject104,hand,1,0.01
subject104,hand,2,0.02
subject104,hand,1,0.01
subject104,hand,3,0.03
subject104,hand,92,0.92
subject104,hand,1,0.01
subject104,hand,3,0.03
subject104,hand,1,0.01
subject104,hand,6,0.06
subject104,hand,3,0.03
subject104,hand,2,0.02
subject104,hand,1,0.01
subject104,hand,4,0.04
subject104,hand,2,0.02
subject104,hand,78,0.78
subject104,hand,1,0.01
subject104,hand,30,0.3
subject104,hand,6,0.06
subject104,hand,64,0.64
subject104,hand,3,0.03
subject104,hand,4,0.04
subject104,hand,28,0.28
subject104,hand,2,0.02
subject104,hand,1,0.01
subject104,hand,1,0.01
subject104,hand,186,1.86
subject104,hand,38,0.38
subject104,hand,77,0.77
subject104,hand,13,0.13
subject104,hand,23,0.23
subject104,hand,97,0.97
subject104,hand,97,0.97
subject104,hand,1,0.01
subject104,hand,150,1.5
subject104,hand,131,1.31
subject104,hand,64,0.64
subject104,hand,45,0.45
subject104,hand,191,1.91
subject104,hand,396,3.96
subject104,hand,73,0.73
subject104,hand,8,0.08
subject104,hand,145,1.45
subject104,hand,185,1.85
subject104,hand,41,0.41
subject104,hand,6,0.06
subject104,hand,105,1.05
subject104,hand,82,0.82
subject104,hand,33,0.33
subject104,hand,189,1.89
subject104,hand,360,3.6
subject104,hand,43,0.43
subject104,hand,70,0.7
subject104,hand,4,0.04
subject104,hand,48,0.48
subject104,hand,63,0.63
subject104,hand,27,0.27
subject104,hand,10,0.1
subject104,hand,79,0.79
subject104,hand,4,0.04
subject104,hand,3,0.03
subject104,hand,11,0.11
subject104,hand,19,0.19
subject104,hand,66,0.66
subject104,hand,4,0.04
subject104,hand,1,0.01
subject104,hand,4,0.04
subject104,hand,3,0.03
subject104,hand,1,0.01
subject104,hand,1,0.01
subject104,hand,5,0.05
subject104,hand,3,0.03
subject104,hand,2,0.02
subject104,hand,1,0.01
subject104,hand,3,0.03
subject104,hand,76,0.76
subject104,hand,5,0.05
subject104,hand,6,0.06
subject104,hand,4,0.04
subject104,hand,1,0.01
subject104,hand,1,0.01
subject104,hand,1,0.01
subject104,hand,1,0.01
subject104,hand,1,0.01
subject104,hand,14,0.14
subject104,hand,58,0.58
subject104,hand,10,0.1
subject104,hand,12,0.12
subject104,hand,5,0.05
subject104,hand,10,0.1
subject104,hand,8,0.08
subject104,hand,69,0.69
subject104,hand,1,0.01
subject104,hand,39,0.39
subject104,hand,73,0.73
subject104,hand,119,1.19
subject104,hand,32,0.32
subject104,hand,8,0.08
subject104,hand,71,0.71
subject104,hand,19,0.19
subject104,hand,1,0.01
subject104,hand,2,0.02
subject104,hand,2,0.02
subject104,hand,7,0.07
subject104,hand,80,0.8
subject104,hand,8,0.08
subject104,hand,16,0.16
subject104,hand,3,0.03
subject104,hand,20,0.2
subject104,hand,68,0.68
subject104,hand,7,0.07
subject104,hand,13,0.13
subject104,hand,12,0.12
subject104,hand,3,0.03
subject104,hand,76,0.76
subject104,hand,2,0.02
subject104,hand,27,0.27
subject104,hand,6,0.06
subject104,hand,4,0.04
subject104,hand,4,0.04
subject104,hand,81,0.81
subject104,hand,20,0.2
subject104,hand,5,0.05
subject104,hand,4,0.04
subject104,hand,1,0.01
subject104,hand,64,0.64
subject104,hand,4,0.04
subject104,hand,32,0.32
subject104,hand,1,0.01
subject104,hand,6,0.06
subject104,hand,61,0.61
subject104,hand,2,0.02
subject104,hand,42,0.42
subject104,hand,65,0.65
subject104,hand,2,0.02
subject104,hand,15,0.15
subject104,hand,1,0.01
subject104,hand,12,0.12
subject104,hand,4,0.04
subject104,hand,78,0.78
subject104,hand,29,0.29
subject104,hand,2,0.02
subject104,hand,1,0.01
subject104,hand,116,1.16
subject104,hand,5,0.05
subject104,hand,87,0.87
subject104,hand,97,0.97
subject104,hand,3,0.03
subject104,hand,37,0.37
subject104,hand,7,0.07
subject104,hand,90,0.9
subject104,hand,21,0.21
subject104,hand,109,1.09
subject104,hand,2,0.02
subject104,hand,2,0.02
subject104,hand,74,0.74
subject104,hand,22,0.22
subject104,hand,4,0.04
subject104,hand,3,0.03
subject104,hand,6,0.06
subject104,hand,75,0.75
subject104,hand,10,0.1
subject104,hand,7,0.07
subject104,hand,216,2.16
subject104,hand,3,0.03
subject104,hand,38,0.38
subject104,hand,1,0.01
subject104,hand,1,0.01
subject104,hand,118,1.18
subject104,hand,68,0.68
subject104,hand,38,0.38
subject104,hand,3,0.03
subject104,hand,1,0.01
subject104,hand,2,0.02
subject104,hand,114,1.14
subject104,hand,60,0.6
subject104,hand,39,0.39
subject104,hand,91,0.91
subject104,hand,240,2.4
subject104,hand,101,1.01
subject104,hand,1,0.01
subject104,hand,5,0.05
subject104,hand,4,0.04
subject104,hand,2,0.02
subject104,hand,18,0.18
subject104,hand,72,0.72
subject104,hand,2,0.02
subject104,hand,43,0.43
subject104,hand,67,0.67
subject104,hand,41,0.41
subject104,hand,4,0.04
subject104,hand,5,0.05
subject104,hand,65,0.65
subject104,hand,2,0.02
subject104,hand,6,0.06
subject104,hand,126,1.26
subject104,hand,323,3.23
subject104,hand,134,1.34
subject104,hand,83,0.83
subject104,hand,157,1.57
subject104,hand,490,4.9
subject104,hand,3544,35.44
subject104,hand,246,2.46
subject104,hand,191,1.91
subject104,hand,98,0.98
subject104,hand,722,7.22
subject104,hand,256,2.56
subject104,hand,9379,93.79
subject104,hand,1231,12.31
subject104,hand,214,2.14
subject104,hand,107,1.07
subject104,hand,6,0.06
subject104,hand,3,0.03
subject104,hand,105,1.05
subject104,hand,120,1.2
subject104,hand,2,0.02
subject104,hand,5,0.05
subject104,hand,81,0.81
subject104,hand,128,1.28
subject104,hand,90,0.9
subject104,hand,26,0.26
subject104,hand,79,0.79
subject104,hand,14,0.14
subject104,hand,10,0.1
subject104,hand,88,0.88
subject104,hand,25,0.25
subject104,hand,76,0.76
subject104,hand,4,0.04
subject104,hand,7,0.07
subject104,hand,3,0.03
subject104,hand,11,0.11
subject104,hand,3,0.03
subject104,hand,91,0.91
subject104,hand,12,0.12
subject104,hand,80,0.8
subject104,hand,1,0.01
subject104,hand,139,1.39
subject104,hand,76,0.76
subject104,hand,2,0.02
subject104,hand,9,0.09
subject104,hand,1,0.01
subject104,hand,90,0.9
subject104,hand,12,0.12
subject104,hand,2,0.02
subject104,hand,1,0.01
subject104,hand,1,0.01
subject104,hand,2,0.02
subject104,hand,101,1.01
subject104,hand,1,0.01
subject104,hand,81,0.81
subject104,hand,3,0.03
subject104,hand,3,0.03
subject104,hand,2,0.02
subject104,hand,3,0.03
subject104,hand,109,1.09
subject104,hand,109,1.09
subject104,hand,3,0.03
subject104,hand,85,0.85
subject104,hand,9,0.09
subject104,hand,1,0.01
subject104,hand,3,0.03
subject104,hand,5,0.05
subject104,hand,1,0.01
subject104,hand,98,0.98
subject104,hand,82,0.82
subject104,hand,2,0.02
subject104,hand,1,0.01
subject104,hand,16,0.16
subject104,hand,4,0.04
subject104,hand,83,0.83
subject104,hand,2,0.02
subject104,hand,3,0.03
subject104,hand,1,0.01
subject104,hand,13,0.13
subject104,hand,8,0.08
subject104,hand,1,0.01
subject104,hand,72,0.72
subject104,hand,26,0.26
subject104,hand,77,0.77
subject104,hand,129,1.29
subject104,hand,4,0.04
subject104,hand,3,0.03
subject104,hand,3,0.03
subject104,hand,5,0.05
subject104,hand,2,0.02
subject104,hand,87,0.87
subject104,hand,1,0.01
subject104,hand,2,0.02
subject104,hand,1,0.01
subject104,hand,1,0.01
subject104,hand,1,0.01
subject104,hand,1,0.01
subject104,hand,78,0.78
subject104,hand,9,0.09
subject104,hand,1,0.01
subject104,hand,12,0.12
subject104,hand,3,0.03
subject104,hand,1,0.01
subject104,hand,1,0.01
subject104,hand,1,0.01
subject104,hand,74,0.74
subject104,hand,15,0.15
subject104,hand,2,0.02
subject104,hand,8,0.08
subject104,hand,1,0.01
subject104,hand,81,0.81
subject104,hand,20,0.2
subject104,hand,88,0.88
subject104,hand,4,0.04
subject104,hand,16,0.16
subject104,hand,203,2.03
subject104,hand,3,0.03
subject104,hand,224,2.24
subject104,hand,3,0.03
subject104,hand,90,0.9
subject104,hand,24,0.24
subject104,hand,85,0.85
subject104,hand,25,0.25
subject104,hand,101,1.01
subject104,hand,226,2.26
subject104,hand,88,0.88
subject104,hand,695,6.95
subject104,hand,441,4.41
subject104,hand,344,3.44
subject104,hand,120,1.2
subject104,hand,10,0.1
subject104,hand,105,1.05
subject104,hand,5,0.05
subject104,hand,111,1.11
subject104,hand,122,1.22
subject104,hand,119,1.19
subject104,hand,91,0.91
subject104,hand,1,0.01
subject104,hand,17,0.17
subject104,hand,5,0.05
subject104,hand,228,2.28
subject104,hand,4,0.04
subject104,hand,106,1.06
subject104,hand,84,0.84
subject104,hand,19,0.19
subject104,hand,2,0.02
subject104,hand,3,0.03
subject104,hand,1,0.01
subject104,hand,1,0.01
subject104,hand,75,0.75
subject104,hand,22,0.22
subject104,hand,1,0.01
subject104,hand,1,0.01
subject104,hand,3,0.03
subject104,hand,77,0.77
subject104,hand,2,0.02
subject104,hand,18,0.18
subject104,hand,1,0.01
subject104,hand,3,0.03
subject104,hand,3,0.03
subject104,hand,79,0.79
subject104,hand,16,0.16
subject104,hand,3,0.03
subject104,hand,2,0.02
subject104,hand,1,0.01
subject104,hand,79,0.79
subject104,hand,19,0.19
subject104,hand,5,0.05
subject104,hand,4,0.04
subject104,hand,177,1.77
subject104,hand,5,0.05
subject104,hand,26,0.26
subject104,hand,84,0.84
subject104,hand,3,0.03
subject104,hand,15,0.15
subject104,hand,4,0.04
subject104,hand,4,0.04
subject104,hand,1,0.01
subject104,hand,90,0.9
subject104,hand,3,0.03
subject104,hand,1,0.01
subject104,hand,1,0.01
subject104,hand,2,0.02
subject104,hand,3,0.03
subject104,hand,3,0.03
subject104,hand,4,0.04
subject104,hand,66,0.66
subject104,hand,2,0.02
subject104,hand,2,0.02
subject104,hand,5,0.05
subject104,hand,2,0.02
subject104,hand,3,0.03
subject104,hand,2,0.02
subject104,hand,1,0.01
subject104,hand,4,0.04
subject104,hand,3,0.03
subject104,hand,2,0.02
subject104,hand,78,0.78
subject104,hand,112,1.12
subject104,hand,10,0.1
subject104,hand,75,0.75
subject104,hand,21,0.21
subject104,hand,5,0.05
subject104,hand,5,0.05
subject104,hand,94,0.94
subject104,hand,23,0.23
subject104,hand,321,3.21
subject104,hand,11,0.11
subject104,hand,433,4.33
subject104,hand,214,2.14
subject104,hand,26,0.26
subject104,hand,69,0.69
subject104,hand,8,0.08
subject104,hand,3,0.03
subject104,hand,11,0.11
subject104,hand,3,0.03
subject104,hand,96,0.96
subject104,hand,2,0.02
subject104,hand,767,7.67
subject104,hand,5,0.05
subject104,hand,1881,18.81
subject104,hand,206,2.06
subject104,hand,119,1.19
subject104,hand,466,4.66
subject104,hand,14,0.14
subject104,hand,1,0.01
subject104,hand,324,3.24
subject104,hand,9,0.09
subject104,hand,6,0.06
subject104,hand,3,0.03
subject104,hand,7,0.07
subject104,hand,70,0.7
subject104,hand,3,0.03
subject104,hand,15,0.15
subject104,hand,1,0.01
subject104,hand,1,0.01
subject104,hand,1,0.01
subject104,hand,106,1.06
subject104,hand,82,0.82
subject104,hand,18,0.18
subject104,hand,128,1.28
subject104,hand,2,0.02
subject104,hand,220,2.2
subject104,hand,95,0.95
subject104,hand,17,0.17
subject104,hand,2,0.02
subject104,hand,2,0.02
subject104,hand,9,0.09
subject104,hand,232,2.32
subject104,hand,89,0.89
subject104,hand,3,0.03
subject104,hand,12,0.12
subject104,hand,2,0.02
subject104,hand,3,0.03
subject104,hand,1,0.01
subject104,hand,93,0.93
subject104,hand,111,1.11
subject104,hand,25,0.25
subject104,hand,81,0.81
subject104,hand,3,0.03
subject104,hand,11,0.11
subject104,hand,107,1.07
subject104,hand,1,0.01
subject104,hand,106,1.06
subject104,hand,2,0.02
subject104,hand,2,0.02
subject104,hand,1,0.01
subject104,hand,82,0.82
subject104,hand,2,0.02
subject104,hand,3,0.03
subject104,hand,9,0.09
subject104,hand,1,0.01
subject104,hand,3,0.03
subject104,hand,1,0.01
subject104,hand,1,0.01
subject104,hand,2,0.02
subject104,hand,2,0.02
subject104,hand,98,0.98
subject104,hand,2,0.02
subject104,hand,119,1.19
subject104,hand,1,0.01
subject104,hand,83,0.83
subject104,hand,2,0.02
subject104,hand,3,0.03
subject104,hand,8,0.08
subject104,hand,1,0.01
subject104,hand,1,0.01
subject104,hand,21,0.21
subject104,hand,192,1.92
subject104,hand,3,0.03
subject104,hand,118,1.18
subject104,hand,230,2.3
subject104,hand,91,0.91
subject104,hand,2,0.02
subject104,hand,11,0.11
subject104,hand,8,0.08
subject104,hand,119,1.19
subject104,hand,3,0.03
subject104,hand,82,0.82
subject104,hand,2,0.02
subject104,hand,6,0.06
subject104,hand,2,0.02
subject104,hand,3,0.03
subject104,hand,3,0.03
subject104,hand,3,0.03
subject104,hand,114,1.14
subject104,hand,113,1.13
subject104,hand,1,0.01
subject104,hand,226,2.26
subject104,hand,353,3.53
subject104,hand,122,1.22
subject104,hand,101,1.01
subject104,hand,236,2.36
subject104,hand,693,6.93
subject104,hand,610,6.1
subject104,hand,161,1.61
subject104,hand,72,0.72
subject104,hand,20,0.2
subject104,hand,1,0.01
subject104,hand,4,0.04
subject104,hand,10,0.1
subject104,hand,2,0.02
subject104,hand,94,0.94
subject104,hand,4,0.04
subject104,hand,3,0.03
subject104,hand,3,0.03
subject104,hand,3,0.03
subject104,hand,3,0.03
subject104,hand,5,0.05
subject104,hand,2,0.02
subject104,hand,116,1.16
subject104,hand,109,1.09
subject104,hand,91,0.91
subject104,hand,5,0.05
subject104,hand,1,0.01
subject104,hand,1,0.01
subject104,hand,4,0.04
subject104,hand,1,0.01
subject104,hand,22,0.22
subject104,hand,1,0.01
subject104,hand,54,0.54
subject104,hand,2,0.02
subject104,hand,6,0.06
subject104,hand,2,0.02
subject104,hand,1,0.01
subject104,hand,1,0.01
subject104,hand,3,0.03
subject104,hand,3,0.03
subject104,hand,3,0.03
subject104,hand,79,0.79
subject104,hand,2,0.02
subject104,hand,1,0.01
subject104,hand,2,0.02
subject104,hand,1,0.01
subject104,hand,4,0.04
subject104,hand,3,0.03
subject104,hand,3,0.03
subject104,hand,3,0.03
subject104,hand,2,0.02
subject104,hand,6,0.06
subject104,hand,75,0.75
subject104,hand,2,0.02
subject104,hand,17,0.17
subject104,hand,12,0.12
subject104,hand,103,1.03
subject104,hand,82,0.82
subject104,hand,6,0.06
subject104,hand,2,0.02
subject104,hand,6,0.06
subject104,hand,1,0.01
subject104,hand,2,0.02
subject104,hand,2,0.02
subject104,hand,2,0.02
subject104,hand,82,0.82
subject104,hand,27,0.27
subject104,hand,14,0.14
subject104,hand,206,2.06
subject104,hand,100,1.0
subject104,hand,3,0.03
subject104,hand,7,0.07
subject104,hand,1,0.01
subject104,hand,17,0.17
subject104,hand,102,1.02
subject104,hand,96,0.96
subject104,hand,3,0.03
subject104,hand,110,1.1
subject104,hand,10,0.1
subject104,hand,227,2.27
subject104,hand,5,0.05
subject104,hand,236,2.36
subject104,hand,443,4.43
subject104,hand,107,1.07
subject104,hand,918,9.18
subject104,hand,241,2.41
subject104,hand,826,8.26
subject104,hand,2135,21.35
subject104,hand,1567,15.67
subject104,hand,29856,298.56
subject104,hand,1081,10.81
subject104,hand,2833,28.33
subject104,hand,138,1.38
subject104,hand,150,1.5
subject104,hand,427,4.27
subject104,chest,17,0.17
subject104,chest,10949,109.49
subject104,chest,1326,13.26
subject104,chest,53525,535.25
subject104,chest,5571,55.71
subject104,chest,5340,53.4
subject104,chest,61,0.61
subject104,chest,36777,367.77
subject104,chest,10326,103.26
subject104,chest,3,0.03
subject104,chest,14867,148.67
subject104,chest,845,8.45
subject104,chest,2158,21.58
subject104,chest,1266,12.66
subject104,chest,1,0.01
subject104,chest,25,0.25
subject104,chest,4,0.04
subject104,chest,1,0.01
subject104,chest,807,8.07
subject104,chest,1053,10.53
subject104,chest,950,9.5
subject104,chest,7050,70.5
subject104,chest,10139,101.39
subject104,chest,275,2.75
subject104,chest,143,1.43
subject104,chest,306,3.06
subject104,chest,1339,13.39
subject104,chest,9248,92.48
subject104,chest,114,1.14
subject104,chest,17929,179.29
subject104,chest,6717,67.17
subject104,chest,80,0.8
subject104,chest,1972,19.72
subject104,chest,1032,10.32
subject104,chest,3,0.03
subject104,chest,78,0.78
subject104,chest,904,9.04
subject104,chest,3459,34.59
subject104,chest,125,1.25
subject104,chest,14001,140.01
subject104,chest,111,1.11
subject104,chest,519,5.19
subject104,chest,35,0.35
subject104,chest,121,1.21
subject104,chest,14,0.14
subject104,chest,198,1.98
subject104,chest,64,0.64
subject104,chest,170,1.7
subject104,chest,233,2.33
subject104,chest,1034,10.34
subject104,chest,2967,29.67
subject104,chest,28,0.28
subject104,chest,6,0.06
subject104,chest,77,0.77
subject104,chest,3,0.03
subject104,chest,17,0.17
subject104,chest,6,0.06
subject104,chest,54,0.54
subject104,chest,26,0.26
subject104,chest,35,0.35
subject104,chest,302,3.02
subject104,chest,258,2.58
subject104,chest,743,7.43
subject104,chest,402,4.02
subject104,chest,890,8.9
subject104,chest,1041,10.41
subject104,chest,78,0.78
subject104,chest,729,7.29
subject104,chest,3480,34.8
subject104,chest,196,1.96
subject104,chest,941,9.41
subject104,chest,469,4.69
subject104,chest,123,1.23
subject104,chest,117,1.17
subject104,chest,590,5.9
subject104,chest,341,3.41
subject104,chest,248,2.48
subject104,chest,236,2.36
subject104,chest,10,0.1
subject104,chest,343,3.43
subject104,chest,614,6.14
subject104,chest,1218,12.18
subject104,chest,431,4.31
subject104,chest,1401,14.01
subject104,chest,217,2.17
subject104,chest,540,5.4
subject104,chest,34,0.34
subject104,chest,1069,10.69
subject104,chest,130,1.3
subject104,chest,263,2.63
subject104,chest,212,2.12
subject104,chest,745,7.45
subject104,chest,301,3.01
subject104,chest,6958,69.58
subject104,chest,779,7.79
subject104,chest,6,0.06
subject104,chest,4721,47.21
subject104,chest,844,8.44
subject104,chest,6255,62.55
subject104,chest,661,6.61
subject104,chest,224,2.24
subject104,chest,216,2.16
subject104,chest,223,2.23
subject104,chest,1802,18.02
subject104,chest,1714,17.14
subject104,chest,1712,17.12
subject104,chest,763,7.63
subject104,chest,800,8.0
subject104,chest,101,1.01
subject104,chest,315,3.15
subject104,chest,18,0.18
subject104,chest,5502,55.02
subject104,chest,15,0.15
subject104,chest,8,0.08
subject104,chest,8,0.08
subject104,chest,202,2.02
subject104,chest,470,4.7
subject104,chest,798,7.98
subject104,chest,1078,10.78
subject104,chest,1441,14.41
subject104,chest,358,3.58
subject104,chest,226,2.26
subject104,chest,13,0.13
subject104,chest,343,3.43
subject104,chest,85,0.85
subject104,chest,709,7.09
subject104,chest,1142,11.42
subject104,chest,475,4.75
subject104,chest,2839,28.39
subject104,chest,1,0.01
subject104,chest,191,1.91
subject104,chest,3,0.03
subject104,chest,76,0.76
subject104,chest,2,0.02
subject104,chest,41,0.41
subject104,chest,4460,44.6
subject104,chest,8129,81.29
subject104,chest,390,3.9
subject104,chest,4799,47.99
subject104,chest,5182,51.82
subject104,chest,3,0.03
subject104,chest,5147,51.47
subject104,chest,634,6.34
subject104,chest,6690,66.9
subject104,chest,1033,10.33
subject104,chest,7,0.07
subject104,chest,127,1.27
subject104,chest,1,0.01
subject104,ankle,421,4.21
subject104,ankle,791,7.91
subject104,ankle,327,3.27
subject104,ankle,310,3.1
subject104,ankle,1942,19.42
subject104,ankle,361,3.61
subject104,ankle,4732,47.32
subject104,ankle,8,0.08
subject104,ankle,502,5.02
subject104,ankle,824,8.24
subject104,ankle,576,5.76
subject104,ankle,15422,154.22
subject104,ankle,4815,48.15
subject104,ankle,1657,16.57
subject104,ankle,6,0.06
subject104,ankle,143,1.43
subject104,ankle,23864,238.64
subject104,ankle,993,9.93
subject104,ankle,2,0.02
subject104,ankle,166,1.66
subject104,ankle,1606,16.06
subject104,ankle,7055,70.55
subject104,ankle,23,0.23
subject104,ankle,2172,21.72
subject104,ankle,825,8.25
subject104,ankle,29,0.29
subject104,ankle,745,7.45
subject104,ankle,3395,33.95
subject104,ankle,5604,56.04
subject104,ankle,5194,51.94
subject104,ankle,102,1.02
subject104,ankle,229,2.29
subject104,ankle,1934,19.34
subject104,ankle,187,1.87
subject104,ankle,56,0.56
subject104,ankle,2569,25.69
subject104,ankle,17,0.17
subject104,ankle,1171,11.71
subject104,ankle,4228,42.28
subject104,ankle,2333,23.33
subject104,ankle,957,9.57
subject104,ankle,1164,11.64
subject104,ankle,328,3.28
subject104,ankle,383,3.83
subject104,ankle,74,0.74
subject104,ankle,318,3.18
subject104,ankle,839,8.39
subject104,ankle,689,6.89
subject104,ankle,1395,13.95
subject104,ankle,420,4.2
subject104,ankle,1123,11.23
subject104,ankle,420,4.2
subject104,ankle,1,0.01
subject104,ankle,1824,18.24
subject104,ankle,707,7.07
subject104,ankle,2078,20.78
subject104,ankle,8,0.08
subject104,ankle,2410,24.1
subject104,ankle,949,9.49
subject104,ankle,335,3.35
subject104,ankle,112,1.12
subject104,ankle,1254,12.54
subject104,ankle,277,2.77
subject104,ankle,2439,24.39
subject104,ankle,1383,13.83
subject104,ankle,530,5.3
subject104,ankle,4,0.04
subject104,ankle,1,0.01
subject104,ankle,1142,11.42
subject104,ankle,41,0.41
subject104,ankle,1333,13.33
subject104,ankle,488,4.88
subject104,ankle,224,2.24
subject104,ankle,519,5.19
subject104,ankle,3,0.03
subject104,ankle,329,3.29
subject104,ankle,407,4.07
subject104,ankle,652,6.52
subject104,ankle,441,4.41
subject104,ankle,2398,23.98
subject104,ankle,902,9.02
subject104,ankle,57,0.57
subject104,ankle,1,0.01
subject104,ankle,3427,34.27
subject104,ankle,1,0.01
subject104,ankle,2479,24.79
subject104,ankle,80,0.8
subject104,ankle,814,8.14
subject104,ankle,954,9.54
subject104,ankle,2838,28.38
subject104,ankle,2726,27.26
subject104,ankle,173,1.73
subject104,ankle,2727,27.27
subject104,ankle,6,0.06
subject104,ankle,3,0.03
subject104,ankle,8,0.08
subject104,ankle,5843,58.43
subject104,ankle,9674,96.74
subject104,ankle,566,5.66
subject104,ankle,294,2.94
subject104,ankle,2,0.02
subject104,ankle,30,0.3
subject104,ankle,274,2.74
subject104,ankle,1340,13.4
subject104,ankle,2929,29.29
subject104,ankle,5326,53.26
subject104,ankle,293,2.93
subject104,ankle,2358,23.58
subject104,ankle,5636,56.36
subject104,ankle,1782,17.82
subject104,ankle,7250,72.5
subject104,ankle,827,8.27
subject104,ankle,1083,10.83
subject104,ankle,1562,15.62
subject104,ankle,3190,31.9
subject104,ankle,1264,12.64
subject104,ankle,824,8.24
subject104,ankle,168,1.68
subject104,ankle,535,5.35
subject104,ankle,2,0.02
subject104,ankle,4,0.04
subject104,ankle,3267,32.67
subject104,ankle,98,0.98
subject104,ankle,7,0.07
subject104,ankle,6,0.06
subject104,ankle,89,0.89
subject104,ankle,183,1.83
subject104,ankle,15,0.15
subject104,ankle,20,0.2
subject104,ankle,284,2.84
subject104,ankle,295,2.95
subject104,ankle,31,0.31
subject104,ankle,1407,14.07
subject104,ankle,169,1.69
subject104,ankle,4,0.04
subject104,ankle,329,3.29
subject104,ankle,654,6.54
subject104,ankle,630,6.3
subject104,ankle,1233,12.33
subject104,ankle,20,0.2
subject104,ankle,1169,11.69
subject104,ankle,2871,28.71
subject104,ankle,345,3.45
subject104,ankle,746,7.46
subject104,ankle,21,0.21
subject104,ankle,240,2.4
subject104,ankle,28,0.28
subject104,ankle,885,8.85
subject104,ankle,1875,18.75
subject104,ankle,734,7.34
subject104,ankle,248,2.48
subject104,ankle,106,1.06
subject104,ankle,1124,11.24
subject104,ankle,183,1.83
subject104,ankle,71,0.71
subject104,ankle,13,0.13
subject104,ankle,105,1.05
subject104,ankle,122,1.22
subject104,ankle,99,0.99
subject104,ankle,129,1.29
subject104,ankle,8,0.08
subject104,ankle,7,0.07
subject104,ankle,55,0.55
subject104,ankle,159,1.59
subject104,ankle,10,0.1
subject104,ankle,132,1.32
subject104,ankle,91,0.91
subject104,ankle,96,0.96
subject104,ankle,58,0.58
subject104,ankle,1,0.01
subject104,ankle,379,3.79
subject104,ankle,81,0.81
subject104,ankle,44,0.44
subject104,ankle,6,0.06
subject104,ankle,135,1.35
subject104,ankle,1,0.01
subject104,ankle,3,0.03
subject104,ankle,16,0.16
subject104,ankle,220,2.2
subject104,ankle,203,2.03
subject104,ankle,1,0.01
subject104,ankle,22,0.22
subject104,ankle,121,1.21
subject104,ankle,1,0.01
subject104,ankle,33,0.33
subject104,ankle,110,1.1
subject104,ankle,5,0.05
subject104,ankle,152,1.52
subject104,ankle,18,0.18
subject104,ankle,239,2.39
subject104,ankle,56,0.56
subject104,ankle,15,0.15
subject104,ankle,39,0.39
subject104,ankle,168,1.68
subject104,ankle,172,1.72
subject104,ankle,41,0.41
subject104,ankle,85,0.85
subject104,ankle,84,0.84
subject104,ankle,11,0.11
subject104,ankle,108,1.08
subject104,ankle,10,0.1
subject104,ankle,1,0.01
subject104,ankle,92,0.92
subject104,ankle,142,1.42
subject104,ankle,351,3.51
subject104,ankle,219,2.19
subject104,ankle,29,0.29
subject104,ankle,174,1.74
subject104,ankle,35,0.35
subject104,ankle,20,0.2
subject104,ankle,110,1.1
subject104,ankle,46,0.46
subject104,ankle,59,0.59
subject104,ankle,22,0.22
subject104,ankle,150,1.5
subject104,ankle,58,0.58
subject104,ankle,51,0.51
subject104,ankle,54,0.54
subject104,ankle,241,2.41
subject104,ankle,226,2.26
subject104,ankle,8,0.08
subject104,ankle,122,1.22
subject104,ankle,11,0.11
subject104,ankle,348,3.48
subject104,ankle,99,0.99
subject104,ankle,207,2.07
subject104,ankle,4,0.04
subject104,ankle,64,0.64
subject104,ankle,58,0.58
subject104,ankle,26,0.26
subject104,ankle,69,0.69
subject104,ankle,229,2.29
subject104,ankle,3,0.03
subject104,ankle,132,1.32
subject104,ankle,106,1.06
subject104,ankle,136,1.36
subject104,ankle,1,0.01
subject104,ankle,22,0.22
subject104,ankle,2,0.02
subject104,ankle,2,0.02
subject104,ankle,87,0.87
subject104,ankle,33,0.33
subject104,ankle,20,0.2
subject104,ankle,35,0.35
subject104,ankle,56,0.56
subject104,ankle,21,0.21
subject104,ankle,97,0.97
subject104,ankle,61,0.61
subject104,ankle,71,0.71
subject104,ankle,18,0.18
subject104,ankle,24,0.24
subject104,ankle,24,0.24
subject104,ankle,29,0.29
subject104,ankle,5,0.05
subject104,ankle,90,0.9
subject104,ankle,3,0.03
subject104,ankle,42,0.42
subject104,ankle,36,0.36
subject104,ankle,181,1.81
subject104,ankle,16,0.16
subject104,ankle,93,0.93
subject104,ankle,9,0.09
subject104,ankle,36,0.36
subject104,ankle,8,0.08
subject104,ankle,110,1.1
subject104,ankle,34,0.34
subject104,ankle,163,1.63
subject104,ankle,108,1.08
subject104,ankle,200,2.0
subject104,ankle,117,1.17
subject104,ankle,36,0.36
subject104,ankle,99,0.99
subject104,ankle,16,0.16
subject104,ankle,50,0.5
subject104,ankle,95,0.95
subject104,ankle,46,0.46
subject104,ankle,279,2.79
subject104,ankle,127,1.27
subject104,ankle,39,0.39
subject104,ankle,20,0.2
subject104,ankle,397,3.97
subject104,ankle,350,3.5
subject104,ankle,3,0.03
subject104,ankle,246,2.46
subject104,ankle,256,2.56
subject104,ankle,122,1.22
subject104,ankle,663,6.63
subject104,ankle,137,1.37
subject104,ankle,110,1.1
subject104,ankle,96,0.96
subject104,ankle,118,1.18
subject104,ankle,82,0.82
subject104,ankle,173,1.73
subject104,ankle,91,0.91
subject104,ankle,114,1.14
subject104,ankle,8,0.08
subject104,ankle,140,1.4
subject104,ankle,171,1.71
subject104,ankle,12,0.12
subject104,ankle,373,3.73
subject104,ankle,24,0.24
subject104,ankle,1060,10.6
subject104,ankle,17,0.17
subject104,ankle,290,2.9
subject104,ankle,87,0.87
subject104,ankle,33,0.33
subject104,ankle,42,0.42
subject104,ankle,6,0.06
subject104,ankle,57,0.57
subject104,ankle,186,1.86
subject104,ankle,73,0.73
subject104,ankle,37,0.37
subject104,ankle,8,0.08
subject104,ankle,46,0.46
subject104,ankle,252,2.52
subject104,ankle,2,0.02
subject104,ankle,41,0.41
subject104,ankle,3,0.03
subject104,ankle,5,0.05
subject104,ankle,160,1.6
subject104,ankle,66,0.66
subject104,ankle,54,0.54
subject104,ankle,6,0.06
subject104,ankle,230,2.3
subject104,ankle,18,0.18
subject104,ankle,26,0.26
subject104,ankle,66,0.66
subject104,ankle,52,0.52
subject104,ankle,14,0.14
subject104,ankle,4,0.04
subject104,ankle,3,0.03
subject104,ankle,107,1.07
subject104,ankle,15,0.15
subject104,ankle,37,0.37
subject104,ankle,52,0.52
subject104,ankle,25,0.25
subject104,ankle,247,2.47
subject104,ankle,301,3.01
subject104,ankle,5,0.05
subject104,ankle,8,0.08
subject104,ankle,36,0.36
subject104,ankle,32,0.32
subject104,ankle,330,3.3
subject104,ankle,7,0.07
subject104,ankle,5,0.05
subject104,ankle,61,0.61
subject104,ankle,134,1.34
subject104,ankle,108,1.08
subject104,ankle,42,0.42
subject104,ankle,62,0.62
subject104,ankle,4,0.04
subject104,ankle,17,0.17
subject104,ankle,206,2.06
subject104,ankle,30,0.3
subject104,ankle,58,0.58
subject104,ankle,36,0.36
subject104,ankle,129,1.29
subject104,ankle,52,0.52
subject104,ankle,73,0.73
subject104,ankle,45,0.45
subject104,ankle,40,0.4
subject104,ankle,189,1.89
subject104,ankle,5,0.05
subject104,ankle,32,0.32
subject104,ankle,25,0.25
subject104,ankle,7,0.07
subject104,ankle,3,0.03
subject104,ankle,11,0.11
subject104,ankle,33,0.33
subject104,ankle,47,0.47
subject104,ankle,185,1.85
subject104,ankle,279,2.79
subject104,ankle,20,0.2
subject104,ankle,145,1.45
subject104,ankle,69,0.69
subject104,ankle,152,1.52
subject104,ankle,234,2.34
subject104,ankle,29,0.29
subject104,ankle,112,1.12
subject104,ankle,74,0.74
subject104,ankle,269,2.69
subject104,ankle,79,0.79
subject104,ankle,78,0.78
subject104,ankle,61,0.61
subject104,ankle,69,0.69
subject104,ankle,117,1.17
subject104,ankle,46,0.46
subject104,ankle,1,0.01
subject104,ankle,65,0.65
subject104,ankle,15,0.15
subject104,ankle,108,1.08
subject104,ankle,71,0.71
subject104,ankle,46,0.46
subject104,ankle,188,1.88
subject104,ankle,22,0.22
subject104,ankle,30,0.3
subject104,ankle,38,0.38
subject104,ankle,95,0.95
subject104,ankle,211,2.11
subject104,ankle,134,1.34
subject104,ankle,12,0.12
subject104,ankle,91,0.91
subject104,ankle,90,0.9
subject104,ankle,96,0.96
subject104,ankle,48,0.48
subject104,ankle,15,0.15
subject104,ankle,6,0.06
subject104,ankle,293,2.93
subject104,ankle,40,0.4
subject104,ankle,8,0.08
subject104,ankle,5,0.05
subject104,ankle,223,2.23
subject104,ankle,64,0.64
subject104,ankle,185,1.85
subject104,ankle,55,0.55
subject104,ankle,42,0.42
subject104,ankle,102,1.02
subject104,ankle,129,1.29
subject104,ankle,1,0.01
subject104,ankle,16,0.16
subject104,ankle,110,1.1
subject104,ankle,6,0.06
subject104,ankle,449,4.49
subject104,ankle,32,0.32
subject104,ankle,91,0.91
subject104,ankle,225,2.25
subject104,ankle,5,0.05
subject104,ankle,89,0.89
subject104,ankle,4,0.04
subject104,ankle,88,0.88
subject104,ankle,278,2.78
subject104,ankle,71,0.71
subject104,ankle,64,0.64
subject104,ankle,63,0.63
subject104,ankle,64,0.64
subject104,ankle,294,2.94
subject104,ankle,100,1.0
subject104,ankle,39,0.39
subject104,ankle,2,0.02
subject104,ankle,4,0.04
subject104,ankle,104,1.04
subject104,ankle,14,0.14
subject104,ankle,129,1.29
subject104,ankle,110,1.1
subject104,ankle,7,0.07
subject104,ankle,206,2.06
subject104,ankle,365,3.65
subject104,ankle,3066,30.66
subject104,ankle,123,1.23
subject104,ankle,513,5.13
subject104,ankle,339,3.39
subject104,ankle,20,0.2
subject104,ankle,46,0.46
subject104,ankle,193,1.93
subject104,ankle,572,5.72
subject104,ankle,6,0.06
subject104,ankle,3,0.03
subject104,ankle,11,0.11
subject104,ankle,63,0.63
subject104,ankle,279,2.79
subject104,ankle,18,0.18
subject104,ankle,13,0.13
subject104,ankle,64,0.64
subject104,ankle,16,0.16
subject104,ankle,13,0.13
subject104,ankle,559,5.59
subject104,ankle,175,1.75
subject104,ankle,83,0.83
subject104,ankle,9,0.09
subject104,ankle,5,0.05
subject104,ankle,221,2.21
subject104,ankle,7,0.07
subject104,ankle,158,1.58
subject104,ankle,89,0.89
subject104,ankle,1110,11.1
subject104,ankle,651,6.51
subject104,ankle,622,6.22
subject104,ankle,29,0.29
subject104,ankle,1,0.01
subject104,ankle,1,0.01
subject104,ankle,1043,10.43
subject104,ankle,974,9.74
subject104,ankle,94,0.94
subject104,ankle,169,1.69
subject104,ankle,8,0.08
subject104,ankle,124,1.24
subject104,ankle,120,1.2
subject104,ankle,890,8.9
subject104,ankle,19,0.19
subject104,ankle,362,3.62
subject104,ankle,168,1.68
subject104,ankle,61,0.61
subject104,ankle,15,0.15
subject104,ankle,35,0.35
subject104,ankle,212,2.12
subject104,ankle,1,0.01
subject104,ankle,370,3.7
subject104,ankle,656,6.56
subject104,ankle,116,1.16
subject104,ankle,74,0.74
subject104,ankle,16,0.16
subject104,ankle,443,4.43
subject104,ankle,425,4.25
subject104,ankle,346,3.46
subject104,ankle,457,4.57
subject104,ankle,406,4.06
subject104,ankle,8,0.08
subject104,ankle,255,2.55
subject104,ankle,725,7.25
subject104,ankle,99,0.99
subject104,ankle,4,0.04
subject104,ankle,102,1.02
subject104,ankle,134,1.34
subject104,ankle,99,0.99
subject104,ankle,492,4.92
subject104,ankle,284,2.84
subject104,ankle,42,0.42
subject104,ankle,401,4.01
subject104,ankle,204,2.04
subject104,ankle,59,0.59
subject104,ankle,116,1.16
subject104,ankle,443,4.43
subject104,ankle,105,1.05
subject104,ankle,5,0.05
subject104,ankle,518,5.18
subject104,ankle,30,0.3
subject104,ankle,3,0.03
subject104,ankle,270,2.7
subject104,ankle,13,0.13
subject104,ankle,38,0.38
subject104,ankle,7,0.07
subject104,ankle,293,2.93
subject104,ankle,147,1.47
subject104,ankle,7,0.07
subject104,ankle,842,8.42
subject104,ankle,888,8.88
subject104,ankle,39,0.39
subject104,ankle,50,0.5
subject104,ankle,14,0.14
subject104,ankle,5,0.05
subject104,ankle,74,0.74
subject104,ankle,25,0.25
subject104,ankle,8,0.08
subject104,ankle,8,0.08
subject104,ankle,47,0.47
subject104,ankle,2,0.02
subject104,ankle,134,1.34
subject104,ankle,37,0.37
subject104,ankle,336,3.36
subject104,ankle,93,0.93
subject104,ankle,57,0.57
subject104,ankle,54,0.54
subject104,ankle,1,0.01
subject104,ankle,37,0.37
subject104,ankle,13,0.13
subject104,ankle,226,2.26
subject104,ankle,6,0.06
subject104,ankle,114,1.14
subject104,ankle,43,0.43
subject104,ankle,46,0.46
subject104,ankle,113,1.13
subject104,ankle,164,1.64
subject104,ankle,58,0.58
subject104,ankle,51,0.51
subject104,ankle,230,2.3
subject104,ankle,212,2.12
subject104,ankle,406,4.06
subject104,ankle,156,1.56
subject104,ankle,333,3.33
subject104,ankle,687,6.87
subject104,ankle,122,1.22
subject104,ankle,111,1.11
subject104,ankle,486,4.86
subject104,ankle,203,2.03
subject104,ankle,101,1.01
subject104,ankle,585,5.85
subject104,ankle,3,0.03
subject104,ankle,302,3.02
subject104,ankle,38,0.38
subject104,ankle,1,0.01
subject104,ankle,361,3.61
subject104,ankle,106,1.06
subject104,ankle,54,0.54
subject104,ankle,57,0.57
subject104,ankle,348,3.48
subject104,ankle,117,1.17
subject104,ankle,176,1.76
subject104,ankle,52,0.52
subject104,ankle,2,0.02
subject104,ankle,5,0.05
subject104,ankle,94,0.94
subject104,ankle,12,0.12
subject104,ankle,74,0.74
subject104,ankle,478,4.78
subject104,ankle,126,1.26
subject104,ankle,115,1.15
subject104,ankle,227,2.27
subject104,ankle,106,1.06
subject104,ankle,14,0.14
subject104,ankle,45,0.45
subject104,ankle,64,0.64
subject104,ankle,104,1.04
subject104,ankle,12,0.12
subject104,ankle,142,1.42
subject104,ankle,36,0.36
subject104,ankle,76,0.76
subject104,ankle,2,0.02
subject104,ankle,85,0.85
subject104,ankle,110,1.1
subject104,ankle,393,3.93
subject104,ankle,43,0.43
subject104,ankle,12,0.12
subject104,ankle,107,1.07
subject104,ankle,130,1.3
subject104,ankle,61,0.61
subject104,ankle,58,0.58
subject104,ankle,103,1.03
subject104,ankle,268,2.68
subject104,ankle,89,0.89
subject104,ankle,67,0.67
subject104,ankle,30,0.3
subject104,ankle,1,0.01
subject104,ankle,20,0.2
subject104,ankle,22,0.22
subject104,ankle,73,0.73
subject104,ankle,55,0.55
subject104,ankle,372,3.72
subject104,ankle,74,0.74
subject104,ankle,942,9.42
subject104,ankle,240,2.4
subject104,ankle,148,1.48
subject104,ankle,5,0.05
subject104,ankle,2,0.02
subject104,ankle,107,1.07
subject104,ankle,11,0.11
subject104,ankle,97,0.97
subject104,ankle,9,0.09
subject104,ankle,107,1.07
subject104,ankle,120,1.2
subject104,ankle,160,1.6
subject104,ankle,71,0.71
subject104,ankle,47,0.47
subject104,ankle,18,0.18
subject104,ankle,153,1.53
subject104,ankle,110,1.1
subject104,ankle,77,0.77
subject104,ankle,4,0.04
subject104,ankle,35,0.35
subject104,ankle,8,0.08
subject104,ankle,52,0.52
subject104,ankle,54,0.54
subject104,ankle,2,0.02
subject104,ankle,12,0.12
subject104,ankle,32,0.32
subject104,ankle,35,0.35
subject104,ankle,2,0.02
subject104,ankle,18,0.18
subject104,ankle,3,0.03
subject104,ankle,1,0.01
subject104,ankle,207,2.07
subject104,ankle,2,0.02
subject104,ankle,10,0.1
subject104,ankle,8,0.08
subject104,ankle,57,0.57
subject104,ankle,154,1.54
subject104,ankle,11,0.11
subject104,ankle,53,0.53
subject104,ankle,85,0.85
subject104,ankle,79,0.79
subject104,ankle,1,0.01
subject104,ankle,76,0.76
subject104,ankle,267,2.67
subject104,ankle,49,0.49
subject104,ankle,46,0.46
subject104,ankle,25,0.25
subject104,ankle,110,1.1
subject104,ankle,103,1.03
subject104,ankle,4,0.04
subject104,ankle,8,0.08
subject104,ankle,111,1.11
subject104,ankle,436,4.36
subject104,ankle,136,1.36
subject104,ankle,3,0.03
subject104,ankle,116,1.16
subject104,ankle,117,1.17
subject104,ankle,249,2.49
subject104,ankle,183,1.83
subject104,ankle,135,1.35
subject104,ankle,467,4.67
subject104,ankle,115,1.15
subject104,ankle,37,0.37
subject104,ankle,235,2.35
subject104,ankle,2932,29.32
subject104,ankle,67,0.67
subject104,ankle,3,0.03
subject104,ankle,35,0.35
subject104,ankle,413,4.13
subject104,ankle,3888,38.88
subject104,ankle,358,3.58
subject104,ankle,7,0.07
subject104,ankle,680,6.8
subject104,ankle,554,5.54
subject104,ankle,2239,22.39
subject104,ankle,251,2.51
subject104,ankle,838,8.38
subject104,ankle,7,0.07
subject104,ankle,69,0.69
subject104,ankle,27,0.27
subject104,ankle,6,0.06
subject104,ankle,4,0.04
subject104,ankle,2,0.02
subject104,ankle,126,1.26
subject104,ankle,27,0.27
subject104,ankle,20,0.2
subject104,ankle,39,0.39
subject104,ankle,79,0.79
subject104,ankle,12,0.12
subject104,ankle,472,4.72
subject104,ankle,56,0.56
subject104,ankle,141,1.41
subject104,ankle,331,3.31
subject104,ankle,137,1.37
subject104,ankle,101,1.01
subject104,ankle,36,0.36
subject104,ankle,388,3.88
subject104,ankle,155,1.55
subject104,ankle,229,2.29
subject104,ankle,1053,10.53
subject104,ankle,802,8.02
subject104,ankle,79,0.79
subject104,ankle,359,3.59
subject104,ankle,78,0.78
subject104,ankle,34,0.34
subject104,ankle,148,1.48
subject104,ankle,161,1.61
subject104,ankle,11,0.11
subject104,ankle,268,2.68
subject104,ankle,142,1.42
subject104,ankle,1072,10.72
subject104,ankle,578,5.78
subject104,ankle,25,0.25
subject104,ankle,576,5.76
subject104,ankle,161,1.61
subject104,ankle,1264,12.64
subject104,ankle,984,9.84
subject104,ankle,66,0.66
subject104,ankle,243,2.43
subject104,ankle,111,1.11
subject104,ankle,95,0.95
subject104,ankle,19,0.19
subject104,ankle,141,1.41
subject104,ankle,355,3.55
subject104,ankle,9,0.09
subject104,ankle,1566,15.66
subject104,ankle,84,0.84
subject104,ankle,94,0.94
subject104,ankle,164,1.64
subject104,ankle,225,2.25
subject104,ankle,574,5.74
subject104,ankle,387,3.87
subject104,ankle,181,1.81
subject104,ankle,60,0.6
subject104,ankle,259,2.59
subject104,ankle,489,4.89
subject104,ankle,121,1.21
subject104,ankle,77,0.77
subject104,ankle,462,4.62
subject104,ankle,296,2.96
subject104,ankle,608,6.08
subject104,ankle,2,0.02
subject104,ankle,25,0.25
subject104,ankle,485,4.85
subject104,ankle,257,2.57
subject104,ankle,20,0.2
subject104,ankle,194,1.94
subject104,ankle,153,1.53
subject104,ankle,3,0.03
subject104,ankle,33,0.33
subject104,ankle,212,2.12
subject104,ankle,998,9.98
subject104,ankle,119,1.19
subject104,ankle,620,6.2
subject104,ankle,57,0.57
subject104,ankle,83,0.83
subject104,ankle,178,1.78
subject104,ankle,450,4.5
subject104,ankle,309,3.09
subject104,ankle,2713,27.13
subject104,ankle,73,0.73
subject104,ankle,16,0.16
subject104,ankle,2,0.02
subject104,ankle,372,3.72
subject104,ankle,51,0.51
subject104,ankle,55,0.55
subject104,ankle,200,2.0
subject104,ankle,31,0.31
subject104,ankle,16,0.16
subject104,ankle,417,4.17
subject104,ankle,135,1.35
subject104,ankle,50,0.5
subject104,ankle,34,0.34
subject104,ankle,28,0.28
subject104,ankle,770,7.7
subject104,ankle,53,0.53
subject104,ankle,3,0.03
subject104,ankle,521,5.21
subject104,ankle,195,1.95
subject104,ankle,75,0.75
subject104,ankle,12,0.12
subject104,ankle,53,0.53
subject105,hand,2,0.02
subject105,hand,105,1.05
subject105,hand,75,0.75
subject105,hand,7130,71.3
subject105,hand,23,0.23
subject105,hand,1547,15.47
subject105,hand,50,0.5
subject105,hand,1,0.01
subject105,hand,143,1.43
subject105,hand,1007,10.07
subject105,hand,5657,56.57
subject105,hand,426,4.26
subject105,hand,27809,278.09
subject105,hand,11,0.11
subject105,hand,66,0.66
subject105,hand,18743,187.43
subject105,hand,63,0.63
subject105,hand,6447,64.47
subject105,hand,1055,10.55
subject105,hand,6470,64.7
subject105,hand,4801,48.01
subject105,hand,1487,14.87
subject105,hand,7020,70.2
subject105,hand,672,6.72
subject105,hand,751,7.51
subject105,hand,3619,36.19
subject105,hand,90,0.9
subject105,hand,9032,90.32
subject105,hand,1874,18.74
subject105,hand,2063,20.63
subject105,hand,4693,46.93
subject105,hand,105,1.05
subject105,hand,1569,15.69
subject105,hand,4265,42.65
subject105,hand,384,3.84
subject105,hand,365,3.65
subject105,hand,1807,18.07
subject105,hand,5705,57.05
subject105,hand,1015,10.15
subject105,hand,2950,29.5
subject105,hand,680,6.8
subject105,hand,82,0.82
subject105,hand,6770,67.7
subject105,hand,17137,171.37
subject105,hand,3055,30.55
subject105,hand,7374,73.74
subject105,hand,1822,18.22
subject105,hand,3517,35.17
subject105,hand,556,5.56
subject105,hand,556,5.56
subject105,hand,584,5.84
subject105,hand,808,8.08
subject105,hand,6543,65.43
subject105,hand,2511,25.11
subject105,hand,7183,71.83
subject105,hand,2498,24.98
subject105,hand,326,3.26
subject105,hand,6128,61.28
subject105,hand,895,8.95
subject105,hand,2326,23.26
subject105,hand,195,1.95
subject105,hand,442,4.42
subject105,hand,602,6.02
subject105,hand,246,2.46
subject105,hand,149,1.49
subject105,hand,566,5.66
subject105,hand,954,9.54
subject105,hand,3,0.03
subject105,hand,24,0.24
subject105,hand,5,0.05
subject105,hand,8,0.08
subject105,hand,14,0.14
subject105,hand,4,0.04
subject105,hand,3,0.03
subject105,hand,9,0.09
subject105,hand,6,0.06
subject105,hand,131,1.31
subject105,hand,35,0.35
subject105,hand,1832,18.32
subject105,hand,86,0.86
subject105,hand,524,5.24
subject105,hand,1289,12.89
subject105,hand,29,0.29
subject105,hand,490,4.9
subject105,hand,965,9.65
subject105,hand,918,9.18
subject105,hand,97,0.97
subject105,hand,229,2.29
subject105,hand,800,8.0
subject105,hand,475,4.75
subject105,hand,1599,15.99
subject105,hand,471,4.71
subject105,hand,395,3.95
subject105,hand,280,2.8
subject105,hand,11,0.11
subject105,hand,85,0.85
subject105,hand,77,0.77
subject105,hand,1652,16.52
subject105,hand,1466,14.66
subject105,hand,908,9.08
subject105,hand,471,4.71
subject105,hand,3,0.03
subject105,hand,1635,16.35
subject105,hand,1433,14.33
subject105,hand,103,1.03
subject105,hand,60,0.6
subject105,hand,11,0.11
subject105,hand,22,0.22
subject105,hand,3,0.03
subject105,hand,71,0.71
subject105,hand,19,0.19
subject105,hand,3,0.03
subject105,hand,16,0.16
subject105,hand,63,0.63
subject105,hand,5,0.05
subject105,hand,22,0.22
subject105,hand,195,1.95
subject105,hand,95,0.95
subject105,hand,3,0.03
subject105,hand,5,0.05
subject105,hand,2,0.02
subject105,hand,31,0.31
subject105,hand,4,0.04
subject105,hand,3,0.03
subject105,hand,81,0.81
subject105,hand,90,0.9
subject105,hand,18,0.18
subject105,hand,8,0.08
subject105,hand,4,0.04
subject105,hand,3,0.03
subject105,hand,28,0.28
subject105,hand,35,0.35
subject105,hand,3,0.03
subject105,hand,31,0.31
subject105,hand,1,0.01
subject105,hand,2,0.02
subject105,hand,63,0.63
subject105,hand,2,0.02
subject105,hand,9,0.09
subject105,hand,3,0.03
subject105,hand,96,0.96
subject105,hand,29,0.29
subject105,hand,2,0.02
subject105,hand,68,0.68
subject105,hand,3,0.03
subject105,hand,32,0.32
subject105,hand,69,0.69
subject105,hand,3,0.03
subject105,hand,11,0.11
subject105,hand,15,0.15
subject105,hand,4,0.04
subject105,hand,64,0.64
subject105,hand,2,0.02
subject105,hand,1,0.01
subject105,hand,2,0.02
subject105,hand,6,0.06
subject105,hand,21,0.21
subject105,hand,69,0.69
subject105,hand,5,0.05
subject105,hand,3,0.03
subject105,hand,37,0.37
subject105,hand,61,0.61
subject105,hand,6,0.06
subject105,hand,7,0.07
subject105,hand,4,0.04
subject105,hand,21,0.21
subject105,hand,59,0.59
subject105,hand,5,0.05
subject105,hand,1,0.01
subject105,hand,1,0.01
subject105,hand,28,0.28
subject105,hand,57,0.57
subject105,hand,2,0.02
subject105,hand,2,0.02
subject105,hand,2,0.02
subject105,hand,4,0.04
subject105,hand,10,0.1
subject105,hand,9,0.09
subject105,hand,3,0.03
subject105,hand,2,0.02
subject105,hand,6,0.06
subject105,hand,46,0.46
subject105,hand,3,0.03
subject105,hand,1,0.01
subject105,hand,1,0.01
subject105,hand,4,0.04
subject105,hand,3,0.03
subject105,hand,11,0.11
subject105,hand,4,0.04
subject105,hand,4,0.04
subject105,hand,2,0.02
subject105,hand,58,0.58
subject105,hand,1,0.01
subject105,hand,4,0.04
subject105,hand,4,0.04
subject105,hand,25,0.25
subject105,hand,2,0.02
subject105,hand,56,0.56
subject105,hand,4,0.04
subject105,hand,33,0.33
subject105,hand,2,0.02
subject105,hand,5,0.05
subject105,hand,65,0.65
subject105,hand,1,0.01
subject105,hand,1,0.01
subject105,hand,24,0.24
subject105,hand,2,0.02
subject105,hand,1,0.01
subject105,hand,3,0.03
subject105,hand,54,0.54
subject105,hand,6,0.06
subject105,hand,1,0.01
subject105,hand,3,0.03
subject105,hand,3,0.03
subject105,hand,1,0.01
subject105,hand,11,0.11
subject105,hand,6,0.06
subject105,hand,3,0.03
subject105,hand,10,0.1
subject105,hand,56,0.56
subject105,hand,4,0.04
subject105,hand,4,0.04
subject105,hand,4,0.04
subject105,hand,15,0.15
subject105,hand,1,0.01
subject105,hand,60,0.6
subject105,hand,3,0.03
subject105,hand,1,0.01
subject105,hand,3,0.03
subject105,hand,4,0.04
subject105,hand,4,0.04
subject105,hand,14,0.14
subject105,hand,3,0.03
subject105,hand,2,0.02
subject105,hand,52,0.52
subject105,hand,11,0.11
subject105,hand,35,0.35
subject105,hand,4,0.04
subject105,hand,60,0.6
subject105,hand,3,0.03
subject105,hand,2,0.02
subject105,hand,36,0.36
subject105,hand,2,0.02
subject105,hand,58,0.58
subject105,hand,3,0.03
subject105,hand,5,0.05
subject105,hand,23,0.23
subject105,hand,8,0.08
subject105,hand,2,0.02
subject105,hand,2,0.02
subject105,hand,56,0.56
subject105,hand,1,0.01
subject105,hand,1,0.01
subject105,hand,46,0.46
subject105,hand,54,0.54
subject105,hand,4,0.04
subject105,hand,3,0.03
subject105,hand,14,0.14
subject105,hand,1,0.01
subject105,hand,3,0.03
subject105,hand,1,0.01
subject105,hand,1,0.01
subject105,hand,4,0.04
subject105,hand,69,0.69
subject105,hand,8,0.08
subject105,hand,10,0.1
subject105,hand,8,0.08
subject105,hand,1,0.01
subject105,hand,53,0.53
subject105,hand,3,0.03
subject105,hand,5,0.05
subject105,hand,5,0.05
subject105,hand,7,0.07
subject105,hand,1,0.01
subject105,hand,18,0.18
subject105,hand,1,0.01
subject105,hand,10,0.1
subject105,hand,51,0.51
subject105,hand,3,0.03
subject105,hand,3,0.03
subject105,hand,95,0.95
subject105,hand,4,0.04
subject105,hand,5,0.05
subject105,hand,23,0.23
subject105,hand,1,0.01
subject105,hand,6,0.06
subject105,hand,13,0.13
subject105,hand,55,0.55
subject105,hand,3,0.03
subject105,hand,3,0.03
subject105,hand,8,0.08
subject105,hand,7,0.07
subject105,hand,2,0.02
subject105,hand,2,0.02
subject105,hand,1,0.01
subject105,hand,1,0.01
subject105,hand,2,0.02
subject105,hand,59,0.59
subject105,hand,2,0.02
subject105,hand,10,0.1
subject105,hand,1,0.01
subject105,hand,2,0.02
subject105,hand,2,0.02
subject105,hand,6,0.06
subject105,hand,1,0.01
subject105,hand,6,0.06
subject105,hand,52,0.52
subject105,hand,4,0.04
subject105,hand,7,0.07
subject105,hand,17,0.17
subject105,hand,3,0.03
subject105,hand,1,0.01
subject105,hand,4,0.04
subject105,hand,59,0.59
subject105,hand,5,0.05
subject105,hand,2,0.02
subject105,hand,3,0.03
subject105,hand,2,0.02
subject105,hand,4,0.04
subject105,hand,10,0.1
subject105,hand,2,0.02
subject105,hand,2,0.02
subject105,hand,2,0.02
subject105,hand,53,0.53
subject105,hand,3,0.03
subject105,hand,2,0.02
subject105,hand,1,0.01
subject105,hand,18,0.18
subject105,hand,2,0.02
subject105,hand,8,0.08
subject105,hand,4,0.04
subject105,hand,3,0.03
subject105,hand,52,0.52
subject105,hand,2,0.02
subject105,hand,9,0.09
subject105,hand,1,0.01
subject105,hand,12,0.12
subject105,hand,7,0.07
subject105,hand,3,0.03
subject105,hand,10,0.1
subject105,hand,58,0.58
subject105,hand,13,0.13
subject105,hand,19,0.19
subject105,hand,70,0.7
subject105,hand,1,0.01
subject105,hand,6,0.06
subject105,hand,1,0.01
subject105,hand,14,0.14
subject105,hand,10,0.1
subject105,hand,160,1.6
subject105,hand,7,0.07
subject105,hand,12,0.12
subject105,hand,3,0.03
subject105,hand,232,2.32
subject105,hand,9,0.09
subject105,hand,52,0.52
subject105,hand,9,0.09
subject105,hand,32,0.32
subject105,hand,4,0.04
subject105,hand,69,0.69
subject105,hand,30,0.3
subject105,hand,7,0.07
subject105,hand,69,0.69
subject105,hand,17,0.17
subject105,hand,4,0.04
subject105,hand,118,1.18
subject105,hand,293,2.93
subject105,hand,22,0.22
subject105,hand,173,1.73
subject105,hand,6,0.06
subject105,hand,3,0.03
subject105,hand,24,0.24
subject105,hand,614,6.14
subject105,hand,60,0.6
subject105,hand,1,0.01
subject105,hand,976,9.76
subject105,hand,52,0.52
subject105,hand,13,0.13
subject105,hand,24,0.24
subject105,hand,3,0.03
subject105,hand,2,0.02
subject105,hand,4,0.04
subject105,hand,56,0.56
subject105,hand,4,0.04
subject105,hand,4,0.04
subject105,hand,12,0.12
subject105,hand,1,0.01
subject105,hand,3,0.03
subject105,hand,2,0.02
subject105,hand,3,0.03
subject105,hand,1,0.01
subject105,hand,54,0.54
subject105,hand,24,0.24
subject105,hand,6,0.06
subject105,hand,3,0.03
subject105,hand,72,0.72
subject105,hand,10,0.1
subject105,hand,1,0.01
subject105,hand,19,0.19
subject105,hand,8,0.08
subject105,hand,2,0.02
subject105,hand,1,0.01
subject105,hand,60,0.6
subject105,hand,18,0.18
subject105,hand,98,0.98
subject105,hand,6,0.06
subject105,hand,10,0.1
subject105,hand,1,0.01
subject105,hand,2,0.02
subject105,hand,7,0.07
subject105,hand,2,0.02
subject105,hand,15,0.15
subject105,hand,52,0.52
subject105,hand,2,0.02
subject105,hand,5,0.05
subject105,hand,26,0.26
subject105,hand,1,0.01
subject105,hand,2,0.02
subject105,hand,1,0.01
subject105,hand,10,0.1
subject105,hand,62,0.62
subject105,hand,1,0.01
subject105,hand,3,0.03
subject105,hand,29,0.29
subject105,hand,52,0.52
subject105,hand,25,0.25
subject105,hand,10,0.1
subject105,hand,87,0.87
subject105,hand,2,0.02
subject105,hand,8,0.08
subject105,hand,4,0.04
subject105,hand,18,0.18
subject105,hand,4,0.04
subject105,hand,59,0.59
subject105,hand,5,0.05
subject105,hand,29,0.29
subject105,hand,2,0.02
subject105,hand,4,0.04
subject105,hand,3,0.03
subject105,hand,6,0.06
subject105,hand,44,0.44
subject105,hand,5,0.05
subject105,hand,3,0.03
subject105,hand,2,0.02
subject105,hand,4,0.04
subject105,hand,5,0.05
subject105,hand,2,0.02
subject105,hand,20,0.2
subject105,hand,3,0.03
subject105,hand,55,0.55
subject105,hand,3,0.03
subject105,hand,1,0.01
subject105,hand,8,0.08
subject105,hand,28,0.28
subject105,hand,80,0.8
subject105,hand,109,1.09
subject105,hand,128,1.28
subject105,hand,79,0.79
subject105,hand,7,0.07
subject105,hand,3,0.03
subject105,hand,31,0.31
subject105,hand,78,0.78
subject105,hand,137,1.37
subject105,hand,1,0.01
subject105,hand,60,0.6
subject105,hand,14,0.14
subject105,hand,24,0.24
subject105,hand,66,0.66
subject105,hand,25,0.25
subject105,hand,349,3.49
subject105,hand,205,2.05
subject105,hand,93,0.93
subject105,hand,134,1.34
subject105,hand,501,5.01
subject105,hand,133,1.33
subject105,hand,107,1.07
subject105,hand,116,1.16
subject105,hand,112,1.12
subject105,hand,1,0.01
subject105,hand,84,0.84
subject105,hand,98,0.98
subject105,hand,86,0.86
subject105,hand,47,0.47
subject105,hand,86,0.86
subject105,hand,3,0.03
subject105,hand,28,0.28
subject105,hand,186,1.86
subject105,hand,340,3.4
subject105,hand,97,0.97
subject105,hand,208,2.08
subject105,hand,323,3.23
subject105,hand,102,1.02
subject105,hand,549,5.49
subject105,hand,112,1.12
subject105,hand,6,0.06
subject105,hand,11,0.11
subject105,hand,1524,15.24
subject105,hand,13,0.13
subject105,hand,180,1.8
subject105,hand,141,1.41
subject105,hand,76,0.76
subject105,hand,20,0.2
subject105,hand,86,0.86
subject105,hand,17,0.17
subject105,hand,2,0.02
subject105,hand,67,0.67
subject105,hand,3,0.03
subject105,hand,17,0.17
subject105,hand,74,0.74
subject105,hand,2,0.02
subject105,hand,1,0.01
subject105,hand,15,0.15
subject105,hand,4,0.04
subject105,hand,8,0.08
subject105,hand,71,0.71
subject105,hand,19,0.19
subject105,hand,106,1.06
subject105,hand,13,0.13
subject105,hand,333,3.33
subject105,hand,8,0.08
subject105,hand,44,0.44
subject105,hand,6,0.06
subject105,hand,5,0.05
subject105,hand,16,0.16
subject105,hand,1,0.01
subject105,hand,2,0.02
subject105,hand,3,0.03
subject105,hand,13,0.13
subject105,hand,37,0.37
subject105,hand,4,0.04
subject105,hand,2,0.02
subject105,hand,1,0.01
subject105,hand,16,0.16
subject105,hand,5,0.05
subject105,hand,3,0.03
subject105,hand,15,0.15
subject105,hand,1,0.01
subject105,hand,59,0.59
subject105,hand,46,0.46
subject105,hand,48,0.48
subject105,hand,2,0.02
subject105,hand,11,0.11
subject105,hand,7,0.07
subject105,hand,2,0.02
subject105,hand,7,0.07
subject105,hand,69,0.69
subject105,hand,15,0.15
subject105,hand,96,0.96
subject105,hand,136,1.36
subject105,hand,5,0.05
subject105,hand,21,0.21
subject105,hand,12,0.12
subject105,hand,78,0.78
subject105,hand,109,1.09
subject105,hand,164,1.64
subject105,hand,2,0.02
subject105,hand,6,0.06
subject105,hand,233,2.33
subject105,hand,6,0.06
subject105,hand,4,0.04
subject105,hand,62,0.62
subject105,hand,41,0.41
subject105,hand,64,0.64
subject105,hand,4,0.04
subject105,hand,13,0.13
subject105,hand,37,0.37
subject105,hand,92,0.92
subject105,hand,37,0.37
subject105,hand,14,0.14
subject105,hand,9,0.09
subject105,hand,103,1.03
subject105,hand,3,0.03
subject105,hand,3,0.03
subject105,hand,41,0.41
subject105,hand,41,0.41
subject105,hand,5,0.05
subject105,hand,8,0.08
subject105,hand,3,0.03
subject105,hand,3,0.03
subject105,hand,4,0.04
subject105,hand,6,0.06
subject105,hand,12,0.12
subject105,hand,2,0.02
subject105,hand,2,0.02
subject105,hand,58,0.58
subject105,hand,1,0.01
subject105,hand,2,0.02
subject105,hand,5,0.05
subject105,hand,4,0.04
subject105,hand,2,0.02
subject105,hand,2,0.02
subject105,hand,4,0.04
subject105,hand,1,0.01
subject105,hand,1,0.01
subject105,hand,1,0.01
subject105,hand,3,0.03
subject105,hand,92,0.92
subject105,hand,81,0.81
subject105,hand,5,0.05
subject105,hand,2,0.02
subject105,hand,1,0.01
subject105,hand,3,0.03
subject105,hand,1,0.01
subject105,hand,10,0.1
subject105,hand,1,0.01
subject105,hand,6,0.06
subject105,hand,62,0.62
subject105,hand,5,0.05
subject105,hand,3,0.03
subject105,hand,10,0.1
subject105,hand,2,0.02
subject105,hand,1,0.01
subject105,hand,1,0.01
subject105,hand,6,0.06
subject105,hand,1,0.01
subject105,hand,66,0.66
subject105,hand,90,0.9
subject105,hand,5,0.05
subject105,hand,4,0.04
subject105,hand,15,0.15
subject105,hand,2,0.02
subject105,hand,4,0.04
subject105,hand,15,0.15
subject105,hand,5,0.05
subject105,hand,5,0.05
subject105,hand,69,0.69
subject105,hand,1,0.01
subject105,hand,14,0.14
subject105,hand,5,0.05
subject105,hand,2,0.02
subject105,hand,3,0.03
subject105,hand,49,0.49
subject105,hand,2,0.02
subject105,hand,22,0.22
subject105,hand,28,0.28
subject105,hand,61,0.61
subject105,hand,121,1.21
subject105,hand,2,0.02
subject105,hand,85,0.85
subject105,hand,47,0.47
subject105,hand,58,0.58
subject105,hand,103,1.03
subject105,hand,5,0.05
subject105,hand,3,0.03
subject105,hand,3,0.03
subject105,hand,92,0.92
subject105,hand,16,0.16
subject105,hand,25,0.25
subject105,hand,75,0.75
subject105,hand,31,0.31
subject105,hand,4,0.04
subject105,hand,99,0.99
subject105,hand,7,0.07
subject105,hand,167,1.67
subject105,hand,9,0.09
subject105,hand,8,0.08
subject105,hand,1,0.01
subject105,hand,4,0.04
subject105,hand,8,0.08
subject105,hand,85,0.85
subject105,hand,4,0.04
subject105,hand,6,0.06
subject105,hand,116,1.16
subject105,hand,4,0.04
subject105,hand,2,0.02
subject105,hand,3,0.03
subject105,hand,96,0.96
subject105,hand,334,3.34
subject105,hand,1,0.01
subject105,hand,1373,13.73
subject105,hand,98,0.98
subject105,hand,3,0.03
subject105,hand,4,0.04
subject105,hand,4,0.04
subject105,hand,3,0.03
subject105,hand,5,0.05
subject105,hand,60,0.6
subject105,hand,3,0.03
subject105,hand,4,0.04
subject105,hand,5,0.05
subject105,hand,3,0.03
subject105,hand,7,0.07
subject105,hand,11,0.11
subject105,hand,2,0.02
subject105,hand,4,0.04
subject105,hand,4,0.04
subject105,hand,99,0.99
subject105,hand,1,0.01
subject105,hand,68,0.68
subject105,hand,4,0.04
subject105,hand,4,0.04
subject105,hand,2,0.02
subject105,hand,7,0.07
subject105,hand,2,0.02
subject105,hand,1,0.01
subject105,hand,7,0.07
subject105,hand,5,0.05
subject105,hand,5,0.05
subject105,hand,55,0.55
subject105,hand,1,0.01
subject105,hand,3,0.03
subject105,hand,3,0.03
subject105,hand,2,0.02
subject105,hand,2,0.02
subject105,hand,1,0.01
subject105,hand,2,0.02
subject105,hand,3,0.03
subject105,hand,1,0.01
subject105,hand,3,0.03
subject105,hand,2,0.02
subject105,hand,1,0.01
subject105,hand,3,0.03
subject105,hand,4,0.04
subject105,hand,54,0.54
subject105,hand,1,0.01
subject105,hand,4,0.04
subject105,hand,38,0.38
subject105,hand,60,0.6
subject105,hand,2,0.02
subject105,hand,29,0.29
subject105,hand,63,0.63
subject105,hand,17,0.17
subject105,hand,3,0.03
subject105,hand,31,0.31
subject105,hand,1,0.01
subject105,hand,75,0.75
subject105,hand,17,0.17
subject105,hand,1,0.01
subject105,hand,2,0.02
subject105,hand,64,0.64
subject105,hand,1,0.01
subject105,hand,3,0.03
subject105,hand,3,0.03
subject105,hand,13,0.13
subject105,hand,1,0.01
subject105,hand,4,0.04
subject105,hand,77,0.77
subject105,hand,44,0.44
subject105,hand,77,0.77
subject105,hand,4,0.04
subject105,hand,100,1.0
subject105,hand,2,0.02
subject105,hand,117,1.17
subject105,hand,143,1.43
subject105,hand,1,0.01
subject105,hand,187,1.87
subject105,hand,12,0.12
subject105,hand,118,1.18
subject105,hand,7,0.07
subject105,hand,173,1.73
subject105,hand,9,0.09
subject105,hand,100,1.0
subject105,hand,29,0.29
subject105,hand,66,0.66
subject105,hand,29,0.29
subject105,hand,212,2.12
subject105,hand,103,1.03
subject105,hand,197,1.97
subject105,hand,39,0.39
subject105,hand,73,0.73
subject105,hand,1,0.01
subject105,hand,42,0.42
subject105,hand,55,0.55
subject105,hand,54,0.54
subject105,hand,56,0.56
subject105,hand,153,1.53
subject105,hand,93,0.93
subject105,hand,91,0.91
subject105,hand,3,0.03
subject105,hand,8,0.08
subject105,hand,61,0.61
subject105,hand,14,0.14
subject105,hand,244,2.44
subject105,hand,78,0.78
subject105,hand,2,0.02
subject105,hand,475,4.75
subject105,hand,42,0.42
subject105,hand,220,2.2
subject105,hand,35,0.35
subject105,hand,555,5.55
subject105,hand,1085,10.85
subject105,hand,5712,57.12
subject105,hand,401,4.01
subject105,hand,717,7.17
subject105,hand,861,8.61
subject105,hand,2,0.02
subject105,hand,46,0.46
subject105,hand,453,4.53
subject105,hand,296,2.96
subject105,hand,184,1.84
subject105,hand,106,1.06
subject105,hand,92,0.92
subject105,hand,428,4.28
subject105,hand,22,0.22
subject105,hand,156,1.56
subject105,hand,134,1.34
subject105,hand,219,2.19
subject105,hand,92,0.92
subject105,hand,109,1.09
subject105,hand,22,0.22
subject105,hand,74,0.74
subject105,hand,1,0.01
subject105,hand,7,0.07
subject105,hand,4,0.04
subject105,hand,121,1.21
subject105,hand,3,0.03
subject105,hand,172,1.72
subject105,hand,76,0.76
subject105,hand,780,7.8
subject105,hand,8592,85.92
subject105,hand,88,0.88
subject105,hand,398,3.98
subject105,hand,114,1.14
subject105,hand,13,0.13
subject105,hand,78,0.78
subject105,hand,8,0.08
subject105,hand,7,0.07
subject105,hand,6,0.06
subject105,hand,164,1.64
subject105,hand,26,0.26
subject105,hand,10,0.1
subject105,hand,60,0.6
subject105,hand,45,0.45
subject105,hand,399,3.99
subject105,hand,62,0.62
subject105,hand,55,0.55
subject105,hand,80,0.8
subject105,hand,109,1.09
subject105,hand,6,0.06
subject105,hand,275,2.75
subject105,hand,45,0.45
subject105,hand,191,1.91
subject105,hand,118,1.18
subject105,hand,813,8.13
subject105,hand,174,1.74
subject105,hand,34,0.34
subject105,hand,739,7.39
subject105,hand,706,7.06
subject105,hand,6149,61.49
subject105,hand,691,6.91
subject105,hand,336,3.36
subject105,hand,599,5.99
subject105,hand,2,0.02
subject105,hand,4908,49.08
subject105,hand,784,7.84
subject105,hand,1,0.01
subject105,hand,1288,12.88
subject105,hand,11359,113.59
subject105,hand,709,7.09
subject105,hand,611,6.11
subject105,hand,12340,123.4
subject105,hand,4999,49.99
subject105,hand,6,0.06
subject105,hand,27,0.27
subject105,hand,9,0.09
subject105,hand,8,0.08
subject105,hand,24,0.24
subject105,hand,15,0.15
subject105,hand,2803,28.03
subject105,hand,10,0.1
subject105,hand,602,6.02
subject105,hand,392,3.92
subject105,hand,867,8.67
subject105,hand,5295,52.95
subject105,hand,163,1.63
subject105,hand,690,6.9
subject105,hand,391,3.91
subject105,hand,65,0.65
subject105,hand,5,0.05
subject105,hand,1,0.01
subject105,hand,72,0.72
subject105,hand,1,0.01
subject105,hand,1,0.01
subject105,hand,229,2.29
subject105,hand,12,0.12
subject105,hand,81,0.81
subject105,hand,62,0.62
subject105,hand,2,0.02
subject105,hand,1,0.01
subject105,hand,69,0.69
subject105,hand,2,0.02
subject105,hand,4,0.04
subject105,hand,1,0.01
subject105,hand,227,2.27
subject105,hand,1,0.01
subject105,hand,1628,16.28
subject105,hand,840,8.4
subject105,hand,833,8.33
subject105,hand,6,0.06
subject105,hand,79,0.79
subject105,hand,4037,40.37
subject105,hand,244,2.44
subject105,hand,2186,21.86
subject105,hand,2,0.02
subject105,hand,1,0.01
subject105,hand,4397,43.97
subject105,hand,766,7.66
subject105,hand,57,0.57
subject105,hand,6,0.06
subject105,hand,219,2.19
subject105,hand,1,0.01
subject105,hand,379,3.79
subject105,hand,2,0.02
subject105,hand,87,0.87
subject105,hand,738,7.38
subject105,hand,528,5.28
subject105,hand,737,7.37
subject105,hand,2,0.02
subject105,hand,7,0.07
subject105,hand,1,0.01
subject105,hand,9,0.09
subject105,hand,5,0.05
subject105,hand,274,2.74
subject105,hand,5626,56.26
subject105,hand,96,0.96
subject105,hand,3285,32.85
subject105,hand,1878,18.78
subject105,hand,41,0.41
subject105,hand,12,0.12
subject105,hand,736,7.36
subject105,hand,1688,16.88
subject105,hand,424,4.24
subject105,hand,74,0.74
subject105,hand,646,6.46
subject105,hand,212,2.12
subject105,hand,30,0.3
subject105,hand,27,0.27
subject105,hand,1491,14.91
subject105,hand,420,4.2
subject105,hand,613,6.13
subject105,hand,301,3.01
subject105,hand,531,5.31
subject105,hand,129,1.29
subject105,hand,238,2.38
subject105,hand,60,0.6
subject105,hand,945,9.45
subject105,hand,62,0.62
subject105,hand,260,2.6
subject105,hand,293,2.93
subject105,hand,52,0.52
subject105,hand,82,0.82
subject105,chest,427,4.27
subject105,chest,234,2.34
subject105,chest,669,6.69
subject105,chest,5798,57.98
subject105,chest,13079,130.79
subject105,chest,15142,151.42
subject105,chest,498,4.98
subject105,chest,1,0.01
subject105,chest,1613,16.13
subject105,chest,784,7.84
subject105,chest,6234,62.34
subject105,chest,1414,14.14
subject105,chest,1,0.01
subject105,chest,946,9.46
subject105,chest,60,0.6
subject105,chest,92,0.92
subject105,chest,23,0.23
subject105,chest,328,3.28
subject105,chest,1,0.01
subject105,chest,103,1.03
subject105,chest,534,5.34
subject105,chest,1,0.01
subject105,chest,2022,20.22
subject105,chest,93,0.93
subject105,chest,4356,43.56
subject105,chest,2,0.02
subject105,chest,715,7.15
subject105,chest,6564,65.64
subject105,chest,2159,21.59
subject105,chest,123,1.23
subject105,chest,1026,10.26
subject105,chest,422,4.22
subject105,chest,1748,17.48
subject105,chest,1528,15.28
subject105,chest,241,2.41
subject105,chest,3982,39.82
subject105,chest,1587,15.87
subject105,chest,972,9.72
subject105,chest,3665,36.65
subject105,chest,733,7.33
subject105,chest,490,4.9
subject105,chest,575,5.75
subject105,chest,7224,72.24
subject105,chest,1024,10.24
subject105,chest,3266,32.66
subject105,chest,922,9.22
subject105,chest,281,2.81
subject105,chest,45,0.45
subject105,chest,287,2.87
subject105,chest,1079,10.79
subject105,chest,2690,26.9
subject105,chest,5296,52.96
subject105,chest,2560,25.6
subject105,chest,5561,55.61
subject105,chest,4277,42.77
subject105,chest,568,5.68
subject105,chest,7774,77.74
subject105,chest,81,0.81
subject105,chest,6678,66.78
subject105,chest,1478,14.78
subject105,chest,22802,228.02
subject105,chest,3359,33.59
subject105,chest,16488,164.88
subject105,chest,13990,139.9
subject105,chest,3264,32.64
subject105,chest,1500,15.0
subject105,chest,3442,34.42
subject105,chest,337,3.37
subject105,chest,6056,60.56
subject105,chest,109,1.09
subject105,chest,1147,11.47
subject105,chest,1,0.01
subject105,chest,6198,61.98
subject105,chest,463,4.63
subject105,chest,21,0.21
subject105,chest,816,8.16
subject105,chest,866,8.66
subject105,chest,315,3.15
subject105,chest,15,0.15
subject105,chest,1821,18.21
subject105,chest,865,8.65
subject105,chest,694,6.94
subject105,chest,1198,11.98
subject105,chest,61,0.61
subject105,chest,1779,17.79
subject105,chest,1432,14.32
subject105,chest,1076,10.76
subject105,chest,2807,28.07
subject105,chest,1635,16.35
subject105,chest,568,5.68
subject105,chest,311,3.11
subject105,chest,82,0.82
subject105,chest,21,0.21
subject105,chest,756,7.56
subject105,chest,55,0.55
subject105,chest,3807,38.07
subject105,chest,309,3.09
subject105,chest,3560,35.6
subject105,chest,1279,12.79
subject105,chest,494,4.94
subject105,chest,3212,32.12
subject105,chest,4371,43.71
subject105,chest,77,0.77
subject105,chest,11,0.11
subject105,chest,6,0.06
subject105,chest,274,2.74
subject105,chest,213,2.13
subject105,chest,66,0.66
subject105,chest,135,1.35
subject105,chest,174,1.74
subject105,chest,25,0.25
subject105,chest,524,5.24
subject105,chest,629,6.29
subject105,chest,87,0.87
subject105,chest,100,1.0
subject105,chest,3432,34.32
subject105,chest,2444,24.44
subject105,chest,3888,38.88
subject105,chest,298,2.98
subject105,chest,676,6.76
subject105,chest,2,0.02
subject105,chest,50,0.5
subject105,chest,76,0.76
subject105,chest,24,0.24
subject105,chest,89,0.89
subject105,chest,70,0.7
subject105,chest,11,0.11
subject105,chest,74,0.74
subject105,chest,17,0.17
subject105,chest,7,0.07
subject105,chest,27,0.27
subject105,chest,400,4.0
subject105,chest,303,3.03
subject105,chest,27,0.27
subject105,chest,99,0.99
subject105,chest,212,2.12
subject105,chest,893,8.93
subject105,chest,4973,49.73
subject105,chest,887,8.87
subject105,chest,253,2.53
subject105,chest,1786,17.86
subject105,chest,1222,12.22
subject105,chest,144,1.44
subject105,chest,70,0.7
subject105,chest,14,0.14
subject105,chest,5,0.05
subject105,chest,619,6.19
subject105,chest,212,2.12
subject105,chest,1539,15.39
subject105,chest,2570,25.7
subject105,chest,11245,112.45
subject105,chest,647,6.47
subject105,chest,2121,21.21
subject105,chest,8040,80.4
subject105,chest,663,6.63
subject105,chest,2594,25.94
subject105,chest,1615,16.15
subject105,chest,86,0.86
subject105,chest,7,0.07
subject105,chest,8949,89.49
subject105,chest,7487,74.87
subject105,chest,240,2.4
subject105,chest,15,0.15
subject105,chest,300,3.0
subject105,chest,1695,16.95
subject105,chest,5980,59.8
subject105,chest,2434,24.34
subject105,chest,216,2.16
subject105,chest,3640,36.4
subject105,chest,1333,13.33
subject105,chest,565,5.65
subject105,chest,15833,158.33
subject105,chest,69,0.69
subject105,chest,636,6.36
subject105,chest,426,4.26
subject105,chest,852,8.52
subject105,chest,154,1.54
subject105,chest,713,7.13
subject105,chest,1154,11.54
subject105,chest,866,8.66
subject105,ankle,225,2.25
subject105,ankle,5662,56.62
subject105,ankle,425,4.25
subject105,ankle,1,0.01
subject105,ankle,235,2.35
subject105,ankle,443,4.43
subject105,ankle,6022,60.22
subject105,ankle,313,3.13
subject105,ankle,5,0.05
subject105,ankle,98,0.98
subject105,ankle,13181,131.81
subject105,ankle,1252,12.52
subject105,ankle,127,1.27
subject105,ankle,406,4.06
subject105,ankle,10984,109.84
subject105,ankle,11199,111.99
subject105,ankle,1400,14.0
subject105,ankle,16,0.16
subject105,ankle,274,2.74
subject105,ankle,1,0.01
subject105,ankle,3687,36.87
subject105,ankle,2044,20.44
subject105,ankle,684,6.84
subject105,ankle,2702,27.02
subject105,ankle,366,3.66
subject105,ankle,203,2.03
subject105,ankle,124,1.24
subject105,ankle,104,1.04
subject105,ankle,656,6.56
subject105,ankle,358,3.58
subject105,ankle,1764,17.64
subject105,ankle,187,1.87
subject105,ankle,813,8.13
subject105,ankle,421,4.21
subject105,ankle,54,0.54
subject105,ankle,2818,28.18
subject105,ankle,2265,22.65
subject105,ankle,3461,34.61
subject105,ankle,233,2.33
subject105,ankle,292,2.92
subject105,ankle,273,2.73
subject105,ankle,159,1.59
subject105,ankle,2511,25.11
subject105,ankle,10,0.1
subject105,ankle,2,0.02
subject105,ankle,1,0.01
subject105,ankle,312,3.12
subject105,ankle,52,0.52
subject105,ankle,4038,40.38
subject105,ankle,742,7.42
subject105,ankle,3,0.03
subject105,ankle,204,2.04
subject105,ankle,1108,11.08
subject105,ankle,751,7.51
subject105,ankle,332,3.32
subject105,ankle,688,6.88
subject105,ankle,593,5.93
subject105,ankle,2203,22.03
subject105,ankle,1383,13.83
subject105,ankle,945,9.45
subject105,ankle,531,5.31
subject105,ankle,8,0.08
subject105,ankle,1314,13.14
subject105,ankle,1186,11.86
subject105,ankle,103,1.03
subject105,ankle,109,1.09
subject105,ankle,383,3.83
subject105,ankle,556,5.56
subject105,ankle,2197,21.97
subject105,ankle,557,5.57
subject105,ankle,175,1.75
subject105,ankle,1447,14.47
subject105,ankle,3,0.03
subject105,ankle,6,0.06
subject105,ankle,6,0.06
subject105,ankle,824,8.24
subject105,ankle,355,3.55
subject105,ankle,59,0.59
subject105,ankle,256,2.56
subject105,ankle,5332,53.32
subject105,ankle,27,0.27
subject105,ankle,1648,16.48
subject105,ankle,906,9.06
subject105,ankle,1652,16.52
subject105,ankle,1406,14.06
subject105,ankle,4946,49.46
subject105,ankle,16,0.16
subject105,ankle,3437,34.37
subject105,ankle,1691,16.91
subject105,ankle,1328,13.28
subject105,ankle,865,8.65
subject105,ankle,1,0.01
subject105,ankle,1265,12.65
subject105,ankle,1201,12.01
subject105,ankle,380,3.8
subject105,ankle,403,4.03
subject105,ankle,947,9.47
subject105,ankle,28,0.28
subject105,ankle,291,2.91
subject105,ankle,65,0.65
subject105,ankle,155,1.55
subject105,ankle,982,9.82
subject105,ankle,55,0.55
subject105,ankle,729,7.29
subject105,ankle,1172,11.72
subject105,ankle,2665,26.65
subject105,ankle,4,0.04
subject105,ankle,704,7.04
subject105,ankle,558,5.58
subject105,ankle,3,0.03
subject105,ankle,2007,20.07
subject105,ankle,131,1.31
subject105,ankle,380,3.8
subject105,ankle,33,0.33
subject105,ankle,136,1.36
subject105,ankle,6619,66.19
subject105,ankle,102,1.02
subject105,ankle,449,4.49
subject105,ankle,83,0.83
subject105,ankle,216,2.16
subject105,ankle,846,8.46
subject105,ankle,3507,35.07
subject105,ankle,1723,17.23
subject105,ankle,2499,24.99
subject105,ankle,202,2.02
subject105,ankle,497,4.97
subject105,ankle,159,1.59
subject105,ankle,637,6.37
subject105,ankle,1511,15.11
subject105,ankle,835,8.35
subject105,ankle,4948,49.48
subject105,ankle,2177,21.77
subject105,ankle,729,7.29
subject105,ankle,1637,16.37
subject105,ankle,3643,36.43
subject105,ankle,211,2.11
subject105,ankle,6824,68.24
subject105,ankle,401,4.01
subject105,ankle,366,3.66
subject105,ankle,1,0.01
subject105,ankle,1,0.01
subject105,ankle,1,0.01
subject105,ankle,19,0.19
subject105,ankle,10,0.1
subject105,ankle,5,0.05
subject105,ankle,37,0.37
subject105,ankle,775,7.75
subject105,ankle,1089,10.89
subject105,ankle,29,0.29
subject105,ankle,2227,22.27
subject105,ankle,780,7.8
subject105,ankle,609,6.09
subject105,ankle,2134,21.34
subject105,ankle,1732,17.32
subject105,ankle,384,3.84
subject105,ankle,823,8.23
subject105,ankle,930,9.3
subject105,ankle,457,4.57
subject105,ankle,160,1.6
subject105,ankle,94,0.94
subject105,ankle,24,0.24
subject105,ankle,34,0.34
subject105,ankle,41,0.41
subject105,ankle,24,0.24
subject105,ankle,6,0.06
subject105,ankle,41,0.41
subject105,ankle,110,1.1
subject105,ankle,175,1.75
subject105,ankle,32,0.32
subject105,ankle,107,1.07
subject105,ankle,14,0.14
subject105,ankle,345,3.45
subject105,ankle,419,4.19
subject105,ankle,118,1.18
subject105,ankle,272,2.72
subject105,ankle,284,2.84
subject105,ankle,137,1.37
subject105,ankle,32,0.32
subject105,ankle,71,0.71
subject105,ankle,7,0.07
subject105,ankle,74,0.74
subject105,ankle,129,1.29
subject105,ankle,85,0.85
subject105,ankle,331,3.31
subject105,ankle,77,0.77
subject105,ankle,76,0.76
subject105,ankle,115,1.15
subject105,ankle,3,0.03
subject105,ankle,85,0.85
subject105,ankle,82,0.82
subject105,ankle,138,1.38
subject105,ankle,275,2.75
subject105,ankle,46,0.46
subject105,ankle,60,0.6
subject105,ankle,77,0.77
subject105,ankle,115,1.15
subject105,ankle,31,0.31
subject105,ankle,2,0.02
subject105,ankle,157,1.57
subject105,ankle,295,2.95
subject105,ankle,463,4.63
subject105,ankle,210,2.1
subject105,ankle,40,0.4
subject105,ankle,91,0.91
subject105,ankle,524,5.24
subject105,ankle,156,1.56
subject105,ankle,169,1.69
subject105,ankle,153,1.53
subject105,ankle,20,0.2
subject105,ankle,303,3.03
subject105,ankle,185,1.85
subject105,ankle,128,1.28
subject105,ankle,431,4.31
subject105,ankle,3,0.03
subject105,ankle,163,1.63
subject105,ankle,322,3.22
subject105,ankle,54,0.54
subject105,ankle,3,0.03
subject105,ankle,228,2.28
subject105,ankle,467,4.67
subject105,ankle,64,0.64
subject105,ankle,73,0.73
subject105,ankle,90,0.9
subject105,ankle,25,0.25
subject105,ankle,66,0.66
subject105,ankle,382,3.82
subject105,ankle,45,0.45
subject105,ankle,76,0.76
subject105,ankle,131,1.31
subject105,ankle,176,1.76
subject105,ankle,111,1.11
subject105,ankle,40,0.4
subject105,ankle,411,4.11
subject105,ankle,147,1.47
subject105,ankle,34,0.34
subject105,ankle,30,0.3
subject105,ankle,63,0.63
subject105,ankle,115,1.15
subject105,ankle,51,0.51
subject105,ankle,103,1.03
subject105,ankle,75,0.75
subject105,ankle,23,0.23
subject105,ankle,14,0.14
subject105,ankle,18,0.18
subject105,ankle,34,0.34
subject105,ankle,14,0.14
subject105,ankle,20,0.2
subject105,ankle,54,0.54
subject105,ankle,43,0.43
subject105,ankle,12,0.12
subject105,ankle,26,0.26
subject105,ankle,2,0.02
subject105,ankle,84,0.84
subject105,ankle,250,2.5
subject105,ankle,10,0.1
subject105,ankle,88,0.88
subject105,ankle,159,1.59
subject105,ankle,185,1.85
subject105,ankle,1044,10.44
subject105,ankle,34,0.34
subject105,ankle,345,3.45
subject105,ankle,172,1.72
subject105,ankle,86,0.86
subject105,ankle,58,0.58
subject105,ankle,26,0.26
subject105,ankle,4,0.04
subject105,ankle,5,0.05
subject105,ankle,38,0.38
subject105,ankle,66,0.66
subject105,ankle,115,1.15
subject105,ankle,237,2.37
subject105,ankle,93,0.93
subject105,ankle,26,0.26
subject105,ankle,131,1.31
subject105,ankle,1,0.01
subject105,ankle,76,0.76
subject105,ankle,3,0.03
subject105,ankle,35,0.35
subject105,ankle,1,0.01
subject105,ankle,1,0.01
subject105,ankle,2,0.02
subject105,ankle,1,0.01
subject105,ankle,237,2.37
subject105,ankle,202,2.02
subject105,ankle,1,0.01
subject105,ankle,261,2.61
subject105,ankle,20,0.2
subject105,ankle,43,0.43
subject105,ankle,6,0.06
subject105,ankle,107,1.07
subject105,ankle,31,0.31
subject105,ankle,142,1.42
subject105,ankle,583,5.83
subject105,ankle,51,0.51
subject105,ankle,65,0.65
subject105,ankle,351,3.51
subject105,ankle,319,3.19
subject105,ankle,256,2.56
subject105,ankle,54,0.54
subject105,ankle,23,0.23
subject105,ankle,57,0.57
subject105,ankle,1819,18.19
subject105,ankle,196,1.96
subject105,ankle,71,0.71
subject105,ankle,54,0.54
subject105,ankle,337,3.37
subject105,ankle,155,1.55
subject105,ankle,251,2.51
subject105,ankle,10,0.1
subject105,ankle,95,0.95
subject105,ankle,799,7.99
subject105,ankle,110,1.1
subject105,ankle,277,2.77
subject105,ankle,329,3.29
subject105,ankle,232,2.32
subject105,ankle,5,0.05
subject105,ankle,105,1.05
subject105,ankle,207,2.07
subject105,ankle,125,1.25
subject105,ankle,139,1.39
subject105,ankle,10,0.1
subject105,ankle,10,0.1
subject105,ankle,167,1.67
subject105,ankle,310,3.1
subject105,ankle,10,0.1
subject105,ankle,1,0.01
subject105,ankle,42,0.42
subject105,ankle,1,0.01
subject105,ankle,118,1.18
subject105,ankle,67,0.67
subject105,ankle,80,0.8
subject105,ankle,68,0.68
subject105,ankle,35,0.35
subject105,ankle,10,0.1
subject105,ankle,62,0.62
subject105,ankle,103,1.03
subject105,ankle,111,1.11
subject105,ankle,360,3.6
subject105,ankle,62,0.62
subject105,ankle,224,2.24
subject105,ankle,49,0.49
subject105,ankle,47,0.47
subject105,ankle,266,2.66
subject105,ankle,1,0.01
subject105,ankle,48,0.48
subject105,ankle,55,0.55
subject105,ankle,57,0.57
subject105,ankle,48,0.48
subject105,ankle,2,0.02
subject105,ankle,6,0.06
subject105,ankle,47,0.47
subject105,ankle,21,0.21
subject105,ankle,206,2.06
subject105,ankle,109,1.09
subject105,ankle,37,0.37
subject105,ankle,1,0.01
subject105,ankle,212,2.12
subject105,ankle,66,0.66
subject105,ankle,51,0.51
subject105,ankle,99,0.99
subject105,ankle,6,0.06
subject105,ankle,103,1.03
subject105,ankle,35,0.35
subject105,ankle,10,0.1
subject105,ankle,5,0.05
subject105,ankle,31,0.31
subject105,ankle,285,2.85
subject105,ankle,16,0.16
subject105,ankle,33,0.33
subject105,ankle,60,0.6
subject105,ankle,95,0.95
subject105,ankle,69,0.69
subject105,ankle,348,3.48
subject105,ankle,26,0.26
subject105,ankle,3,0.03
subject105,ankle,62,0.62
subject105,ankle,12,0.12
subject105,ankle,87,0.87
subject105,ankle,108,1.08
subject105,ankle,83,0.83
subject105,ankle,2,0.02
subject105,ankle,55,0.55
subject105,ankle,47,0.47
subject105,ankle,63,0.63
subject105,ankle,59,0.59
subject105,ankle,208,2.08
subject105,ankle,1,0.01
subject105,ankle,7,0.07
subject105,ankle,153,1.53
subject105,ankle,866,8.66
subject105,ankle,42,0.42
subject105,ankle,12,0.12
subject105,ankle,63,0.63
subject105,ankle,53,0.53
subject105,ankle,151,1.51
subject105,ankle,21,0.21
subject105,ankle,123,1.23
subject105,ankle,144,1.44
subject105,ankle,12,0.12
subject105,ankle,98,0.98
subject105,ankle,43,0.43
subject105,ankle,15,0.15
subject105,ankle,117,1.17
subject105,ankle,18,0.18
subject105,ankle,43,0.43
subject105,ankle,40,0.4
subject105,ankle,7,0.07
subject105,ankle,22,0.22
subject105,ankle,62,0.62
subject105,ankle,41,0.41
subject105,ankle,13,0.13
subject105,ankle,97,0.97
subject105,ankle,110,1.1
subject105,ankle,22,0.22
subject105,ankle,85,0.85
subject105,ankle,10,0.1
subject105,ankle,180,1.8
subject105,ankle,44,0.44
subject105,ankle,220,2.2
subject105,ankle,13,0.13
subject105,ankle,57,0.57
subject105,ankle,143,1.43
subject105,ankle,9,0.09
subject105,ankle,59,0.59
subject105,ankle,47,0.47
subject105,ankle,1,0.01
subject105,ankle,199,1.99
subject105,ankle,112,1.12
subject105,ankle,277,2.77
subject105,ankle,195,1.95
subject105,ankle,447,4.47
subject105,ankle,232,2.32
subject105,ankle,247,2.47
subject105,ankle,209,2.09
subject105,ankle,325,3.25
subject105,ankle,234,2.34
subject105,ankle,5,0.05
subject105,ankle,6,0.06
subject105,ankle,7,0.07
subject105,ankle,86,0.86
subject105,ankle,69,0.69
subject105,ankle,38,0.38
subject105,ankle,192,1.92
subject105,ankle,451,4.51
subject105,ankle,71,0.71
subject105,ankle,155,1.55
subject105,ankle,67,0.67
subject105,ankle,7,0.07
subject105,ankle,27,0.27
subject105,ankle,211,2.11
subject105,ankle,48,0.48
subject105,ankle,510,5.1
subject105,ankle,87,0.87
subject105,ankle,59,0.59
subject105,ankle,1,0.01
subject105,ankle,40,0.4
subject105,ankle,21,0.21
subject105,ankle,8,0.08
subject105,ankle,86,0.86
subject105,ankle,65,0.65
subject105,ankle,607,6.07
subject105,ankle,91,0.91
subject105,ankle,46,0.46
subject105,ankle,98,0.98
subject105,ankle,7,0.07
subject105,ankle,61,0.61
subject105,ankle,102,1.02
subject105,ankle,248,2.48
subject105,ankle,154,1.54
subject105,ankle,5,0.05
subject105,ankle,1,0.01
subject105,ankle,22,0.22
subject105,ankle,1,0.01
subject105,ankle,6,0.06
subject105,ankle,61,0.61
subject105,ankle,12,0.12
subject105,ankle,21,0.21
subject105,ankle,8,0.08
subject105,ankle,214,2.14
subject105,ankle,108,1.08
subject105,ankle,36,0.36
subject105,ankle,91,0.91
subject105,ankle,78,0.78
subject105,ankle,60,0.6
subject105,ankle,107,1.07
subject105,ankle,5,0.05
subject105,ankle,163,1.63
subject105,ankle,4,0.04
subject105,ankle,405,4.05
subject105,ankle,124,1.24
subject105,ankle,67,0.67
subject105,ankle,54,0.54
subject105,ankle,84,0.84
subject105,ankle,214,2.14
subject105,ankle,14,0.14
subject105,ankle,88,0.88
subject105,ankle,21,0.21
subject105,ankle,30,0.3
subject105,ankle,28,0.28
subject105,ankle,231,2.31
subject105,ankle,23,0.23
subject105,ankle,81,0.81
subject105,ankle,61,0.61
subject105,ankle,243,2.43
subject105,ankle,31,0.31
subject105,ankle,88,0.88
subject105,ankle,383,3.83
subject105,ankle,312,3.12
subject105,ankle,7,0.07
subject105,ankle,276,2.76
subject105,ankle,92,0.92
subject105,ankle,117,1.17
subject105,ankle,208,2.08
subject105,ankle,5,0.05
subject105,ankle,107,1.07
subject105,ankle,135,1.35
subject105,ankle,83,0.83
subject105,ankle,29,0.29
subject105,ankle,280,2.8
subject105,ankle,417,4.17
subject105,ankle,114,1.14
subject105,ankle,291,2.91
subject105,ankle,1,0.01
subject105,ankle,42,0.42
subject105,ankle,65,0.65
subject105,ankle,951,9.51
subject105,ankle,42,0.42
subject105,ankle,24,0.24
subject105,ankle,243,2.43
subject105,ankle,66,0.66
subject105,ankle,56,0.56
subject105,ankle,65,0.65
subject105,ankle,6,0.06
subject105,ankle,35,0.35
subject105,ankle,61,0.61
subject105,ankle,93,0.93
subject105,ankle,5,0.05
subject105,ankle,103,1.03
subject105,ankle,88,0.88
subject105,ankle,28,0.28
subject105,ankle,11,0.11
subject105,ankle,39,0.39
subject105,ankle,203,2.03
subject105,ankle,252,2.52
subject105,ankle,7,0.07
subject105,ankle,90,0.9
subject105,ankle,34,0.34
subject105,ankle,118,1.18
subject105,ankle,38,0.38
subject105,ankle,57,0.57
subject105,ankle,43,0.43
subject105,ankle,408,4.08
subject105,ankle,83,0.83
subject105,ankle,184,1.84
subject105,ankle,92,0.92
subject105,ankle,24,0.24
subject105,ankle,125,1.25
subject105,ankle,42,0.42
subject105,ankle,106,1.06
subject105,ankle,51,0.51
subject105,ankle,264,2.64
subject105,ankle,118,1.18
subject105,ankle,1139,11.39
subject105,ankle,83,0.83
subject105,ankle,537,5.37
subject105,ankle,65,0.65
subject105,ankle,191,1.91
subject105,ankle,23,0.23
subject105,ankle,50,0.5
subject105,ankle,545,5.45
subject105,ankle,19,0.19
subject105,ankle,236,2.36
subject105,ankle,136,1.36
subject105,ankle,64,0.64
subject105,ankle,514,5.14
subject105,ankle,54,0.54
subject105,ankle,36,0.36
subject105,ankle,158,1.58
subject105,ankle,415,4.15
subject105,ankle,849,8.49
subject105,ankle,75,0.75
subject105,ankle,86,0.86
subject105,ankle,1,0.01
subject105,ankle,208,2.08
subject105,ankle,156,1.56
subject105,ankle,25,0.25
subject105,ankle,770,7.7
subject105,ankle,604,6.04
subject105,ankle,311,3.11
subject105,ankle,173,1.73
subject105,ankle,94,0.94
subject105,ankle,180,1.8
subject105,ankle,59,0.59
subject105,ankle,106,1.06
subject105,ankle,12,0.12
subject105,ankle,30,0.3
subject105,ankle,14,0.14
subject105,ankle,96,0.96
subject105,ankle,129,1.29
subject105,ankle,79,0.79
subject105,ankle,359,3.59
subject105,ankle,1,0.01
subject105,ankle,1573,15.73
subject105,ankle,20,0.2
subject105,ankle,82,0.82
subject105,ankle,11,0.11
subject105,ankle,24,0.24
subject105,ankle,17,0.17
subject105,ankle,3,0.03
subject105,ankle,87,0.87
subject105,ankle,2,0.02
subject105,ankle,9,0.09
subject105,ankle,109,1.09
subject105,ankle,408,4.08
subject105,ankle,168,1.68
subject105,ankle,134,1.34
subject105,ankle,3,0.03
subject105,ankle,191,1.91
subject105,ankle,801,8.01
subject105,ankle,4,0.04
subject105,ankle,11,0.11
subject105,ankle,1,0.01
subject105,ankle,19,0.19
subject105,ankle,76,0.76
subject105,ankle,6,0.06
subject105,ankle,8,0.08
subject105,ankle,17,0.17
subject105,ankle,11,0.11
subject105,ankle,86,0.86
subject105,ankle,21,0.21
subject105,ankle,3,0.03
subject105,ankle,177,1.77
subject105,ankle,6,0.06
subject105,ankle,17,0.17
subject105,ankle,58,0.58
subject105,ankle,31,0.31
subject105,ankle,3,0.03
subject105,ankle,2,0.02
subject105,ankle,1,0.01
subject105,ankle,47,0.47
subject105,ankle,35,0.35
subject105,ankle,149,1.49
subject105,ankle,34,0.34
subject105,ankle,52,0.52
subject105,ankle,84,0.84
subject105,ankle,325,3.25
subject105,ankle,103,1.03
subject105,ankle,104,1.04
subject105,ankle,288,2.88
subject105,ankle,24,0.24
subject105,ankle,164,1.64
subject105,ankle,298,2.98
subject105,ankle,206,2.06
subject105,ankle,233,2.33
subject105,ankle,19,0.19
subject105,ankle,768,7.68
subject105,ankle,325,3.25
subject105,ankle,107,1.07
subject105,ankle,221,2.21
subject105,ankle,18,0.18
subject105,ankle,36,0.36
subject105,ankle,86,0.86
subject105,ankle,47,0.47
subject105,ankle,489,4.89
subject105,ankle,304,3.04
subject105,ankle,310,3.1
subject105,ankle,183,1.83
subject105,ankle,132,1.32
subject105,ankle,48,0.48
subject105,ankle,147,1.47
subject105,ankle,360,3.6
subject105,ankle,71,0.71
subject105,ankle,14,0.14
subject105,ankle,237,2.37
subject105,ankle,105,1.05
subject105,ankle,102,1.02
subject105,ankle,252,2.52
subject105,ankle,61,0.61
subject105,ankle,217,2.17
subject105,ankle,114,1.14
subject105,ankle,45,0.45
subject105,ankle,101,1.01
subject105,ankle,289,2.89
subject105,ankle,154,1.54
subject105,ankle,60,0.6
subject105,ankle,415,4.15
subject105,ankle,1258,12.58
subject105,ankle,174,1.74
subject105,ankle,259,2.59
subject105,ankle,17,0.17
subject105,ankle,52,0.52
subject105,ankle,24,0.24
subject105,ankle,98,0.98
subject105,ankle,523,5.23
subject105,ankle,4,0.04
subject105,ankle,2,0.02
subject105,ankle,11,0.11
subject105,ankle,54,0.54
subject105,ankle,26,0.26
subject105,ankle,54,0.54
subject105,ankle,5,0.05
subject105,ankle,56,0.56
subject105,ankle,146,1.46
subject105,ankle,93,0.93
subject105,ankle,10,0.1
subject105,ankle,114,1.14
subject105,ankle,15,0.15
subject105,ankle,22,0.22
subject105,ankle,5,0.05
subject105,ankle,164,1.64
subject105,ankle,248,2.48
subject105,ankle,102,1.02
subject105,ankle,252,2.52
subject105,ankle,102,1.02
subject105,ankle,151,1.51
subject105,ankle,6,0.06
subject105,ankle,79,0.79
subject105,ankle,125,1.25
subject105,ankle,1,0.01
subject105,ankle,115,1.15
subject105,ankle,198,1.98
subject105,ankle,212,2.12
subject105,ankle,42,0.42
subject105,ankle,11,0.11
subject105,ankle,193,1.93
subject105,ankle,51,0.51
subject105,ankle,2,0.02
subject105,ankle,4,0.04
subject105,ankle,51,0.51
subject105,ankle,71,0.71
subject105,ankle,119,1.19
subject105,ankle,113,1.13
subject105,ankle,5,0.05
subject105,ankle,100,1.0
subject105,ankle,60,0.6
subject105,ankle,29,0.29
subject105,ankle,207,2.07
subject105,ankle,258,2.58
subject105,ankle,248,2.48
subject105,ankle,25,0.25
subject105,ankle,94,0.94
subject105,ankle,18,0.18
subject105,ankle,108,1.08
subject105,ankle,239,2.39
subject105,ankle,1093,10.93
subject105,ankle,110,1.1
subject105,ankle,14,0.14
subject105,ankle,5,0.05
subject105,ankle,341,3.41
subject105,ankle,374,3.74
subject105,ankle,199,1.99
subject105,ankle,48,0.48
subject105,ankle,119,1.19
subject105,ankle,144,1.44
subject105,ankle,38,0.38
subject105,ankle,1,0.01
subject105,ankle,228,2.28
subject105,ankle,48,0.48
subject105,ankle,34,0.34
subject105,ankle,67,0.67
subject105,ankle,406,4.06
subject105,ankle,55,0.55
subject105,ankle,247,2.47
subject105,ankle,454,4.54
subject105,ankle,58,0.58
subject105,ankle,31,0.31
subject105,ankle,467,4.67
subject105,ankle,403,4.03
subject105,ankle,80,0.8
subject105,ankle,322,3.22
subject105,ankle,489,4.89
subject105,ankle,160,1.6
subject105,ankle,291,2.91
subject105,ankle,207,2.07
subject105,ankle,76,0.76
subject105,ankle,6,0.06
subject105,ankle,147,1.47
subject105,ankle,130,1.3
subject105,ankle,256,2.56
subject105,ankle,122,1.22
subject105,ankle,5,0.05
subject105,ankle,143,1.43
subject105,ankle,15,0.15
subject105,ankle,4,0.04
subject105,ankle,26,0.26
subject105,ankle,24,0.24
subject105,ankle,402,4.02
subject105,ankle,1061,10.61
subject105,ankle,80,0.8
subject105,ankle,279,2.79
subject105,ankle,26,0.26
subject105,ankle,2114,21.14
subject105,ankle,218,2.18
subject105,ankle,87,0.87
subject105,ankle,1,0.01
subject105,ankle,638,6.38
subject105,ankle,95,0.95
subject105,ankle,814,8.14
subject105,ankle,71,0.71
subject105,ankle,310,3.1
subject105,ankle,356,3.56
subject105,ankle,1330,13.3
subject105,ankle,3443,34.43
subject105,ankle,856,8.56
subject105,ankle,2008,20.08
subject105,ankle,52,0.52
subject105,ankle,1,0.01
subject105,ankle,100,1.0
subject105,ankle,145,1.45
subject105,ankle,6,0.06
subject105,ankle,52,0.52
subject105,ankle,56,0.56
subject105,ankle,92,0.92
subject105,ankle,313,3.13
subject105,ankle,53,0.53
subject105,ankle,171,1.71
subject105,ankle,398,3.98
subject105,ankle,451,4.51
subject105,ankle,25,0.25
subject105,ankle,18,0.18
subject105,ankle,186,1.86
subject105,ankle,220,2.2
subject105,ankle,474,4.74
subject105,ankle,37,0.37
subject105,ankle,72,0.72
subject105,ankle,57,0.57
subject105,ankle,150,1.5
subject105,ankle,185,1.85
subject105,ankle,112,1.12
subject105,ankle,374,3.74
subject105,ankle,237,2.37
subject105,ankle,4,0.04
subject105,ankle,102,1.02
subject105,ankle,47,0.47
subject105,ankle,27,0.27
subject105,ankle,77,0.77
subject105,ankle,87,0.87
subject105,ankle,10,0.1
subject105,ankle,5,0.05
subject105,ankle,81,0.81
subject105,ankle,3,0.03
subject105,ankle,8,0.08
subject105,ankle,1,0.01
subject105,ankle,2,0.02
subject105,ankle,2,0.02
subject105,ankle,87,0.87
subject105,ankle,3,0.03
subject105,ankle,4,0.04
subject105,ankle,1,0.01
subject105,ankle,102,1.02
subject105,ankle,4,0.04
subject105,ankle,5,0.05
subject105,ankle,92,0.92
subject105,ankle,2,0.02
subject105,ankle,1,0.01
subject105,ankle,98,0.98
subject105,ankle,3,0.03
subject105,ankle,1,0.01
subject105,ankle,3,0.03
subject105,ankle,12,0.12
subject105,ankle,84,0.84
subject105,ankle,13,0.13
subject105,ankle,5,0.05
subject105,ankle,46,0.46
subject105,ankle,59,0.59
subject105,ankle,100,1.0
subject105,ankle,3,0.03
subject105,ankle,121,1.21
subject105,ankle,2,0.02
subject105,ankle,4,0.04
subject105,ankle,627,6.27
subject105,ankle,118,1.18
subject105,ankle,104,1.04
subject105,ankle,10,0.1
subject105,ankle,1,0.01
subject105,ankle,22,0.22
subject105,ankle,59,0.59
subject105,ankle,320,3.2
subject105,ankle,235,2.35
subject105,ankle,56,0.56
subject105,ankle,472,4.72
subject105,ankle,107,1.07
subject105,ankle,183,1.83
subject105,ankle,151,1.51
subject105,ankle,26,0.26
subject105,ankle,257,2.57
subject105,ankle,31,0.31
subject105,ankle,87,0.87
subject105,ankle,71,0.71
subject105,ankle,9,0.09
subject105,ankle,65,0.65
subject105,ankle,185,1.85
subject105,ankle,8,0.08
subject105,ankle,43,0.43
subject105,ankle,395,3.95
subject105,ankle,11,0.11
subject105,ankle,2,0.02
subject105,ankle,12,0.12
subject105,ankle,85,0.85
subject105,ankle,11,0.11
subject105,ankle,13,0.13
subject105,ankle,1,0.01
subject105,ankle,509,5.09
subject105,ankle,626,6.26
subject105,ankle,532,5.32
subject105,ankle,949,9.49
subject105,ankle,111,1.11
subject105,ankle,2,0.02
subject105,ankle,297,2.97
subject105,ankle,42,0.42
subject105,ankle,185,1.85
subject105,ankle,228,2.28
subject105,ankle,16,0.16
subject105,ankle,2,0.02
subject105,ankle,369,3.69
subject105,ankle,426,4.26
subject105,ankle,1191,11.91
subject105,ankle,271,2.71
subject105,ankle,238,2.38
subject105,ankle,663,6.63
subject105,ankle,78,0.78
subject105,ankle,180,1.8
subject105,ankle,75,0.75
subject105,ankle,1,0.01
subject105,ankle,195,1.95
subject105,ankle,70,0.7
subject105,ankle,305,3.05
subject105,ankle,200,2.0
subject105,ankle,247,2.47
subject105,ankle,27,0.27
subject105,ankle,180,1.8
subject105,ankle,174,1.74
subject105,ankle,56,0.56
subject105,ankle,37,0.37
subject105,ankle,22,0.22
subject105,ankle,22,0.22
subject105,ankle,2,0.02
subject105,ankle,74,0.74
subject105,ankle,147,1.47
subject105,ankle,142,1.42
subject105,ankle,47,0.47
subject105,ankle,22,0.22
subject105,ankle,83,0.83
subject105,ankle,10,0.1
subject105,ankle,95,0.95
subject105,ankle,12,0.12
subject105,ankle,107,1.07
subject105,ankle,60,0.6
subject105,ankle,34,0.34
subject105,ankle,10,0.1
subject105,ankle,3,0.03
subject105,ankle,1803,18.03
subject105,ankle,125,1.25
subject105,ankle,74,0.74
subject105,ankle,59,0.59
subject105,ankle,1,0.01
subject105,ankle,57,0.57
subject105,ankle,46,0.46
subject105,ankle,68,0.68
subject105,ankle,70,0.7
subject105,ankle,14,0.14
subject105,ankle,108,1.08
subject105,ankle,600,6.0
subject105,ankle,114,1.14
subject105,ankle,590,5.9
subject105,ankle,9,0.09
subject105,ankle,54,0.54
subject105,ankle,44,0.44
subject105,ankle,280,2.8
subject105,ankle,130,1.3
subject105,ankle,180,1.8
subject105,ankle,58,0.58
subject105,ankle,10,0.1
subject105,ankle,225,2.25
subject105,ankle,1871,18.71
subject105,ankle,13,0.13
subject105,ankle,334,3.34
subject105,ankle,10,0.1
subject105,ankle,188,1.88
subject105,ankle,70,0.7
subject105,ankle,66,0.66
subject105,ankle,1,0.01
subject105,ankle,444,4.44
subject105,ankle,304,3.04
subject105,ankle,14,0.14
subject105,ankle,87,0.87
subject105,ankle,21,0.21
subject105,ankle,96,0.96
subject105,ankle,85,0.85
subject105,ankle,451,4.51
subject105,ankle,545,5.45
subject105,ankle,3830,38.3
subject105,ankle,161,1.61
subject105,ankle,1021,10.21
subject105,ankle,73,0.73
subject105,ankle,51,0.51
subject105,ankle,60,0.6
subject105,ankle,1,0.01
subject105,ankle,51,0.51
subject105,ankle,44,0.44
subject105,ankle,32,0.32
subject105,ankle,98,0.98
subject105,ankle,19,0.19
subject105,ankle,49,0.49
subject105,ankle,27,0.27
subject105,ankle,135,1.35
subject105,ankle,132,1.32
subject105,ankle,86,0.86
subject105,ankle,103,1.03
subject105,ankle,109,1.09
subject105,ankle,162,1.62
subject105,ankle,1,0.01
subject105,ankle,91,0.91
subject105,ankle,5,0.05
subject105,ankle,84,0.84
subject105,ankle,24,0.24
subject105,ankle,14,0.14
subject105,ankle,79,0.79
subject105,ankle,2,0.02
subject105,ankle,73,0.73
subject105,ankle,107,1.07
subject105,ankle,29,0.29
subject105,ankle,78,0.78
subject105,ankle,67,0.67
subject105,ankle,31,0.31
subject105,ankle,75,0.75
subject105,ankle,342,3.42
subject105,ankle,124,1.24
subject105,ankle,81,0.81
subject105,ankle,273,2.73
subject105,ankle,127,1.27
subject105,ankle,25,0.25
subject105,ankle,147,1.47
subject105,ankle,55,0.55
subject105,ankle,125,1.25
subject105,ankle,46,0.46
subject105,ankle,236,2.36
subject105,ankle,147,1.47
subject105,ankle,56,0.56
subject105,ankle,49,0.49
subject105,ankle,29,0.29
subject105,ankle,1,0.01
subject105,ankle,129,1.29
subject105,ankle,210,2.1
subject105,ankle,1,0.01
subject105,ankle,51,0.51
subject105,ankle,16,0.16
subject105,ankle,4,0.04
subject105,ankle,13,0.13
subject105,ankle,50,0.5
subject105,ankle,1,0.01
subject105,ankle,59,0.59
subject105,ankle,116,1.16
subject105,ankle,169,1.69
subject105,ankle,333,3.33
subject105,ankle,82,0.82
subject105,ankle,29,0.29
subject105,ankle,1,0.01
subject105,ankle,143,1.43
subject105,ankle,264,2.64
subject105,ankle,855,8.55
subject105,ankle,60,0.6
subject105,ankle,200,2.0
subject105,ankle,427,4.27
subject105,ankle,383,3.83
subject105,ankle,146,1.46
subject105,ankle,5,0.05
subject105,ankle,77,0.77
subject105,ankle,111,1.11
subject105,ankle,12,0.12
subject105,ankle,262,2.62
subject105,ankle,24,0.24
subject105,ankle,48,0.48
subject105,ankle,98,0.98
subject105,ankle,8,0.08
subject105,ankle,19,0.19
subject105,ankle,360,3.6
subject105,ankle,44,0.44
subject105,ankle,25,0.25
subject105,ankle,29,0.29
subject105,ankle,65,0.65
subject105,ankle,106,1.06
subject105,ankle,101,1.01
subject105,ankle,1,0.01
subject105,ankle,19,0.19
subject105,ankle,66,0.66
subject105,ankle,254,2.54
subject105,ankle,10,0.1
subject105,ankle,22,0.22
subject105,ankle,10,0.1
subject105,ankle,53,0.53
subject105,ankle,78,0.78
subject105,ankle,1,0.01
subject105,ankle,19,0.19
subject105,ankle,52,0.52
subject105,ankle,26,0.26
subject105,ankle,2,0.02
subject105,ankle,172,1.72
subject105,ankle,56,0.56
subject105,ankle,16,0.16
subject105,ankle,74,0.74
subject105,ankle,31,0.31
subject105,ankle,142,1.42
subject105,ankle,164,1.64
subject105,ankle,98,0.98
subject105,ankle,40,0.4
subject105,ankle,34,0.34
subject105,ankle,35,0.35
subject105,ankle,36,0.36
subject105,ankle,122,1.22
subject105,ankle,74,0.74
subject105,ankle,6,0.06
subject105,ankle,20,0.2
subject105,ankle,11,0.11
subject105,ankle,190,1.9
subject105,ankle,279,2.79
subject105,ankle,44,0.44
subject105,ankle,7,0.07
subject105,ankle,6,0.06
subject105,ankle,11,0.11
subject105,ankle,96,0.96
subject105,ankle,110,1.1
subject105,ankle,64,0.64
subject105,ankle,54,0.54
subject105,ankle,2,0.02
subject105,ankle,5,0.05
subject105,ankle,137,1.37
subject105,ankle,41,0.41
subject105,ankle,26,0.26
subject105,ankle,15,0.15
subject105,ankle,142,1.42
subject105,ankle,53,0.53
subject105,ankle,149,1.49
subject105,ankle,21,0.21
subject105,ankle,20,0.2
subject105,ankle,250,2.5
subject105,ankle,3,0.03
subject105,ankle,251,2.51
subject105,ankle,288,2.88
subject105,ankle,185,1.85
subject105,ankle,400,4.0
subject105,ankle,32,0.32
subject105,ankle,154,1.54
subject105,ankle,425,4.25
subject105,ankle,182,1.82
subject105,ankle,10,0.1
subject105,ankle,57,0.57
subject105,ankle,83,0.83
subject105,ankle,30,0.3
subject105,ankle,341,3.41
subject105,ankle,80,0.8
subject105,ankle,33,0.33
subject105,ankle,192,1.92
subject105,ankle,82,0.82
subject105,ankle,144,1.44
subject105,ankle,79,0.79
subject105,ankle,10,0.1
subject105,ankle,136,1.36
subject105,ankle,21,0.21
subject105,ankle,97,0.97
subject105,ankle,102,1.02
subject105,ankle,2,0.02
subject105,ankle,41,0.41
subject105,ankle,129,1.29
subject105,ankle,27,0.27
subject105,ankle,38,0.38
subject105,ankle,1,0.01
subject105,ankle,1,0.01
subject105,ankle,60,0.6
subject105,ankle,17,0.17
subject105,ankle,55,0.55
subject105,ankle,11,0.11
subject105,ankle,55,0.55
subject105,ankle,3,0.03
subject105,ankle,25,0.25
subject105,ankle,26,0.26
subject105,ankle,18,0.18
subject105,ankle,6,0.06
subject105,ankle,27,0.27
subject105,ankle,114,1.14
subject105,ankle,98,0.98
subject105,ankle,4,0.04
subject105,ankle,56,0.56
subject105,ankle,138,1.38
subject105,ankle,52,0.52
subject105,ankle,42,0.42
subject105,ankle,73,0.73
subject105,ankle,26,0.26
subject105,ankle,47,0.47
subject105,ankle,13,0.13
subject105,ankle,36,0.36
subject105,ankle,1,0.01
subject105,ankle,86,0.86
subject105,ankle,137,1.37
subject105,ankle,51,0.51
subject105,ankle,34,0.34
subject105,ankle,66,0.66
subject105,ankle,62,0.62
subject105,ankle,20,0.2
subject105,ankle,5,0.05
subject105,ankle,80,0.8
subject105,ankle,27,0.27
subject105,ankle,22,0.22
subject105,ankle,89,0.89
subject105,ankle,183,1.83
subject105,ankle,57,0.57
subject105,ankle,80,0.8
subject105,ankle,60,0.6
subject105,ankle,7,0.07
subject105,ankle,81,0.81
subject105,ankle,63,0.63
subject105,ankle,145,1.45
subject105,ankle,142,1.42
subject105,ankle,6,0.06
subject105,ankle,1,0.01
subject105,ankle,642,6.42
subject105,ankle,120,1.2
subject105,ankle,101,1.01
subject105,ankle,167,1.67
subject105,ankle,12,0.12
subject105,ankle,11,0.11
subject105,ankle,125,1.25
subject105,ankle,72,0.72
subject105,ankle,32,0.32
subject105,ankle,41,0.41
subject105,ankle,22,0.22
subject105,ankle,364,3.64
subject105,ankle,22,0.22
subject105,ankle,40,0.4
subject105,ankle,2,0.02
subject105,ankle,250,2.5
subject105,ankle,866,8.66
subject105,ankle,2,0.02
subject105,ankle,92,0.92
subject105,ankle,2,0.02
subject105,ankle,1909,19.09
subject105,ankle,30,0.3
subject105,ankle,14,0.14
subject105,ankle,873,8.73
subject105,ankle,208,2.08
subject105,ankle,590,5.9
subject105,ankle,185,1.85
subject105,ankle,8,0.08
subject105,ankle,50,0.5
subject105,ankle,222,2.22
subject105,ankle,354,3.54
subject105,ankle,1083,10.83
subject105,ankle,485,4.85
subject105,ankle,918,9.18
subject105,ankle,41,0.41
subject105,ankle,348,3.48
subject105,ankle,530,5.3
subject105,ankle,181,1.81
subject105,ankle,15,0.15
subject105,ankle,54,0.54
subject105,ankle,331,3.31
subject105,ankle,119,1.19
subject105,ankle,22,0.22
subject105,ankle,220,2.2
subject105,ankle,98,0.98
subject105,ankle,234,2.34
subject105,ankle,31,0.31
subject105,ankle,224,2.24
subject105,ankle,66,0.66
subject105,ankle,152,1.52
subject105,ankle,152,1.52
subject105,ankle,219,2.19
subject105,ankle,110,1.1
subject105,ankle,1069,10.69
subject105,ankle,6,0.06
subject105,ankle,140,1.4
subject105,ankle,5,0.05
subject105,ankle,71,0.71
subject105,ankle,1,0.01
subject105,ankle,3,0.03
subject105,ankle,99,0.99
subject105,ankle,19,0.19
subject105,ankle,25,0.25
subject105,ankle,9,0.09
subject105,ankle,14,0.14
subject105,ankle,13,0.13
subject105,ankle,67,0.67
subject105,ankle,20,0.2
subject105,ankle,46,0.46
subject105,ankle,41,0.41
subject105,ankle,32,0.32
subject105,ankle,4,0.04
subject105,ankle,138,1.38
subject105,ankle,7,0.07
subject105,ankle,166,1.66
subject105,ankle,131,1.31
subject105,ankle,3,0.03
subject105,ankle,24,0.24
subject105,ankle,11,0.11
subject105,ankle,140,1.4
subject105,ankle,39,0.39
subject105,ankle,130,1.3
subject105,ankle,31,0.31
subject105,ankle,51,0.51
subject105,ankle,98,0.98
subject105,ankle,6,0.06
subject105,ankle,12,0.12
subject105,ankle,66,0.66
subject105,ankle,98,0.98
subject105,ankle,11,0.11
subject105,ankle,46,0.46
subject105,ankle,54,0.54
subject105,ankle,58,0.58
subject105,ankle,40,0.4
subject105,ankle,14,0.14
subject105,ankle,33,0.33
subject105,ankle,2,0.02
subject105,ankle,33,0.33
subject105,ankle,37,0.37
subject105,ankle,4,0.04
subject105,ankle,71,0.71
subject105,ankle,92,0.92
subject105,ankle,11,0.11
subject105,ankle,191,1.91
subject105,ankle,77,0.77
subject105,ankle,55,0.55
subject105,ankle,78,0.78
subject105,ankle,6,0.06
subject105,ankle,14,0.14
subject105,ankle,5,0.05
subject105,ankle,53,0.53
subject105,ankle,44,0.44
subject105,ankle,8,0.08
subject105,ankle,30,0.3
subject105,ankle,170,1.7
subject105,ankle,13,0.13
subject105,ankle,8,0.08
subject105,ankle,13,0.13
subject105,ankle,2,0.02
subject105,ankle,13,0.13
subject105,ankle,30,0.3
subject105,ankle,49,0.49
subject105,ankle,42,0.42
subject105,ankle,17,0.17
subject105,ankle,11,0.11
subject105,ankle,21,0.21
subject105,ankle,7,0.07
subject105,ankle,16,0.16
subject105,ankle,4,0.04
subject105,ankle,17,0.17
subject105,ankle,71,0.71
subject105,ankle,3,0.03
subject105,ankle,24,0.24
subject105,ankle,17,0.17
subject105,ankle,6,0.06
subject105,ankle,26,0.26
subject105,ankle,44,0.44
subject105,ankle,33,0.33
subject105,ankle,50,0.5
subject105,ankle,12,0.12
subject105,ankle,38,0.38
subject105,ankle,41,0.41
subject105,ankle,8,0.08
subject105,ankle,16,0.16
subject105,ankle,30,0.3
subject105,ankle,36,0.36
subject105,ankle,20,0.2
subject105,ankle,8,0.08
subject105,ankle,16,0.16
subject105,ankle,35,0.35
subject105,ankle,23,0.23
subject105,ankle,4,0.04
subject105,ankle,43,0.43
subject105,ankle,24,0.24
subject105,ankle,2,0.02
subject105,ankle,3,0.03
subject105,ankle,8,0.08
subject105,ankle,18,0.18
subject105,ankle,6,0.06
subject105,ankle,49,0.49
subject105,ankle,16,0.16
subject105,ankle,80,0.8
subject105,ankle,4,0.04
subject105,ankle,127,1.27
subject105,ankle,19,0.19
subject105,ankle,49,0.49
subject105,ankle,30,0.3
subject105,ankle,16,0.16
subject105,ankle,91,0.91
subject105,ankle,20,0.2
subject105,ankle,46,0.46
subject105,ankle,14,0.14
subject105,ankle,18,0.18
subject105,ankle,38,0.38
subject105,ankle,85,0.85
subject105,ankle,20,0.2
subject105,ankle,72,0.72
subject105,ankle,2,0.02
subject105,ankle,22,0.22
subject105,ankle,71,0.71
subject105,ankle,62,0.62
subject105,ankle,8,0.08
subject105,ankle,81,0.81
subject105,ankle,12,0.12
subject105,ankle,6,0.06
subject105,ankle,158,1.58
subject105,ankle,519,5.19
subject105,ankle,25,0.25
subject105,ankle,237,2.37
subject105,ankle,51,0.51
subject105,ankle,71,0.71
subject105,ankle,14,0.14
subject105,ankle,27,0.27
subject105,ankle,111,1.11
subject105,ankle,5,0.05
subject105,ankle,36,0.36
subject105,ankle,65,0.65
subject105,ankle,17,0.17
subject105,ankle,65,0.65
subject105,ankle,108,1.08
subject105,ankle,56,0.56
subject105,ankle,26,0.26
subject105,ankle,136,1.36
subject105,ankle,8,0.08
subject105,ankle,199,1.99
subject105,ankle,15,0.15
subject106,hand,4795,47.95
subject106,hand,97,0.97
subject106,hand,20042,200.42
subject106,hand,10284,102.84
subject106,hand,771,7.71
subject106,hand,12992,129.92
subject106,hand,1,0.01
subject106,hand,74,0.74
subject106,hand,1,0.01
subject106,hand,6961,69.61
subject106,hand,1664,16.64
subject106,hand,3662,36.62
subject106,hand,198,1.98
subject106,hand,2,0.02
subject106,hand,657,6.57
subject106,hand,1641,16.41
subject106,hand,77,0.77
subject106,hand,2479,24.79
subject106,hand,3990,39.9
subject106,hand,5223,52.23
subject106,hand,2489,24.89
subject106,hand,1,0.01
subject106,hand,191,1.91
subject106,hand,622,6.22
subject106,hand,1,0.01
subject106,hand,10,0.1
subject106,hand,3,0.03
subject106,hand,118,1.18
subject106,hand,19,0.19
subject106,hand,2,0.02
subject106,hand,26,0.26
subject106,hand,3886,38.86
subject106,hand,4213,42.13
subject106,hand,3520,35.2
subject106,hand,2,0.02
subject106,hand,3238,32.38
subject106,hand,11676,116.76
subject106,hand,224,2.24
subject106,hand,3183,31.83
subject106,hand,1143,11.43
subject106,hand,8821,88.21
subject106,hand,82,0.82
subject106,hand,3042,30.42
subject106,hand,6,0.06
subject106,hand,2109,21.09
subject106,hand,5091,50.91
subject106,hand,7174,71.74
subject106,hand,795,7.95
subject106,hand,2973,29.73
subject106,hand,1425,14.25
subject106,hand,843,8.43
subject106,hand,798,7.98
subject106,hand,1953,19.53
subject106,hand,2919,29.19
subject106,hand,10032,100.32
subject106,hand,7,0.07
subject106,hand,6786,67.86
subject106,hand,3405,34.05
subject106,hand,2085,20.85
subject106,hand,67,0.67
subject106,hand,944,9.44
subject106,hand,6439,64.39
subject106,hand,9,0.09
subject106,hand,889,8.89
subject106,hand,4315,43.15
subject106,hand,1439,14.39
subject106,hand,834,8.34
subject106,hand,539,5.39
subject106,hand,419,4.19
subject106,hand,807,8.07
subject106,hand,8193,81.93
subject106,hand,4553,45.53
subject106,hand,4578,45.78
subject106,hand,50,0.5
subject106,hand,112,1.12
subject106,hand,22,0.22
subject106,hand,160,1.6
subject106,hand,36,0.36
subject106,hand,76,0.76
subject106,hand,564,5.64
subject106,hand,2,0.02
subject106,hand,26,0.26
subject106,hand,202,2.02
subject106,hand,3239,32.39
subject106,hand,1648,16.48
subject106,hand,3951,39.51
subject106,hand,136,1.36
subject106,hand,132,1.32
subject106,hand,60,0.6
subject106,hand,22,0.22
subject106,hand,54,0.54
subject106,hand,38,0.38
subject106,hand,62,0.62
subject106,hand,43,0.43
subject106,hand,241,2.41
subject106,hand,304,3.04
subject106,hand,244,2.44
subject106,hand,129,1.29
subject106,hand,1747,17.47
subject106,hand,4134,41.34
subject106,hand,325,3.25
subject106,hand,152,1.52
subject106,hand,144,1.44
subject106,hand,2086,20.86
subject106,hand,90,0.9
subject106,hand,138,1.38
subject106,hand,993,9.93
subject106,hand,971,9.71
subject106,hand,353,3.53
subject106,hand,173,1.73
subject106,hand,2,0.02
subject106,hand,19,0.19
subject106,hand,1,0.01
subject106,hand,2,0.02
subject106,hand,29,0.29
subject106,hand,1,0.01
subject106,hand,3,0.03
subject106,hand,2,0.02
subject106,hand,10,0.1
subject106,hand,202,2.02
subject106,hand,92,0.92
subject106,hand,5,0.05
subject106,hand,218,2.18
subject106,hand,228,2.28
subject106,hand,559,5.59
subject106,hand,5,0.05
subject106,hand,35,0.35
subject106,hand,2,0.02
subject106,hand,91,0.91
subject106,hand,16,0.16
subject106,hand,793,7.93
subject106,hand,45,0.45
subject106,hand,483,4.83
subject106,hand,707,7.07
subject106,hand,82,0.82
subject106,hand,197,1.97
subject106,hand,2,0.02
subject106,hand,30,0.3
subject106,hand,67,0.67
subject106,hand,5,0.05
subject106,hand,135,1.35
subject106,hand,46,0.46
subject106,hand,61,0.61
subject106,hand,47,0.47
subject106,hand,3,0.03
subject106,hand,73,0.73
subject106,hand,801,8.01
subject106,hand,137,1.37
subject106,hand,264,2.64
subject106,hand,1384,13.84
subject106,hand,845,8.45
subject106,hand,14,0.14
subject106,hand,810,8.1
subject106,hand,378,3.78
subject106,hand,48,0.48
subject106,hand,275,2.75
subject106,hand,216,2.16
subject106,hand,7,0.07
subject106,hand,583,5.83
subject106,hand,24,0.24
subject106,hand,89,0.89
subject106,hand,8,0.08
subject106,hand,40,0.4
subject106,hand,46,0.46
subject106,hand,14,0.14
subject106,hand,111,1.11
subject106,hand,50,0.5
subject106,hand,66,0.66
subject106,hand,105,1.05
subject106,hand,937,9.37
subject106,hand,64,0.64
subject106,hand,4,0.04
subject106,hand,5,0.05
subject106,hand,97,0.97
subject106,hand,102,1.02
subject106,hand,8,0.08
subject106,hand,113,1.13
subject106,hand,5,0.05
subject106,hand,106,1.06
subject106,hand,52,0.52
subject106,hand,107,1.07
subject106,hand,43,0.43
subject106,hand,10,0.1
subject106,hand,7,0.07
subject106,hand,96,0.96
subject106,hand,7,0.07
subject106,hand,232,2.32
subject106,hand,31,0.31
subject106,hand,2,0.02
subject106,hand,175,1.75
subject106,hand,1,0.01
subject106,hand,22,0.22
subject106,hand,3,0.03
subject106,hand,56,0.56
subject106,hand,25,0.25
subject106,hand,91,0.91
subject106,hand,3,0.03
subject106,hand,28,0.28
subject106,hand,79,0.79
subject106,hand,7,0.07
subject106,hand,110,1.1
subject106,hand,113,1.13
subject106,hand,12,0.12
subject106,hand,74,0.74
subject106,hand,19,0.19
subject106,hand,5,0.05
subject106,hand,3,0.03
subject106,hand,101,1.01
subject106,hand,109,1.09
subject106,hand,354,3.54
subject106,hand,430,4.3
subject106,hand,104,1.04
subject106,hand,334,3.34
subject106,hand,464,4.64
subject106,hand,1258,12.58
subject106,hand,732,7.32
subject106,hand,484,4.84
subject106,hand,635,6.35
subject106,hand,219,2.19
subject106,hand,210,2.1
subject106,hand,335,3.35
subject106,hand,5,0.05
subject106,hand,1440,14.4
subject106,hand,5068,50.68
subject106,hand,2799,27.99
subject106,hand,234,2.34
subject106,hand,6335,63.35
subject106,hand,962,9.62
subject106,hand,1720,17.2
subject106,hand,3,0.03
subject106,hand,15,0.15
subject106,hand,17,0.17
subject106,hand,95,0.95
subject106,hand,71,0.71
subject106,hand,481,4.81
subject106,hand,1,0.01
subject106,hand,423,4.23
subject106,hand,1199,11.99
subject106,hand,4275,42.75
subject106,hand,1788,17.88
subject106,hand,82,0.82
subject106,hand,85,0.85
subject106,hand,83,0.83
subject106,hand,608,6.08
subject106,hand,898,8.98
subject106,hand,1,0.01
subject106,hand,11,0.11
subject106,hand,83,0.83
subject106,hand,168,1.68
subject106,hand,1908,19.08
subject106,hand,191,1.91
subject106,hand,41,0.41
subject106,hand,145,1.45
subject106,hand,142,1.42
subject106,hand,515,5.15
subject106,hand,589,5.89
subject106,hand,825,8.25
subject106,hand,485,4.85
subject106,hand,11,0.11
subject106,hand,59,0.59
subject106,hand,535,5.35
subject106,hand,220,2.2
subject106,hand,181,1.81
subject106,hand,742,7.42
subject106,hand,32,0.32
subject106,hand,12,0.12
subject106,hand,31269,312.69
subject106,hand,3748,37.48
subject106,hand,783,7.83
subject106,hand,3597,35.97
subject106,hand,630,6.3
subject106,hand,209,2.09
subject106,hand,11,0.11
subject106,hand,45,0.45
subject106,hand,1,0.01
subject106,hand,22,0.22
subject106,hand,1,0.01
subject106,hand,201,2.01
subject106,hand,14,0.14
subject106,hand,32,0.32
subject106,hand,29,0.29
subject106,hand,12,0.12
subject106,hand,1,0.01
subject106,hand,49,0.49
subject106,hand,21,0.21
subject106,hand,1,0.01
subject106,hand,48,0.48
subject106,hand,25,0.25
subject106,hand,1,0.01
subject106,hand,3,0.03
subject106,hand,31,0.31
subject106,hand,2,0.02
subject106,hand,5,0.05
subject106,hand,1,0.01
subject106,hand,4,0.04
subject106,hand,1,0.01
subject106,hand,13,0.13
subject106,hand,47,0.47
subject106,hand,1,0.01
subject106,hand,1,0.01
subject106,hand,20,0.2
subject106,hand,70,0.7
subject106,hand,8,0.08
subject106,hand,57,0.57
subject106,hand,13,0.13
subject106,hand,32,0.32
subject106,hand,2,0.02
subject106,hand,4,0.04
subject106,hand,3,0.03
subject106,hand,25,0.25
subject106,hand,70,0.7
subject106,hand,42,0.42
subject106,hand,7,0.07
subject106,hand,1,0.01
subject106,hand,12,0.12
subject106,hand,2,0.02
subject106,hand,48,0.48
subject106,hand,1,0.01
subject106,hand,5,0.05
subject106,hand,1,0.01
subject106,hand,1,0.01
subject106,hand,13,0.13
subject106,hand,1,0.01
subject106,hand,113,1.13
subject106,hand,3,0.03
subject106,hand,1,0.01
subject106,hand,3,0.03
subject106,hand,25,0.25
subject106,hand,35,0.35
subject106,hand,13,0.13
subject106,hand,68,0.68
subject106,hand,4,0.04
subject106,hand,15,0.15
subject106,hand,1,0.01
subject106,hand,3,0.03
subject106,hand,42,0.42
subject106,hand,4,0.04
subject106,hand,2,0.02
subject106,hand,378,3.78
subject106,hand,22,0.22
subject106,hand,2,0.02
subject106,hand,130,1.3
subject106,hand,52,0.52
subject106,hand,26,0.26
subject106,hand,59,0.59
subject106,hand,124,1.24
subject106,hand,85,0.85
subject106,hand,639,6.39
subject106,hand,37,0.37
subject106,hand,5,0.05
subject106,hand,26,0.26
subject106,hand,46,0.46
subject106,hand,25,0.25
subject106,hand,45,0.45
subject106,hand,2,0.02
subject106,hand,1,0.01
subject106,hand,3,0.03
subject106,hand,4,0.04
subject106,hand,3,0.03
subject106,hand,3,0.03
subject106,hand,1,0.01
subject106,hand,2,0.02
subject106,hand,24,0.24
subject106,hand,6,0.06
subject106,hand,3,0.03
subject106,hand,13,0.13
subject106,hand,2,0.02
subject106,hand,1,0.01
subject106,hand,6,0.06
subject106,hand,1,0.01
subject106,hand,1,0.01
subject106,hand,36,0.36
subject106,hand,26,0.26
subject106,hand,4,0.04
subject106,hand,1,0.01
subject106,hand,48,0.48
subject106,hand,4,0.04
subject106,hand,1,0.01
subject106,hand,1,0.01
subject106,hand,2,0.02
subject106,hand,10,0.1
subject106,hand,51,0.51
subject106,hand,1,0.01
subject106,hand,4,0.04
subject106,hand,1,0.01
subject106,hand,15,0.15
subject106,hand,57,0.57
subject106,hand,63,0.63
subject106,hand,29,0.29
subject106,hand,48,0.48
subject106,hand,4,0.04
subject106,hand,4,0.04
subject106,hand,7,0.07
subject106,hand,1,0.01
subject106,hand,2,0.02
subject106,hand,2,0.02
subject106,hand,121,1.21
subject106,hand,1,0.01
subject106,hand,1,0.01
subject106,hand,75,0.75
subject106,hand,149,1.49
subject106,hand,146,1.46
subject106,hand,1,0.01
subject106,hand,7,0.07
subject106,hand,63,0.63
subject106,hand,358,3.58
subject106,hand,154,1.54
subject106,hand,3,0.03
subject106,hand,1287,12.87
subject106,hand,155,1.55
subject106,hand,585,5.85
subject106,hand,1,0.01
subject106,hand,2,0.02
subject106,hand,124,1.24
subject106,hand,10,0.1
subject106,hand,144,1.44
subject106,hand,3,0.03
subject106,hand,3,0.03
subject106,hand,5,0.05
subject106,hand,152,1.52
subject106,hand,118,1.18
subject106,hand,6,0.06
subject106,hand,12,0.12
subject106,hand,2,0.02
subject106,hand,1,0.01
subject106,hand,46,0.46
subject106,hand,6,0.06
subject106,hand,2,0.02
subject106,hand,6,0.06
subject106,hand,6,0.06
subject106,hand,50,0.5
subject106,hand,10,0.1
subject106,hand,58,0.58
subject106,hand,1,0.01
subject106,hand,2,0.02
subject106,hand,11,0.11
subject106,hand,59,0.59
subject106,hand,15,0.15
subject106,hand,53,0.53
subject106,hand,20,0.2
subject106,hand,1,0.01
subject106,hand,47,0.47
subject106,hand,1,0.01
subject106,hand,11,0.11
subject106,hand,1,0.01
subject106,hand,3,0.03
subject106,hand,28,0.28
subject106,hand,20,0.2
subject106,hand,2,0.02
subject106,hand,16,0.16
subject106,hand,57,0.57
subject106,hand,14,0.14
subject106,hand,17,0.17
subject106,hand,33,0.33
subject106,hand,3,0.03
subject106,hand,24,0.24
subject106,hand,1,0.01
subject106,hand,46,0.46
subject106,hand,19,0.19
subject106,hand,44,0.44
subject106,hand,1,0.01
subject106,hand,1,0.01
subject106,hand,69,0.69
subject106,hand,2,0.02
subject106,hand,2,0.02
subject106,hand,16,0.16
subject106,hand,1,0.01
subject106,hand,2,0.02
subject106,hand,1,0.01
subject106,hand,48,0.48
subject106,hand,84,0.84
subject106,hand,1,0.01
subject106,hand,3,0.03
subject106,hand,3,0.03
subject106,hand,1,0.01
subject106,hand,114,1.14
subject106,hand,6,0.06
subject106,hand,1,0.01
subject106,hand,20,0.2
subject106,hand,49,0.49
subject106,hand,137,1.37
subject106,hand,12,0.12
subject106,hand,521,5.21
subject106,hand,151,1.51
subject106,hand,2,0.02
subject106,hand,137,1.37
subject106,hand,356,3.56
subject106,hand,251,2.51
subject106,hand,67,0.67
subject106,hand,47,0.47
subject106,hand,3,0.03
subject106,hand,9,0.09
subject106,hand,5,0.05
subject106,hand,1,0.01
subject106,hand,1,0.01
subject106,hand,3,0.03
subject106,hand,21,0.21
subject106,hand,2,0.02
subject106,hand,4,0.04
subject106,hand,10,0.1
subject106,hand,1,0.01
subject106,hand,6,0.06
subject106,hand,12,0.12
subject106,hand,48,0.48
subject106,hand,1,0.01
subject106,hand,15,0.15
subject106,hand,57,0.57
subject106,hand,6,0.06
subject106,hand,67,0.67
subject106,hand,5,0.05
subject106,hand,6,0.06
subject106,hand,51,0.51
subject106,hand,1,0.01
subject106,hand,13,0.13
subject106,hand,3,0.03
subject106,hand,4,0.04
subject106,hand,111,1.11
subject106,hand,4,0.04
subject106,hand,70,0.7
subject106,hand,2,0.02
subject106,hand,1,0.01
subject106,hand,1,0.01
subject106,hand,23,0.23
subject106,hand,2,0.02
subject106,hand,52,0.52
subject106,hand,1,0.01
subject106,hand,10,0.1
subject106,hand,363,3.63
subject106,hand,72,0.72
subject106,hand,261,2.61
subject106,hand,30,0.3
subject106,hand,1159,11.59
subject106,hand,437,4.37
subject106,hand,701,7.01
subject106,hand,4,0.04
subject106,hand,146,1.46
subject106,hand,69,0.69
subject106,hand,5,0.05
subject106,hand,15,0.15
subject106,hand,43,0.43
subject106,hand,7,0.07
subject106,hand,9,0.09
subject106,hand,4,0.04
subject106,hand,52,0.52
subject106,hand,15,0.15
subject106,hand,71,0.71
subject106,hand,52,0.52
subject106,hand,1,0.01
subject106,hand,75,0.75
subject106,hand,5,0.05
subject106,hand,10,0.1
subject106,hand,33,0.33
subject106,hand,12,0.12
subject106,hand,4,0.04
subject106,hand,19,0.19
subject106,hand,50,0.5
subject106,hand,11,0.11
subject106,hand,5,0.05
subject106,hand,51,0.51
subject106,hand,287,2.87
subject106,hand,1,0.01
subject106,hand,20,0.2
subject106,hand,42,0.42
subject106,hand,3,0.03
subject106,hand,163,1.63
subject106,hand,53,0.53
subject106,hand,1,0.01
subject106,hand,54,0.54
subject106,hand,11,0.11
subject106,hand,61,0.61
subject106,hand,3,0.03
subject106,hand,4,0.04
subject106,hand,1,0.01
subject106,hand,1,0.01
subject106,hand,3,0.03
subject106,hand,58,0.58
subject106,hand,3,0.03
subject106,hand,1,0.01
subject106,hand,1,0.01
subject106,hand,14,0.14
subject106,hand,46,0.46
subject106,hand,1,0.01
subject106,hand,3,0.03
subject106,hand,15,0.15
subject106,hand,4,0.04
subject106,hand,46,0.46
subject106,hand,1,0.01
subject106,hand,17,0.17
subject106,hand,126,1.26
subject106,hand,3,0.03
subject106,hand,201,2.01
subject106,hand,5,0.05
subject106,hand,1,0.01
subject106,hand,92,0.92
subject106,hand,419,4.19
subject106,hand,505,5.05
subject106,hand,3,0.03
subject106,hand,65,0.65
subject106,hand,8,0.08
subject106,hand,1,0.01
subject106,hand,1,0.01
subject106,hand,2,0.02
subject106,hand,14,0.14
subject106,hand,2,0.02
subject106,hand,2,0.02
subject106,hand,50,0.5
subject106,hand,1,0.01
subject106,hand,9,0.09
subject106,hand,38,0.38
subject106,hand,8,0.08
subject106,hand,9,0.09
subject106,hand,1,0.01
subject106,hand,5,0.05
subject106,hand,1,0.01
subject106,hand,4,0.04
subject106,hand,34,0.34
subject106,hand,3,0.03
subject106,hand,1,0.01
subject106,hand,3,0.03
subject106,hand,2,0.02
subject106,hand,16,0.16
subject106,hand,4,0.04
subject106,hand,26,0.26
subject106,hand,3,0.03
subject106,hand,4,0.04
subject106,hand,1,0.01
subject106,hand,2,0.02
subject106,hand,2,0.02
subject106,hand,18,0.18
subject106,hand,4,0.04
subject106,hand,44,0.44
subject106,hand,16,0.16
subject106,hand,222,2.22
subject106,hand,48,0.48
subject106,hand,2,0.02
subject106,hand,5,0.05
subject106,hand,5,0.05
subject106,hand,136,1.36
subject106,hand,58,0.58
subject106,hand,367,3.67
subject106,hand,4402,44.02
subject106,hand,2465,24.65
subject106,hand,1870,18.7
subject106,hand,267,2.67
subject106,hand,526,5.26
subject106,hand,36,0.36
subject106,hand,50,0.5
subject106,hand,102,1.02
subject106,hand,34,0.34
subject106,hand,39,0.39
subject106,hand,281,2.81
subject106,hand,62,0.62
subject106,hand,77,0.77
subject106,hand,126,1.26
subject106,hand,139,1.39
subject106,hand,98,0.98
subject106,hand,139,1.39
subject106,hand,603,6.03
subject106,hand,889,8.89
subject106,hand,785,7.85
subject106,hand,1,0.01
subject106,hand,479,4.79
subject106,chest,85,0.85
subject106,chest,67,0.67
subject106,chest,19,0.19
subject106,chest,2,0.02
subject106,chest,137,1.37
subject106,chest,2088,20.88
subject106,chest,70,0.7
subject106,chest,6,0.06
subject106,chest,478,4.78
subject106,chest,12,0.12
subject106,chest,2,0.02
subject106,chest,2,0.02
subject106,chest,50,0.5
subject106,chest,27672,276.72
subject106,chest,24086,240.86
subject106,chest,960,9.6
subject106,chest,682,6.82
subject106,chest,863,8.63
subject106,chest,26,0.26
subject106,chest,4528,45.28
subject106,chest,638,6.38
subject106,chest,578,5.78
subject106,chest,1743,17.43
subject106,chest,613,6.13
subject106,chest,5978,59.78
subject106,chest,4431,44.31
subject106,chest,207,2.07
subject106,chest,3,0.03
subject106,chest,1640,16.4
subject106,chest,2855,28.55
subject106,chest,2048,20.48
subject106,chest,52,0.52
subject106,chest,3738,37.38
subject106,chest,60,0.6
subject106,chest,1847,18.47
subject106,chest,3227,32.27
subject106,chest,1127,11.27
subject106,chest,3,0.03
subject106,chest,421,4.21
subject106,chest,193,1.93
subject106,chest,4428,44.28
subject106,chest,3945,39.45
subject106,chest,1103,11.03
subject106,chest,1046,10.46
subject106,chest,634,6.34
subject106,chest,4866,48.66
subject106,chest,5855,58.55
subject106,chest,4240,42.4
subject106,chest,2114,21.14
subject106,chest,425,4.25
subject106,chest,6,0.06
subject106,chest,2544,25.44
subject106,chest,1256,12.56
subject106,chest,1882,18.82
subject106,chest,5163,51.63
subject106,chest,374,3.74
subject106,chest,77,0.77
subject106,chest,41,0.41
subject106,chest,1844,18.44
subject106,chest,221,2.21
subject106,chest,4673,46.73
subject106,chest,89,0.89
subject106,chest,7558,75.58
subject106,chest,3099,30.99
subject106,chest,19196,191.96
subject106,chest,5291,52.91
subject106,chest,29585,295.85
subject106,chest,50,0.5
subject106,chest,58,0.58
subject106,chest,83,0.83
subject106,chest,6,0.06
subject106,chest,5,0.05
subject106,chest,43,0.43
subject106,chest,15,0.15
subject106,chest,16,0.16
subject106,chest,100,1.0
subject106,chest,36,0.36
subject106,chest,1,0.01
subject106,chest,117,1.17
subject106,chest,470,4.7
subject106,chest,49,0.49
subject106,chest,69,0.69
subject106,chest,29,0.29
subject106,chest,83,0.83
subject106,chest,69,0.69
subject106,chest,3,0.03
subject106,chest,2085,20.85
subject106,chest,1451,14.51
subject106,chest,1609,16.09
subject106,chest,1079,10.79
subject106,chest,2608,26.08
subject106,chest,87,0.87
subject106,chest,52,0.52
subject106,chest,16,0.16
subject106,chest,119,1.19
subject106,chest,2,0.02
subject106,chest,7,0.07
subject106,chest,850,8.5
subject106,chest,27,0.27
subject106,chest,4544,45.44
subject106,chest,2302,23.02
subject106,chest,3946,39.46
subject106,chest,1354,13.54
subject106,chest,18,0.18
subject106,chest,10,0.1
subject106,chest,357,3.57
subject106,chest,85,0.85
subject106,chest,2373,23.73
subject106,chest,820,8.2
subject106,chest,1101,11.01
subject106,chest,1566,15.66
subject106,chest,57,0.57
subject106,chest,1360,13.6
subject106,chest,323,3.23
subject106,chest,684,6.84
subject106,chest,3,0.03
subject106,chest,495,4.95
subject106,chest,353,3.53
subject106,chest,5,0.05
subject106,chest,118,1.18
subject106,chest,20,0.2
subject106,chest,105,1.05
subject106,chest,210,2.1
subject106,chest,15,0.15
subject106,chest,443,4.43
subject106,chest,1079,10.79
subject106,chest,2,0.02
subject106,chest,2,0.02
subject106,chest,506,5.06
subject106,chest,169,1.69
subject106,chest,24,0.24
subject106,chest,30,0.3
subject106,chest,299,2.99
subject106,chest,123,1.23
subject106,chest,96,0.96
subject106,chest,1684,16.84
subject106,chest,985,9.85
subject106,chest,2467,24.67
subject106,chest,207,2.07
subject106,chest,131,1.31
subject106,chest,295,2.95
subject106,chest,20,0.2
subject106,chest,132,1.32
subject106,chest,5575,55.75
subject106,chest,516,5.16
subject106,chest,10254,102.54
subject106,chest,2531,25.31
subject106,chest,1258,12.58
subject106,chest,203,2.03
subject106,chest,34,0.34
subject106,chest,5454,54.54
subject106,chest,1751,17.51
subject106,chest,498,4.98
subject106,chest,4308,43.08
subject106,chest,729,7.29
subject106,chest,1237,12.37
subject106,chest,2506,25.06
subject106,chest,3032,30.32
subject106,chest,788,7.88
subject106,chest,15522,155.22
subject106,chest,10543,105.43
subject106,chest,147,1.47
subject106,chest,285,2.85
subject106,chest,4097,40.97
subject106,chest,4576,45.76
subject106,chest,652,6.52
subject106,chest,56,0.56
subject106,chest,89,0.89
subject106,chest,201,2.01
subject106,chest,89,0.89
subject106,chest,504,5.04
subject106,chest,425,4.25
subject106,chest,326,3.26
subject106,chest,76,0.76
subject106,chest,3,0.03
subject106,chest,339,3.39
subject106,chest,347,3.47
subject106,chest,125,1.25
subject106,chest,1,0.01
subject106,chest,81,0.81
subject106,chest,9,0.09
subject106,chest,66,0.66
subject106,chest,40,0.4
subject106,chest,325,3.25
subject106,chest,1430,14.3
subject106,chest,1257,12.57
subject106,chest,1181,11.81
subject106,chest,3,0.03
subject106,chest,3,0.03
subject106,chest,86,0.86
subject106,chest,58,0.58
subject106,chest,601,6.01
subject106,chest,127,1.27
subject106,chest,1025,10.25
subject106,chest,385,3.85
subject106,chest,401,4.01
subject106,chest,101,1.01
subject106,chest,59,0.59
subject106,chest,6,0.06
subject106,chest,2,0.02
subject106,chest,20,0.2
subject106,chest,10,0.1
subject106,chest,6,0.06
subject106,chest,17,0.17
subject106,chest,96,0.96
subject106,chest,32,0.32
subject106,chest,19,0.19
subject106,chest,106,1.06
subject106,chest,22,0.22
subject106,chest,28,0.28
subject106,chest,5,0.05
subject106,chest,1,0.01
subject106,chest,12,0.12
subject106,chest,49,0.49
subject106,chest,72,0.72
subject106,chest,82,0.82
subject106,chest,8,0.08
subject106,chest,558,5.58
subject106,chest,1768,17.68
subject106,chest,577,5.77
subject106,chest,420,4.2
subject106,chest,36,0.36
subject106,chest,40,0.4
subject106,chest,78,0.78
subject106,chest,140,1.4
subject106,chest,458,4.58
subject106,chest,33,0.33
subject106,chest,3,0.03
subject106,chest,286,2.86
subject106,chest,1,0.01
subject106,chest,97,0.97
subject106,chest,58,0.58
subject106,chest,19,0.19
subject106,chest,29,0.29
subject106,chest,294,2.94
subject106,chest,2,0.02
subject106,chest,221,2.21
subject106,chest,171,1.71
subject106,chest,47,0.47
subject106,chest,62,0.62
subject106,chest,953,9.53
subject106,chest,1,0.01
subject106,chest,1,0.01
subject106,chest,13,0.13
subject106,chest,15,0.15
subject106,chest,26,0.26
subject106,chest,23,0.23
subject106,chest,33,0.33
subject106,chest,46,0.46
subject106,chest,22,0.22
subject106,chest,113,1.13
subject106,chest,348,3.48
subject106,chest,378,3.78
subject106,chest,140,1.4
subject106,chest,4813,48.13
subject106,chest,1582,15.82
subject106,chest,54,0.54
subject106,chest,9,0.09
subject106,chest,756,7.56
subject106,chest,6,0.06
subject106,chest,361,3.61
subject106,chest,175,1.75
subject106,chest,87,0.87
subject106,chest,1597,15.97
subject106,chest,600,6.0
subject106,chest,66,0.66
subject106,chest,718,7.18
subject106,chest,16,0.16
subject106,chest,155,1.55
subject106,chest,1802,18.02
subject106,chest,287,2.87
subject106,ankle,240,2.4
subject106,ankle,138,1.38
subject106,ankle,95,0.95
subject106,ankle,29,0.29
subject106,ankle,2,0.02
subject106,ankle,19,0.19
subject106,ankle,109,1.09
subject106,ankle,36,0.36
subject106,ankle,52,0.52
subject106,ankle,86,0.86
subject106,ankle,123,1.23
subject106,ankle,929,9.29
subject106,ankle,2,0.02
subject106,ankle,578,5.78
subject106,ankle,1613,16.13
subject106,ankle,8,0.08
subject106,ankle,74,0.74
subject106,ankle,22551,225.51
subject106,ankle,1587,15.87
subject106,ankle,1412,14.12
subject106,ankle,1909,19.09
subject106,ankle,1923,19.23
subject106,ankle,38,0.38
subject106,ankle,1,0.01
subject106,ankle,26,0.26
subject106,ankle,1,0.01
subject106,ankle,7,0.07
subject106,ankle,50,0.5
subject106,ankle,6,0.06
subject106,ankle,8,0.08
subject106,ankle,2277,22.77
subject106,ankle,3151,31.51
subject106,ankle,27,0.27
subject106,ankle,4,0.04
subject106,ankle,1,0.01
subject106,ankle,1,0.01
subject106,ankle,15,0.15
subject106,ankle,3,0.03
subject106,ankle,18,0.18
subject106,ankle,1,0.01
subject106,ankle,3,0.03
subject106,ankle,3,0.03
subject106,ankle,2,0.02
subject106,ankle,2,0.02
subject106,ankle,2,0.02
subject106,ankle,25,0.25
subject106,ankle,1,0.01
subject106,ankle,3392,33.92
subject106,ankle,310,3.1
subject106,ankle,7795,77.95
subject106,ankle,108,1.08
subject106,ankle,18,0.18
subject106,ankle,2,0.02
subject106,ankle,4721,47.21
subject106,ankle,138,1.38
subject106,ankle,2440,24.4
subject106,ankle,479,4.79
subject106,ankle,13,0.13
subject106,ankle,83,0.83
subject106,ankle,249,2.49
subject106,ankle,311,3.11
subject106,ankle,80,0.8
subject106,ankle,27,0.27
subject106,ankle,161,1.61
subject106,ankle,28,0.28
subject106,ankle,5,0.05
subject106,ankle,31,0.31
subject106,ankle,309,3.09
subject106,ankle,175,1.75
subject106,ankle,196,1.96
subject106,ankle,31,0.31
subject106,ankle,135,1.35
subject106,ankle,1,0.01
subject106,ankle,31,0.31
subject106,ankle,2,0.02
subject106,ankle,34,0.34
subject106,ankle,1,0.01
subject106,ankle,3,0.03
subject106,ankle,120,1.2
subject106,ankle,2,0.02
subject106,ankle,12,0.12
subject106,ankle,298,2.98
subject106,ankle,31,0.31
subject106,ankle,81,0.81
subject106,ankle,82,0.82
subject106,ankle,38,0.38
subject106,ankle,68,0.68
subject106,ankle,943,9.43
subject106,ankle,860,8.6
subject106,ankle,2100,21.0
subject106,ankle,1585,15.85
subject106,ankle,111,1.11
subject106,ankle,231,2.31
subject106,ankle,523,5.23
subject106,ankle,5281,52.81
subject106,ankle,2195,21.95
subject106,ankle,644,6.44
subject106,ankle,40,0.4
subject106,ankle,2,0.02
subject106,ankle,7,0.07
subject106,ankle,42,0.42
subject106,ankle,31,0.31
subject106,ankle,1,0.01
subject106,ankle,24,0.24
subject106,ankle,2136,21.36
subject106,ankle,683,6.83
subject106,ankle,13,0.13
subject106,ankle,644,6.44
subject106,ankle,805,8.05
subject106,ankle,4590,45.9
subject106,ankle,349,3.49
subject106,ankle,574,5.74
subject106,ankle,5736,57.36
subject106,ankle,1190,11.9
subject106,ankle,302,3.02
subject106,ankle,627,6.27
subject106,ankle,2057,20.57
subject106,ankle,1,0.01
subject106,ankle,96,0.96
subject106,ankle,837,8.37
subject106,ankle,1540,15.4
subject106,ankle,2850,28.5
subject106,ankle,38,0.38
subject106,ankle,4,0.04
subject106,ankle,2756,27.56
subject106,ankle,1025,10.25
subject106,ankle,289,2.89
subject106,ankle,1029,10.29
subject106,ankle,749,7.49
subject106,ankle,748,7.48
subject106,ankle,19,0.19
subject106,ankle,3,0.03
subject106,ankle,82,0.82
subject106,ankle,1613,16.13
subject106,ankle,15,0.15
subject106,ankle,2025,20.25
subject106,ankle,1532,15.32
subject106,ankle,221,2.21
subject106,ankle,477,4.77
subject106,ankle,51,0.51
subject106,ankle,6039,60.39
subject106,ankle,1937,19.37
subject106,ankle,813,8.13
subject106,ankle,2414,24.14
subject106,ankle,1346,13.46
subject106,ankle,129,1.29
subject106,ankle,6617,66.17
subject106,ankle,1051,10.51
subject106,ankle,1676,16.76
subject106,ankle,1361,13.61
subject106,ankle,341,3.41
subject106,ankle,1691,16.91
subject106,ankle,1296,12.96
subject106,ankle,113,1.13
subject106,ankle,500,5.0
subject106,ankle,1054,10.54
subject106,ankle,1842,18.42
subject106,ankle,2734,27.34
subject106,ankle,272,2.72
subject106,ankle,40,0.4
subject106,ankle,44,0.44
subject106,ankle,1,0.01
subject106,ankle,516,5.16
subject106,ankle,162,1.62
subject106,ankle,489,4.89
subject106,ankle,1751,17.51
subject106,ankle,130,1.3
subject106,ankle,33,0.33
subject106,ankle,50,0.5
subject106,ankle,2773,27.73
subject106,ankle,2029,20.29
subject106,ankle,90,0.9
subject106,ankle,4307,43.07
subject106,ankle,3747,37.47
subject106,ankle,2361,23.61
subject106,ankle,14,0.14
subject106,ankle,7777,77.77
subject106,ankle,4902,49.02
subject106,ankle,233,2.33
subject106,ankle,1,0.01
subject106,ankle,116,1.16
subject106,ankle,3371,33.71
subject106,ankle,1848,18.48
subject106,ankle,11,0.11
subject106,ankle,569,5.69
subject106,ankle,105,1.05
subject106,ankle,95,0.95
subject106,ankle,376,3.76
subject106,ankle,28,0.28
subject106,ankle,173,1.73
subject106,ankle,531,5.31
subject106,ankle,168,1.68
subject106,ankle,543,5.43
subject106,ankle,6,0.06
subject106,ankle,476,4.76
subject106,ankle,125,1.25
subject106,ankle,5,0.05
subject106,ankle,433,4.33
subject106,ankle,3,0.03
subject106,ankle,11,0.11
subject106,ankle,8273,82.73
subject106,ankle,310,3.1
subject106,ankle,454,4.54
subject106,ankle,524,5.24
subject106,ankle,8,0.08
subject106,ankle,2510,25.1
subject106,ankle,1602,16.02
subject106,ankle,3681,36.81
subject106,ankle,30,0.3
subject106,ankle,62,0.62
subject106,ankle,25,0.25
subject106,ankle,57,0.57
subject106,ankle,8,0.08
subject106,ankle,1,0.01
subject106,ankle,15,0.15
subject106,ankle,2,0.02
subject106,ankle,16,0.16
subject106,ankle,5,0.05
subject106,ankle,3,0.03
subject106,ankle,2,0.02
subject106,ankle,9,0.09
subject106,ankle,9,0.09
subject106,ankle,6,0.06
subject106,ankle,4,0.04
subject106,ankle,45,0.45
subject106,ankle,3,0.03
subject106,ankle,2,0.02
subject106,ankle,2,0.02
subject106,ankle,13,0.13
subject106,ankle,46,0.46
subject106,ankle,15,0.15
subject106,ankle,2,0.02
subject106,ankle,3,0.03
subject106,ankle,9,0.09
subject106,ankle,6,0.06
subject106,ankle,5,0.05
subject106,ankle,26,0.26
subject106,ankle,43,0.43
subject106,ankle,18,0.18
subject106,ankle,6,0.06
subject106,ankle,63,0.63
subject106,ankle,18,0.18
subject106,ankle,2,0.02
subject106,ankle,6,0.06
subject106,ankle,5,0.05
subject106,ankle,169,1.69
subject106,ankle,226,2.26
subject106,ankle,56,0.56
subject106,ankle,6,0.06
subject106,ankle,5,0.05
subject106,ankle,5,0.05
subject106,ankle,3,0.03
subject106,ankle,1,0.01
subject106,ankle,4,0.04
subject106,ankle,10,0.1
subject106,ankle,1,0.01
subject106,ankle,3,0.03
subject106,ankle,2,0.02
subject106,ankle,2,0.02
subject106,ankle,9,0.09
subject106,ankle,15,0.15
subject106,ankle,20,0.2
subject106,ankle,22,0.22
subject106,ankle,2,0.02
subject106,ankle,10,0.1
subject106,ankle,1,0.01
subject106,ankle,2,0.02
subject106,ankle,5,0.05
subject106,ankle,7,0.07
subject106,ankle,2,0.02
subject106,ankle,32,0.32
subject106,ankle,2,0.02
subject106,ankle,26,0.26
subject106,ankle,6,0.06
subject106,ankle,26,0.26
subject106,ankle,19,0.19
subject106,ankle,2,0.02
subject106,ankle,12,0.12
subject106,ankle,2,0.02
subject106,ankle,16,0.16
subject106,ankle,33,0.33
subject106,ankle,2,0.02
subject106,ankle,6,0.06
subject106,ankle,29,0.29
subject106,ankle,13,0.13
subject106,ankle,18,0.18
subject106,ankle,43,0.43
subject106,ankle,1940,19.4
subject106,ankle,974,9.74
subject106,ankle,503,5.03
subject106,ankle,953,9.53
subject106,ankle,3647,36.47
subject106,ankle,1,0.01
subject106,ankle,6,0.06
subject106,ankle,153,1.53
subject106,ankle,245,2.45
subject106,ankle,16,0.16
subject106,ankle,47,0.47
subject106,ankle,48,0.48
subject106,ankle,107,1.07
subject106,ankle,173,1.73
subject106,ankle,1,0.01
subject106,ankle,10,0.1
subject106,ankle,13,0.13
subject106,ankle,32,0.32
subject106,ankle,16,0.16
subject106,ankle,35,0.35
subject106,ankle,23,0.23
subject106,ankle,38,0.38
subject106,ankle,57,0.57
subject106,ankle,2,0.02
subject106,ankle,22,0.22
subject106,ankle,60,0.6
subject106,ankle,6,0.06
subject106,ankle,42,0.42
subject106,ankle,2,0.02
subject106,ankle,72,0.72
subject106,ankle,13,0.13
subject106,ankle,16,0.16
subject106,ankle,5,0.05
subject106,ankle,43,0.43
subject106,ankle,306,3.06
subject106,ankle,163,1.63
subject106,ankle,127,1.27
subject106,ankle,2,0.02
subject106,ankle,18,0.18
subject106,ankle,60,0.6
subject106,ankle,65,0.65
subject106,ankle,149,1.49
subject106,ankle,4246,42.46
subject106,ankle,464,4.64
subject106,ankle,458,4.58
subject106,ankle,2482,24.82
subject106,ankle,976,9.76
subject106,ankle,179,1.79
subject106,ankle,299,2.99
subject106,ankle,280,2.8
subject106,ankle,382,3.82
subject106,ankle,532,5.32
subject106,ankle,89,0.89
subject106,ankle,208,2.08
subject106,ankle,172,1.72
subject106,ankle,509,5.09
subject106,ankle,1088,10.88
subject106,ankle,424,4.24
subject106,ankle,143,1.43
subject106,ankle,815,8.15
subject106,ankle,655,6.55
subject106,ankle,74,0.74
subject106,ankle,433,4.33
subject106,ankle,124,1.24
subject106,ankle,71,0.71
subject106,ankle,376,3.76
subject106,ankle,32,0.32
subject106,ankle,9,0.09
subject106,ankle,125,1.25
subject106,ankle,116,1.16
subject106,ankle,589,5.89
subject106,ankle,45,0.45
subject106,ankle,286,2.86
subject106,ankle,65,0.65
subject106,ankle,233,2.33
subject106,ankle,169,1.69
subject106,ankle,601,6.01
subject106,ankle,71,0.71
subject106,ankle,159,1.59
subject106,ankle,261,2.61
subject106,ankle,751,7.51
subject106,ankle,118,1.18
subject106,ankle,151,1.51
subject106,ankle,321,3.21
subject106,ankle,2,0.02
subject106,ankle,147,1.47
subject106,ankle,206,2.06
subject106,ankle,21,0.21
subject106,ankle,355,3.55
subject106,ankle,459,4.59
subject106,ankle,340,3.4
subject106,ankle,83,0.83
subject106,ankle,20,0.2
subject106,ankle,43,0.43
subject106,ankle,204,2.04
subject106,ankle,218,2.18
subject106,ankle,65,0.65
subject106,ankle,277,2.77
subject106,ankle,20,0.2
subject106,ankle,8,0.08
subject106,ankle,217,2.17
subject106,ankle,726,7.26
subject106,ankle,270,2.7
subject106,ankle,34,0.34
subject106,ankle,90,0.9
subject106,ankle,215,2.15
subject106,ankle,1,0.01
subject106,ankle,84,0.84
subject106,ankle,79,0.79
subject106,ankle,10,0.1
subject106,ankle,116,1.16
subject106,ankle,5,0.05
subject106,ankle,115,1.15
subject106,ankle,21,0.21
subject106,ankle,85,0.85
subject106,ankle,2,0.02
subject106,ankle,226,2.26
subject106,ankle,83,0.83
subject106,ankle,185,1.85
subject106,ankle,56,0.56
subject106,ankle,249,2.49
subject106,ankle,436,4.36
subject106,ankle,104,1.04
subject106,ankle,216,2.16
subject106,ankle,255,2.55
subject106,ankle,87,0.87
subject106,ankle,36,0.36
subject106,ankle,169,1.69
subject106,ankle,19,0.19
subject106,ankle,90,0.9
subject106,ankle,221,2.21
subject106,ankle,157,1.57
subject106,ankle,304,3.04
subject106,ankle,132,1.32
subject106,ankle,880,8.8
subject106,ankle,316,3.16
subject106,ankle,145,1.45
subject106,ankle,80,0.8
subject106,ankle,1,0.01
subject106,ankle,122,1.22
subject106,ankle,1410,14.1
subject106,ankle,217,2.17
subject106,ankle,136,1.36
subject106,ankle,42,0.42
subject106,ankle,62,0.62
subject106,ankle,211,2.11
subject106,ankle,13,0.13
subject106,ankle,1212,12.12
subject106,ankle,8,0.08
subject106,ankle,2652,26.52
subject106,ankle,264,2.64
subject106,ankle,141,1.41
subject106,ankle,619,6.19
subject106,ankle,63,0.63
subject106,ankle,1,0.01
subject106,ankle,2267,22.67
subject106,ankle,1097,10.97
subject106,ankle,2114,21.14
subject106,ankle,27,0.27
subject106,ankle,2160,21.6
subject106,ankle,162,1.62
subject106,ankle,143,1.43
subject106,ankle,302,3.02
subject106,ankle,1,0.01
subject106,ankle,199,1.99
subject106,ankle,214,2.14
subject106,ankle,642,6.42
subject106,ankle,376,3.76
subject106,ankle,515,5.15
subject106,ankle,32,0.32
subject106,ankle,322,3.22
subject106,ankle,98,0.98
subject106,ankle,173,1.73
subject106,ankle,56,0.56
subject106,ankle,28,0.28
subject106,ankle,4,0.04
subject106,ankle,139,1.39
subject106,ankle,137,1.37
subject106,ankle,24,0.24
subject106,ankle,49,0.49
subject106,ankle,102,1.02
subject106,ankle,17,0.17
subject106,ankle,98,0.98
subject106,ankle,757,7.57
subject106,ankle,483,4.83
subject106,ankle,142,1.42
subject106,ankle,450,4.5
subject106,ankle,217,2.17
subject106,ankle,13,0.13
subject106,ankle,81,0.81
subject106,ankle,74,0.74
subject106,ankle,14,0.14
subject106,ankle,77,0.77
subject106,ankle,523,5.23
subject106,ankle,214,2.14
subject106,ankle,83,0.83
subject106,ankle,585,5.85
subject106,ankle,4,0.04
subject106,ankle,309,3.09
subject106,ankle,98,0.98
subject106,ankle,302,3.02
subject106,ankle,4,0.04
subject106,ankle,130,1.3
subject106,ankle,538,5.38
subject106,ankle,300,3.0
subject106,ankle,658,6.58
subject106,ankle,624,6.24
subject106,ankle,498,4.98
subject106,ankle,90,0.9
subject106,ankle,799,7.99
subject106,ankle,416,4.16
subject106,ankle,177,1.77
subject106,ankle,196,1.96
subject106,ankle,16,0.16
subject106,ankle,21,0.21
subject106,ankle,56,0.56
subject106,ankle,111,1.11
subject106,ankle,31,0.31
subject106,ankle,39,0.39
subject106,ankle,67,0.67
subject106,ankle,44,0.44
subject106,ankle,200,2.0
subject106,ankle,1,0.01
subject106,ankle,194,1.94
subject106,ankle,7,0.07
subject106,ankle,1,0.01
subject106,ankle,82,0.82
subject106,ankle,621,6.21
subject106,ankle,71,0.71
subject106,ankle,204,2.04
subject106,ankle,103,1.03
subject106,ankle,92,0.92
subject106,ankle,91,0.91
subject106,ankle,205,2.05
subject106,ankle,303,3.03
subject106,ankle,91,0.91
subject106,ankle,1,0.01
subject106,ankle,614,6.14
subject106,ankle,385,3.85
subject106,ankle,5,0.05
subject106,ankle,393,3.93
subject106,ankle,456,4.56
subject106,ankle,45,0.45
subject106,ankle,450,4.5
subject106,ankle,42,0.42
subject106,ankle,177,1.77
subject106,ankle,9,0.09
subject106,ankle,116,1.16
subject106,ankle,194,1.94
subject106,ankle,298,2.98
subject106,ankle,195,1.95
subject106,ankle,36,0.36
subject106,ankle,80,0.8
subject106,ankle,17,0.17
subject106,ankle,77,0.77
subject106,ankle,232,2.32
subject106,ankle,117,1.17
subject106,ankle,73,0.73
subject106,ankle,104,1.04
subject106,ankle,3,0.03
subject106,ankle,515,5.15
subject106,ankle,30,0.3
subject106,ankle,447,4.47
subject106,ankle,19,0.19
subject106,ankle,468,4.68
subject106,ankle,224,2.24
subject106,ankle,12,0.12
subject106,ankle,1,0.01
subject106,ankle,36,0.36
subject106,ankle,34,0.34
subject106,ankle,583,5.83
subject106,ankle,340,3.4
subject106,ankle,905,9.05
subject106,ankle,439,4.39
subject106,ankle,1714,17.14
subject106,ankle,3072,30.72
subject106,ankle,60,0.6
subject106,ankle,105,1.05
subject106,ankle,749,7.49
subject106,ankle,66,0.66
subject106,ankle,365,3.65
subject106,ankle,563,5.63
subject106,ankle,44,0.44
subject106,ankle,357,3.57
subject106,ankle,128,1.28
subject106,ankle,29,0.29
subject106,ankle,2119,21.19
subject106,ankle,78,0.78
subject106,ankle,214,2.14
subject106,ankle,694,6.94
subject106,ankle,116,1.16
subject106,ankle,304,3.04
subject106,ankle,306,3.06
subject106,ankle,78,0.78
subject106,ankle,351,3.51
subject106,ankle,1,0.01
subject106,ankle,56,0.56
subject106,ankle,56,0.56
subject106,ankle,609,6.09
subject106,ankle,2072,20.72
subject106,ankle,121,1.21
subject106,ankle,348,3.48
subject106,ankle,79,0.79
subject106,ankle,150,1.5
subject106,ankle,207,2.07
subject106,ankle,150,1.5
subject106,ankle,398,3.98
subject106,ankle,396,3.96
subject106,ankle,368,3.68
subject106,ankle,220,2.2
subject106,ankle,635,6.35
subject106,ankle,1238,12.38
subject106,ankle,3,0.03
subject106,ankle,3,0.03
subject106,ankle,64,0.64
subject106,ankle,514,5.14
subject106,ankle,11,0.11
subject106,ankle,37,0.37
subject106,ankle,2503,25.03
subject106,ankle,451,4.51
subject106,ankle,105,1.05
subject106,ankle,23,0.23
subject106,ankle,649,6.49
subject106,ankle,199,1.99
subject106,ankle,328,3.28
subject106,ankle,64,0.64
subject106,ankle,309,3.09
subject106,ankle,1658,16.58
subject106,ankle,115,1.15
subject106,ankle,236,2.36
subject106,ankle,382,3.82
subject106,ankle,63,0.63
subject106,ankle,19,0.19
subject106,ankle,185,1.85
subject106,ankle,279,2.79
subject106,ankle,66,0.66
subject106,ankle,738,7.38
subject106,ankle,23,0.23
subject106,ankle,2434,24.34
subject106,ankle,7,0.07
subject106,ankle,71,0.71
subject106,ankle,153,1.53
subject106,ankle,27,0.27
subject106,ankle,1659,16.59
subject106,ankle,1909,19.09
subject106,ankle,361,3.61
subject106,ankle,139,1.39
subject106,ankle,50,0.5
subject106,ankle,17,0.17
subject106,ankle,1,0.01
subject106,ankle,18,0.18
subject106,ankle,94,0.94
subject106,ankle,13,0.13
subject106,ankle,22,0.22
subject106,ankle,162,1.62
subject106,ankle,83,0.83
subject106,ankle,717,7.17
subject106,ankle,1459,14.59
subject106,ankle,20,0.2
subject106,ankle,371,3.71
subject106,ankle,1058,10.58
subject106,ankle,879,8.79
subject106,ankle,16,0.16
subject106,ankle,224,2.24
subject106,ankle,72,0.72
subject106,ankle,151,1.51
subject106,ankle,69,0.69
subject106,ankle,10,0.1
subject106,ankle,46,0.46
subject106,ankle,92,0.92
subject106,ankle,217,2.17
subject106,ankle,134,1.34
subject106,ankle,11,0.11
subject106,ankle,372,3.72
subject106,ankle,2,0.02
subject106,ankle,74,0.74
subject106,ankle,77,0.77
subject106,ankle,1,0.01
subject106,ankle,364,3.64
subject106,ankle,72,0.72
subject106,ankle,810,8.1
subject106,ankle,34,0.34
subject106,ankle,189,1.89
subject106,ankle,170,1.7
subject106,ankle,221,2.21
subject106,ankle,67,0.67
subject106,ankle,771,7.71
subject106,ankle,197,1.97
subject106,ankle,449,4.49
subject106,ankle,135,1.35
subject106,ankle,634,6.34
subject106,ankle,225,2.25
subject106,ankle,143,1.43
subject106,ankle,108,1.08
subject106,ankle,797,7.97
subject106,ankle,630,6.3
subject106,ankle,71,0.71
subject106,ankle,7,0.07
subject106,ankle,146,1.46
subject106,ankle,278,2.78
subject106,ankle,6,0.06
subject106,ankle,1,0.01
subject106,ankle,104,1.04
subject106,ankle,50,0.5
subject106,ankle,4,0.04
subject106,ankle,125,1.25
subject106,ankle,737,7.37
subject106,ankle,585,5.85
subject106,ankle,416,4.16
subject106,ankle,109,1.09
subject106,ankle,295,2.95
subject106,ankle,97,0.97
subject106,ankle,377,3.77
subject106,ankle,1247,12.47
subject106,ankle,6,0.06
subject106,ankle,1151,11.51
subject106,ankle,903,9.03
subject106,ankle,45,0.45
subject106,ankle,6,0.06
subject106,ankle,63,0.63
subject106,ankle,19,0.19
subject106,ankle,1079,10.79
subject106,ankle,417,4.17
subject106,ankle,239,2.39
subject106,ankle,823,8.23
subject106,ankle,147,1.47
subject106,ankle,33,0.33
subject106,ankle,80,0.8
subject106,ankle,130,1.3
subject106,ankle,242,2.42
subject106,ankle,1153,11.53
subject106,ankle,832,8.32
subject106,ankle,302,3.02
subject106,ankle,210,2.1
subject106,ankle,2402,24.02
subject106,ankle,290,2.9
subject106,ankle,23,0.23
subject106,ankle,914,9.14
subject106,ankle,475,4.75
subject106,ankle,426,4.26
subject106,ankle,212,2.12
subject106,ankle,463,4.63
subject106,ankle,27,0.27
subject106,ankle,421,4.21
subject106,ankle,482,4.82
subject106,ankle,63,0.63
subject106,ankle,584,5.84
subject106,ankle,176,1.76
subject106,ankle,365,3.65
subject106,ankle,201,2.01
subject106,ankle,2,0.02
subject106,ankle,99,0.99
subject106,ankle,449,4.49
subject106,ankle,124,1.24
subject106,ankle,49,0.49
subject106,ankle,15,0.15
subject106,ankle,144,1.44
subject106,ankle,47,0.47
subject106,ankle,229,2.29
subject106,ankle,8,0.08
subject106,ankle,176,1.76
subject106,ankle,142,1.42
subject106,ankle,71,0.71
subject106,ankle,102,1.02
subject106,ankle,312,3.12
subject106,ankle,91,0.91
subject106,ankle,153,1.53
subject106,ankle,45,0.45
subject106,ankle,23,0.23
subject106,ankle,18,0.18
subject106,ankle,47,0.47
subject106,ankle,67,0.67
subject106,ankle,170,1.7
subject106,ankle,398,3.98
subject106,ankle,30,0.3
subject106,ankle,25,0.25
subject106,ankle,1,0.01
subject106,ankle,4,0.04
subject106,ankle,14,0.14
subject106,ankle,394,3.94
subject106,ankle,39,0.39
subject106,ankle,98,0.98
subject106,ankle,4,0.04
subject106,ankle,1,0.01
subject107,hand,32435,324.35
subject107,hand,3576,35.76
subject107,hand,360,3.6
subject107,hand,27,0.27
subject107,hand,31,0.31
subject107,hand,72,0.72
subject107,hand,23,0.23
subject107,hand,1,0.01
subject107,hand,7,0.07
subject107,hand,10054,100.54
subject107,hand,8,0.08
subject107,hand,1517,15.17
subject107,hand,1,0.01
subject107,hand,592,5.92
subject107,hand,3174,31.74
subject107,hand,5,0.05
subject107,hand,12324,123.24
subject107,hand,2261,22.61
subject107,hand,1997,19.97
subject107,hand,5716,57.16
subject107,hand,317,3.17
subject107,hand,1184,11.84
subject107,hand,2323,23.23
subject107,hand,4,0.04
subject107,hand,10,0.1
subject107,hand,3990,39.9
subject107,hand,1558,15.58
subject107,hand,1532,15.32
subject107,hand,1275,12.75
subject107,hand,85,0.85
subject107,hand,1324,13.24
subject107,hand,1950,19.5
subject107,hand,260,2.6
subject107,hand,4,0.04
subject107,hand,5102,51.02
subject107,hand,3043,30.43
subject107,hand,4250,42.5
subject107,hand,9692,96.92
subject107,hand,11731,117.31
subject107,hand,817,8.17
subject107,hand,694,6.94
subject107,hand,11918,119.18
subject107,hand,12727,127.27
subject107,hand,1432,14.32
subject107,hand,1301,13.01
subject107,hand,1997,19.97
subject107,hand,10882,108.82
subject107,hand,1,0.01
subject107,hand,1,0.01
subject107,hand,108,1.08
subject107,hand,43,0.43
subject107,hand,1,0.01
subject107,hand,37,0.37
subject107,hand,18,0.18
subject107,hand,4,0.04
subject107,hand,39,0.39
subject107,hand,2,0.02
subject107,hand,237,2.37
subject107,hand,10,0.1
subject107,hand,13746,137.46
subject107,hand,4697,46.97
subject107,hand,247,2.47
subject107,hand,38,0.38
subject107,hand,13934,139.34
subject107,hand,1653,16.53
subject107,hand,8,0.08
subject107,hand,53,0.53
subject107,hand,39,0.39
subject107,hand,440,4.4
subject107,hand,88,0.88
subject107,hand,1,0.01
subject107,hand,1118,11.18
subject107,hand,1,0.01
subject107,hand,106,1.06
subject107,hand,5,0.05
subject107,hand,3,0.03
subject107,hand,3,0.03
subject107,hand,5,0.05
subject107,hand,20,0.2
subject107,hand,76,0.76
subject107,hand,85,0.85
subject107,hand,116,1.16
subject107,hand,16,0.16
subject107,hand,78,0.78
subject107,hand,211,2.11
subject107,hand,9,0.09
subject107,hand,5,0.05
subject107,hand,55,0.55
subject107,hand,15,0.15
subject107,hand,292,2.92
subject107,hand,10,0.1
subject107,hand,4,0.04
subject107,hand,21,0.21
subject107,hand,22,0.22
subject107,hand,43,0.43
subject107,hand,23,0.23
subject107,hand,70,0.7
subject107,hand,29,0.29
subject107,hand,85,0.85
subject107,hand,23,0.23
subject107,hand,8,0.08
subject107,hand,17,0.17
subject107,hand,29,0.29
subject107,hand,11,0.11
subject107,hand,16,0.16
subject107,hand,2,0.02
subject107,hand,22,0.22
subject107,hand,13,0.13
subject107,hand,2,0.02
subject107,hand,43,0.43
subject107,hand,1,0.01
subject107,hand,16,0.16
subject107,hand,114,1.14
subject107,hand,67,0.67
subject107,hand,21,0.21
subject107,hand,119,1.19
subject107,hand,58,0.58
subject107,hand,17,0.17
subject107,hand,131,1.31
subject107,hand,2,0.02
subject107,hand,72,0.72
subject107,hand,128,1.28
subject107,hand,60,0.6
subject107,hand,18,0.18
subject107,hand,99,0.99
subject107,hand,21,0.21
subject107,hand,105,1.05
subject107,hand,72,0.72
subject107,hand,33,0.33
subject107,hand,62,0.62
subject107,hand,10,0.1
subject107,hand,7,0.07
subject107,hand,19,0.19
subject107,hand,58,0.58
subject107,hand,32,0.32
subject107,hand,2,0.02
subject107,hand,1,0.01
subject107,hand,1,0.01
subject107,hand,6,0.06
subject107,hand,152,1.52
subject107,hand,41,0.41
subject107,hand,2,0.02
subject107,hand,64,0.64
subject107,hand,2,0.02
subject107,hand,9,0.09
subject107,hand,5,0.05
subject107,hand,14,0.14
subject107,hand,5,0.05
subject107,hand,2,0.02
subject107,hand,2,0.02
subject107,hand,52,0.52
subject107,hand,2,0.02
subject107,hand,8,0.08
subject107,hand,12,0.12
subject107,hand,70,0.7
subject107,hand,28,0.28
subject107,hand,8,0.08
subject107,hand,7,0.07
subject107,hand,3,0.03
subject107,hand,54,0.54
subject107,hand,28,0.28
subject107,hand,13,0.13
subject107,hand,51,0.51
subject107,hand,2,0.02
subject107,hand,1,0.01
subject107,hand,10,0.1
subject107,hand,4,0.04
subject107,hand,3,0.03
subject107,hand,14,0.14
subject107,hand,2,0.02
subject107,hand,7,0.07
subject107,hand,71,0.71
subject107,hand,1,0.01
subject107,hand,4,0.04
subject107,hand,11,0.11
subject107,hand,4,0.04
subject107,hand,6,0.06
subject107,hand,6,0.06
subject107,hand,44,0.44
subject107,hand,17,0.17
subject107,hand,1,0.01
subject107,hand,1,0.01
subject107,hand,9,0.09
subject107,hand,1,0.01
subject107,hand,53,0.53
subject107,hand,20,0.2
subject107,hand,7,0.07
subject107,hand,2,0.02
subject107,hand,3,0.03
subject107,hand,7,0.07
subject107,hand,7,0.07
subject107,hand,7,0.07
subject107,hand,11,0.11
subject107,hand,7,0.07
subject107,hand,7,0.07
subject107,hand,1,0.01
subject107,hand,11,0.11
subject107,hand,2,0.02
subject107,hand,5,0.05
subject107,hand,29,0.29
subject107,hand,5,0.05
subject107,hand,3,0.03
subject107,hand,2,0.02
subject107,hand,45,0.45
subject107,hand,3,0.03
subject107,hand,2,0.02
subject107,hand,1,0.01
subject107,hand,3,0.03
subject107,hand,25,0.25
subject107,hand,4,0.04
subject107,hand,75,0.75
subject107,hand,7,0.07
subject107,hand,11,0.11
subject107,hand,3,0.03
subject107,hand,2,0.02
subject107,hand,3,0.03
subject107,hand,1,0.01
subject107,hand,3,0.03
subject107,hand,8,0.08
subject107,hand,36,0.36
subject107,hand,2,0.02
subject107,hand,14,0.14
subject107,hand,8,0.08
subject107,hand,85,0.85
subject107,hand,19,0.19
subject107,hand,102,1.02
subject107,hand,8,0.08
subject107,hand,12,0.12
subject107,hand,61,0.61
subject107,hand,1,0.01
subject107,hand,7,0.07
subject107,hand,1,0.01
subject107,hand,10,0.1
subject107,hand,22,0.22
subject107,hand,60,0.6
subject107,hand,2,0.02
subject107,hand,14,0.14
subject107,hand,19,0.19
subject107,hand,108,1.08
subject107,hand,73,0.73
subject107,hand,4,0.04
subject107,hand,4,0.04
subject107,hand,3,0.03
subject107,hand,77,0.77
subject107,hand,3,0.03
subject107,hand,6,0.06
subject107,hand,6,0.06
subject107,hand,1,0.01
subject107,hand,1,0.01
subject107,hand,1,0.01
subject107,hand,67,0.67
subject107,hand,20,0.2
subject107,hand,7,0.07
subject107,hand,90,0.9
subject107,hand,2,0.02
subject107,hand,1,0.01
subject107,hand,88,0.88
subject107,hand,1,0.01
subject107,hand,16,0.16
subject107,hand,31,0.31
subject107,hand,55,0.55
subject107,hand,5,0.05
subject107,hand,5,0.05
subject107,hand,7,0.07
subject107,hand,12,0.12
subject107,hand,1,0.01
subject107,hand,11,0.11
subject107,hand,50,0.5
subject107,hand,129,1.29
subject107,hand,83,0.83
subject107,hand,219,2.19
subject107,hand,113,1.13
subject107,hand,19,0.19
subject107,hand,69,0.69
subject107,hand,13,0.13
subject107,hand,105,1.05
subject107,hand,203,2.03
subject107,hand,3,0.03
subject107,hand,107,1.07
subject107,hand,105,1.05
subject107,hand,16,0.16
subject107,hand,107,1.07
subject107,hand,486,4.86
subject107,hand,104,1.04
subject107,hand,125,1.25
subject107,hand,94,0.94
subject107,hand,7,0.07
subject107,hand,12,0.12
subject107,hand,2,0.02
subject107,hand,102,1.02
subject107,hand,1,0.01
subject107,hand,60,0.6
subject107,hand,43,0.43
subject107,hand,70,0.7
subject107,hand,11,0.11
subject107,hand,125,1.25
subject107,hand,2,0.02
subject107,hand,2,0.02
subject107,hand,64,0.64
subject107,hand,9,0.09
subject107,hand,6,0.06
subject107,hand,16,0.16
subject107,hand,85,0.85
subject107,hand,11,0.11
subject107,hand,15,0.15
subject107,hand,38,0.38
subject107,hand,2,0.02
subject107,hand,24,0.24
subject107,hand,20,0.2
subject107,hand,2,0.02
subject107,hand,8,0.08
subject107,hand,7,0.07
subject107,hand,1,0.01
subject107,hand,41,0.41
subject107,hand,4,0.04
subject107,hand,6,0.06
subject107,hand,4,0.04
subject107,hand,1,0.01
subject107,hand,4,0.04
subject107,hand,3,0.03
subject107,hand,8,0.08
subject107,hand,2,0.02
subject107,hand,5,0.05
subject107,hand,7,0.07
subject107,hand,45,0.45
subject107,hand,4,0.04
subject107,hand,10,0.1
subject107,hand,7,0.07
subject107,hand,9,0.09
subject107,hand,5,0.05
subject107,hand,1,0.01
subject107,hand,2,0.02
subject107,hand,11,0.11
subject107,hand,4,0.04
subject107,hand,17,0.17
subject107,hand,10,0.1
subject107,hand,10,0.1
subject107,hand,14,0.14
subject107,hand,1,0.01
subject107,hand,3,0.03
subject107,hand,3,0.03
subject107,hand,3,0.03
subject107,hand,9,0.09
subject107,hand,1,0.01
subject107,hand,4,0.04
subject107,hand,5,0.05
subject107,hand,2,0.02
subject107,hand,41,0.41
subject107,hand,2,0.02
subject107,hand,17,0.17
subject107,hand,3,0.03
subject107,hand,2,0.02
subject107,hand,8,0.08
subject107,hand,26,0.26
subject107,hand,38,0.38
subject107,hand,106,1.06
subject107,hand,10,0.1
subject107,hand,12,0.12
subject107,hand,74,0.74
subject107,hand,15,0.15
subject107,hand,24,0.24
subject107,hand,1,0.01
subject107,hand,12,0.12
subject107,hand,39,0.39
subject107,hand,19,0.19
subject107,hand,2,0.02
subject107,hand,24,0.24
subject107,hand,12,0.12
subject107,hand,4,0.04
subject107,hand,1,0.01
subject107,hand,84,0.84
subject107,hand,50,0.5
subject107,hand,14,0.14
subject107,hand,1,0.01
subject107,hand,12,0.12
subject107,hand,1,0.01
subject107,hand,7,0.07
subject107,hand,1,0.01
subject107,hand,28,0.28
subject107,hand,42,0.42
subject107,hand,22,0.22
subject107,hand,4,0.04
subject107,hand,15,0.15
subject107,hand,5,0.05
subject107,hand,505,5.05
subject107,hand,212,2.12
subject107,hand,3,0.03
subject107,hand,40,0.4
subject107,hand,55,0.55
subject107,hand,312,3.12
subject107,hand,3,0.03
subject107,hand,10,0.1
subject107,hand,5,0.05
subject107,hand,26,0.26
subject107,hand,76,0.76
subject107,hand,19,0.19
subject107,hand,6,0.06
subject107,hand,182,1.82
subject107,hand,3,0.03
subject107,hand,8,0.08
subject107,hand,3,0.03
subject107,hand,1,0.01
subject107,hand,194,1.94
subject107,hand,29,0.29
subject107,hand,84,0.84
subject107,hand,102,1.02
subject107,hand,82,0.82
subject107,hand,222,2.22
subject107,hand,14,0.14
subject107,hand,11,0.11
subject107,hand,101,1.01
subject107,hand,116,1.16
subject107,hand,1,0.01
subject107,hand,69,0.69
subject107,hand,6,0.06
subject107,hand,88,0.88
subject107,hand,44,0.44
subject107,hand,81,0.81
subject107,hand,311,3.11
subject107,hand,201,2.01
subject107,hand,318,3.18
subject107,hand,340,3.4
subject107,hand,642,6.42
subject107,hand,230,2.3
subject107,hand,237,2.37
subject107,hand,293,2.93
subject107,hand,948,9.48
subject107,hand,133,1.33
subject107,hand,52,0.52
subject107,hand,141,1.41
subject107,hand,13,0.13
subject107,hand,66,0.66
subject107,hand,33,0.33
subject107,hand,20,0.2
subject107,hand,48,0.48
subject107,hand,11,0.11
subject107,hand,45,0.45
subject107,hand,48,0.48
subject107,hand,10,0.1
subject107,hand,32,0.32
subject107,hand,78,0.78
subject107,hand,117,1.17
subject107,hand,191,1.91
subject107,hand,115,1.15
subject107,hand,106,1.06
subject107,hand,21,0.21
subject107,hand,1,0.01
subject107,hand,24,0.24
subject107,hand,54,0.54
subject107,hand,27,0.27
subject107,hand,64,0.64
subject107,hand,13,0.13
subject107,hand,92,0.92
subject107,hand,16,0.16
subject107,hand,88,0.88
subject107,hand,12,0.12
subject107,hand,28,0.28
subject107,hand,67,0.67
subject107,hand,1,0.01
subject107,hand,5,0.05
subject107,hand,8,0.08
subject107,hand,1,0.01
subject107,hand,1,0.01
subject107,hand,11,0.11
subject107,hand,11,0.11
subject107,hand,2,0.02
subject107,hand,43,0.43
subject107,hand,11,0.11
subject107,hand,9,0.09
subject107,hand,3,0.03
subject107,hand,11,0.11
subject107,hand,16,0.16
subject107,hand,44,0.44
subject107,hand,7,0.07
subject107,hand,5,0.05
subject107,hand,42,0.42
subject107,hand,50,0.5
subject107,hand,4,0.04
subject107,hand,55,0.55
subject107,hand,56,0.56
subject107,hand,5,0.05
subject107,hand,12,0.12
subject107,hand,73,0.73
subject107,hand,14,0.14
subject107,hand,21,0.21
subject107,hand,19,0.19
subject107,hand,44,0.44
subject107,hand,1,0.01
subject107,hand,3,0.03
subject107,hand,1,0.01
subject107,hand,25,0.25
subject107,hand,21,0.21
subject107,hand,40,0.4
subject107,hand,3,0.03
subject107,hand,29,0.29
subject107,hand,1,0.01
subject107,hand,14,0.14
subject107,hand,1,0.01
subject107,hand,48,0.48
subject107,hand,11,0.11
subject107,hand,17,0.17
subject107,hand,3,0.03
subject107,hand,2,0.02
subject107,hand,3,0.03
subject107,hand,11,0.11
subject107,hand,49,0.49
subject107,hand,4,0.04
subject107,hand,7,0.07
subject107,hand,1,0.01
subject107,hand,15,0.15
subject107,hand,8,0.08
subject107,hand,47,0.47
subject107,hand,7,0.07
subject107,hand,2,0.02
subject107,hand,24,0.24
subject107,hand,25,0.25
subject107,hand,55,0.55
subject107,hand,5,0.05
subject107,hand,92,0.92
subject107,hand,6,0.06
subject107,hand,4,0.04
subject107,hand,5,0.05
subject107,hand,23,0.23
subject107,hand,12,0.12
subject107,hand,45,0.45
subject107,hand,14,0.14
subject107,hand,5,0.05
subject107,hand,6,0.06
subject107,hand,1,0.01
subject107,hand,2,0.02
subject107,hand,2,0.02
subject107,hand,24,0.24
subject107,hand,48,0.48
subject107,hand,3,0.03
subject107,hand,4,0.04
subject107,hand,95,0.95
subject107,hand,11,0.11
subject107,hand,7,0.07
subject107,hand,80,0.8
subject107,hand,5,0.05
subject107,hand,3,0.03
subject107,hand,8,0.08
subject107,hand,12,0.12
subject107,hand,2,0.02
subject107,hand,39,0.39
subject107,hand,2,0.02
subject107,hand,32,0.32
subject107,hand,5,0.05
subject107,hand,18,0.18
subject107,hand,2,0.02
subject107,hand,62,0.62
subject107,hand,75,0.75
subject107,hand,45,0.45
subject107,hand,5,0.05
subject107,hand,3,0.03
subject107,hand,76,0.76
subject107,hand,6,0.06
subject107,hand,9,0.09
subject107,hand,89,0.89
subject107,hand,1,0.01
subject107,hand,1,0.01
subject107,hand,1,0.01
subject107,hand,25,0.25
subject107,hand,9,0.09
subject107,hand,5,0.05
subject107,hand,85,0.85
subject107,hand,3,0.03
subject107,hand,1,0.01
subject107,hand,3,0.03
subject107,hand,2,0.02
subject107,hand,6,0.06
subject107,hand,53,0.53
subject107,hand,2,0.02
subject107,hand,1,0.01
subject107,hand,2,0.02
subject107,hand,1,0.01
subject107,hand,1,0.01
subject107,hand,6,0.06
subject107,hand,4,0.04
subject107,hand,7,0.07
subject107,hand,3,0.03
subject107,hand,12,0.12
subject107,hand,3,0.03
subject107,hand,40,0.4
subject107,hand,6,0.06
subject107,hand,2,0.02
subject107,hand,3,0.03
subject107,hand,1,0.01
subject107,hand,1,0.01
subject107,hand,3,0.03
subject107,hand,2,0.02
subject107,hand,1,0.01
subject107,hand,8,0.08
subject107,hand,1,0.01
subject107,hand,1,0.01
subject107,hand,1,0.01
subject107,hand,1,0.01
subject107,hand,47,0.47
subject107,hand,16,0.16
subject107,hand,1,0.01
subject107,hand,9,0.09
subject107,hand,73,0.73
subject107,hand,47,0.47
subject107,hand,12,0.12
subject107,hand,41,0.41
subject107,hand,1,0.01
subject107,hand,3,0.03
subject107,hand,1,0.01
subject107,hand,21,0.21
subject107,hand,78,0.78
subject107,hand,2,0.02
subject107,hand,2,0.02
subject107,hand,2,0.02
subject107,hand,34,0.34
subject107,hand,8,0.08
subject107,hand,41,0.41
subject107,hand,4,0.04
subject107,hand,2,0.02
subject107,hand,1,0.01
subject107,hand,26,0.26
subject107,hand,65,0.65
subject107,hand,2,0.02
subject107,hand,2,0.02
subject107,hand,1,0.01
subject107,hand,3,0.03
subject107,hand,1,0.01
subject107,hand,4,0.04
subject107,hand,16,0.16
subject107,hand,2,0.02
subject107,hand,98,0.98
subject107,hand,81,0.81
subject107,hand,5,0.05
subject107,hand,4,0.04
subject107,hand,7,0.07
subject107,hand,5,0.05
subject107,hand,69,0.69
subject107,hand,4,0.04
subject107,hand,2,0.02
subject107,hand,26,0.26
subject107,hand,65,0.65
subject107,hand,2,0.02
subject107,hand,20,0.2
subject107,hand,16,0.16
subject107,hand,7,0.07
subject107,hand,64,0.64
subject107,hand,18,0.18
subject107,hand,86,0.86
subject107,hand,7,0.07
subject107,hand,312,3.12
subject107,hand,32,0.32
subject107,hand,65,0.65
subject107,hand,6,0.06
subject107,hand,29,0.29
subject107,hand,113,1.13
subject107,hand,68,0.68
subject107,hand,35,0.35
subject107,hand,69,0.69
subject107,hand,104,1.04
subject107,hand,32,0.32
subject107,hand,58,0.58
subject107,hand,18,0.18
subject107,hand,5,0.05
subject107,hand,81,0.81
subject107,hand,42,0.42
subject107,hand,111,1.11
subject107,hand,106,1.06
subject107,hand,59,0.59
subject107,hand,350,3.5
subject107,hand,79,0.79
subject107,hand,452,4.52
subject107,hand,170,1.7
subject107,hand,21,0.21
subject107,hand,24,0.24
subject107,hand,60,0.6
subject107,hand,15,0.15
subject107,hand,6,0.06
subject107,hand,10,0.1
subject107,hand,92,0.92
subject107,hand,21,0.21
subject107,hand,6,0.06
subject107,hand,102,1.02
subject107,hand,105,1.05
subject107,hand,83,0.83
subject107,hand,5,0.05
subject107,hand,10,0.1
subject107,hand,5,0.05
subject107,hand,61,0.61
subject107,hand,12,0.12
subject107,hand,8,0.08
subject107,hand,23,0.23
subject107,hand,62,0.62
subject107,hand,14,0.14
subject107,hand,106,1.06
subject107,hand,2,0.02
subject107,hand,19,0.19
subject107,hand,14,0.14
subject107,hand,1,0.01
subject107,hand,32,0.32
subject107,hand,5,0.05
subject107,hand,1,0.01
subject107,hand,25,0.25
subject107,hand,1,0.01
subject107,hand,2,0.02
subject107,hand,3,0.03
subject107,hand,4,0.04
subject107,hand,3,0.03
subject107,hand,54,0.54
subject107,hand,2,0.02
subject107,hand,33,0.33
subject107,hand,14,0.14
subject107,hand,50,0.5
subject107,hand,23,0.23
subject107,hand,6,0.06
subject107,hand,7,0.07
subject107,hand,24,0.24
subject107,hand,42,0.42
subject107,hand,16,0.16
subject107,hand,9,0.09
subject107,hand,9,0.09
subject107,hand,3,0.03
subject107,hand,3,0.03
subject107,hand,180,1.8
subject107,hand,212,2.12
subject107,hand,113,1.13
subject107,hand,227,2.27
subject107,hand,228,2.28
subject107,hand,99,0.99
subject107,hand,96,0.96
subject107,hand,19,0.19
subject107,hand,65,0.65
subject107,hand,56,0.56
subject107,hand,74,0.74
subject107,hand,11,0.11
subject107,hand,14,0.14
subject107,hand,5,0.05
subject107,hand,53,0.53
subject107,hand,7,0.07
subject107,hand,2,0.02
subject107,hand,10,0.1
subject107,hand,9,0.09
subject107,hand,5,0.05
subject107,hand,175,1.75
subject107,hand,8,0.08
subject107,hand,93,0.93
subject107,hand,112,1.12
subject107,hand,207,2.07
subject107,hand,233,2.33
subject107,hand,23,0.23
subject107,hand,46,0.46
subject107,hand,109,1.09
subject107,hand,139,1.39
subject107,hand,91,0.91
subject107,hand,332,3.32
subject107,hand,131,1.31
subject107,hand,17,0.17
subject107,hand,52,0.52
subject107,hand,16,0.16
subject107,hand,136,1.36
subject107,hand,97,0.97
subject107,hand,195,1.95
subject107,hand,551,5.51
subject107,hand,788,7.88
subject107,hand,346,3.46
subject107,hand,274,2.74
subject107,hand,1173,11.73
subject107,hand,129,1.29
subject107,hand,4,0.04
subject107,hand,5032,50.32
subject107,hand,1104,11.04
subject107,hand,2093,20.93
subject107,hand,655,6.55
subject107,hand,2137,21.37
subject107,hand,9,0.09
subject107,hand,460,4.6
subject107,hand,983,9.83
subject107,hand,97,0.97
subject107,hand,77,0.77
subject107,hand,1,0.01
subject107,hand,530,5.3
subject107,hand,73,0.73
subject107,hand,678,6.78
subject107,hand,1392,13.92
subject107,hand,1126,11.26
subject107,hand,906,9.06
subject107,hand,5539,55.39
subject107,hand,1526,15.26
subject107,hand,657,6.57
subject107,hand,323,3.23
subject107,hand,453,4.53
subject107,hand,227,2.27
subject107,hand,255,2.55
subject107,hand,1166,11.66
subject107,hand,11879,118.79
subject107,hand,25220,252.2
subject107,hand,2289,22.89
subject107,hand,3352,33.52
subject107,hand,1712,17.12
subject107,hand,288,2.88
subject107,hand,61,0.61
subject107,hand,17,0.17
subject107,hand,71,0.71
subject107,hand,62,0.62
subject107,hand,2,0.02
subject107,hand,7,0.07
subject107,hand,69,0.69
subject107,hand,49,0.49
subject107,hand,2,0.02
subject107,hand,3,0.03
subject107,hand,2,0.02
subject107,hand,3,0.03
subject107,hand,3,0.03
subject107,hand,50,0.5
subject107,hand,5,0.05
subject107,hand,2,0.02
subject107,hand,56,0.56
subject107,hand,24,0.24
subject107,hand,42,0.42
subject107,hand,2,0.02
subject107,hand,12,0.12
subject107,hand,48,0.48
subject107,hand,2,0.02
subject107,hand,12,0.12
subject107,hand,1,0.01
subject107,hand,67,0.67
subject107,hand,2,0.02
subject107,hand,47,0.47
subject107,hand,4,0.04
subject107,hand,2,0.02
subject107,hand,55,0.55
subject107,hand,11,0.11
subject107,hand,76,0.76
subject107,hand,47,0.47
subject107,hand,2,0.02
subject107,hand,8,0.08
subject107,hand,1,0.01
subject107,hand,1,0.01
subject107,hand,66,0.66
subject107,hand,58,0.58
subject107,hand,82,0.82
subject107,hand,2,0.02
subject107,hand,1,0.01
subject107,hand,51,0.51
subject107,hand,16,0.16
subject107,hand,1,0.01
subject107,hand,48,0.48
subject107,hand,1,0.01
subject107,hand,5,0.05
subject107,hand,1,0.01
subject107,hand,1,0.01
subject107,hand,3,0.03
subject107,hand,2,0.02
subject107,hand,62,0.62
subject107,hand,1,0.01
subject107,hand,55,0.55
subject107,hand,14,0.14
subject107,hand,13,0.13
subject107,hand,43,0.43
subject107,hand,8,0.08
subject107,hand,1,0.01
subject107,hand,2,0.02
subject107,hand,1,0.01
subject107,hand,4,0.04
subject107,hand,45,0.45
subject107,hand,4,0.04
subject107,hand,3,0.03
subject107,hand,4,0.04
subject107,hand,3,0.03
subject107,hand,1,0.01
subject107,hand,44,0.44
subject107,hand,3,0.03
subject107,hand,4,0.04
subject107,hand,1,0.01
subject107,hand,1,0.01
subject107,hand,1,0.01
subject107,hand,1,0.01
subject107,hand,4,0.04
subject107,hand,1,0.01
subject107,hand,44,0.44
subject107,hand,1,0.01
subject107,hand,1,0.01
subject107,hand,1,0.01
subject107,hand,1,0.01
subject107,hand,1,0.01
subject107,hand,4,0.04
subject107,hand,4,0.04
subject107,hand,51,0.51
subject107,hand,3,0.03
subject107,hand,3,0.03
subject107,hand,4,0.04
subject107,hand,1,0.01
subject107,hand,61,0.61
subject107,hand,4,0.04
subject107,chest,1981,19.81
subject107,chest,30243,302.43
subject107,chest,18123,181.23
subject107,chest,6753,67.53
subject107,chest,9817,98.17
subject107,chest,8613,86.13
subject107,chest,13,0.13
subject107,chest,1737,17.37
subject107,chest,307,3.07
subject107,chest,2,0.02
subject107,chest,3591,35.91
subject107,chest,8804,88.04
subject107,chest,74,0.74
subject107,chest,18,0.18
subject107,chest,3616,36.16
subject107,chest,933,9.33
subject107,chest,5,0.05
subject107,chest,1680,16.8
subject107,chest,5089,50.89
subject107,chest,143,1.43
subject107,chest,484,4.84
subject107,chest,22328,223.28
subject107,chest,8413,84.13
subject107,chest,4,0.04
subject107,chest,517,5.17
subject107,chest,690,6.9
subject107,chest,18911,189.11
subject107,chest,1232,12.32
subject107,chest,10070,100.7
subject107,chest,855,8.55
subject107,chest,243,2.43
subject107,chest,493,4.93
subject107,chest,16784,167.84
subject107,chest,11061,110.61
subject107,chest,100,1.0
subject107,chest,40,0.4
subject107,chest,631,6.31
subject107,chest,7479,74.79
subject107,chest,347,3.47
subject107,chest,233,2.33
subject107,chest,2402,24.02
subject107,chest,406,4.06
subject107,chest,98,0.98
subject107,chest,2,0.02
subject107,chest,343,3.43
subject107,chest,686,6.86
subject107,chest,86,0.86
subject107,chest,18,0.18
subject107,chest,923,9.23
subject107,chest,29,0.29
subject107,chest,294,2.94
subject107,chest,2,0.02
subject107,chest,79,0.79
subject107,chest,208,2.08
subject107,chest,104,1.04
subject107,chest,53,0.53
subject107,chest,74,0.74
subject107,chest,4,0.04
subject107,chest,50,0.5
subject107,chest,2,0.02
subject107,chest,1,0.01
subject107,chest,13,0.13
subject107,chest,4,0.04
subject107,chest,21,0.21
subject107,chest,29,0.29
subject107,chest,1164,11.64
subject107,chest,417,4.17
subject107,chest,272,2.72
subject107,chest,314,3.14
subject107,chest,225,2.25
subject107,chest,1655,16.55
subject107,chest,118,1.18
subject107,chest,96,0.96
subject107,chest,258,2.58
subject107,chest,1,0.01
subject107,chest,74,0.74
subject107,chest,12,0.12
subject107,chest,15,0.15
subject107,chest,52,0.52
subject107,chest,12,0.12
subject107,chest,4,0.04
subject107,chest,10,0.1
subject107,chest,14,0.14
subject107,chest,63,0.63
subject107,chest,8,0.08
subject107,chest,11,0.11
subject107,chest,1,0.01
subject107,chest,3,0.03
subject107,chest,22,0.22
subject107,chest,56,0.56
subject107,chest,101,1.01
subject107,chest,9,0.09
subject107,chest,17,0.17
subject107,chest,81,0.81
subject107,chest,30,0.3
subject107,chest,519,5.19
subject107,chest,1047,10.47
subject107,chest,1,0.01
subject107,chest,42,0.42
subject107,chest,88,0.88
subject107,chest,79,0.79
subject107,chest,331,3.31
subject107,chest,468,4.68
subject107,chest,73,0.73
subject107,chest,860,8.6
subject107,chest,1044,10.44
subject107,chest,2715,27.15
subject107,chest,214,2.14
subject107,chest,87,0.87
subject107,chest,418,4.18
subject107,chest,1,0.01
subject107,chest,742,7.42
subject107,chest,203,2.03
subject107,chest,3,0.03
subject107,chest,11,0.11
subject107,chest,339,3.39
subject107,chest,178,1.78
subject107,chest,11,0.11
subject107,chest,200,2.0
subject107,chest,221,2.21
subject107,chest,2,0.02
subject107,chest,123,1.23
subject107,chest,1,0.01
subject107,chest,80,0.8
subject107,chest,322,3.22
subject107,chest,23,0.23
subject107,chest,409,4.09
subject107,chest,323,3.23
subject107,chest,91,0.91
subject107,chest,232,2.32
subject107,chest,76,0.76
subject107,chest,553,5.53
subject107,chest,320,3.2
subject107,chest,232,2.32
subject107,chest,500,5.0
subject107,chest,2125,21.25
subject107,chest,307,3.07
subject107,chest,227,2.27
subject107,chest,592,5.92
subject107,chest,1,0.01
subject107,chest,39,0.39
subject107,chest,1830,18.3
subject107,chest,242,2.42
subject107,chest,845,8.45
subject107,chest,2502,25.02
subject107,chest,4030,40.3
subject107,chest,257,2.57
subject107,chest,516,5.16
subject107,chest,9,0.09
subject107,chest,4295,42.95
subject107,chest,1625,16.25
subject107,chest,1126,11.26
subject107,chest,140,1.4
subject107,chest,1879,18.79
subject107,chest,226,2.26
subject107,chest,315,3.15
subject107,chest,7,0.07
subject107,chest,91,0.91
subject107,chest,1478,14.78
subject107,chest,1927,19.27
subject107,chest,253,2.53
subject107,chest,14,0.14
subject107,chest,224,2.24
subject107,chest,5,0.05
subject107,chest,12,0.12
subject107,chest,208,2.08
subject107,chest,2343,23.43
subject107,chest,4926,49.26
subject107,chest,109,1.09
subject107,chest,1094,10.94
subject107,chest,686,6.86
subject107,chest,653,6.53
subject107,chest,377,3.77
subject107,chest,5055,50.55
subject107,chest,33234,332.34
subject107,chest,1152,11.52
subject107,chest,3922,39.22
subject107,chest,1571,15.71
subject107,chest,204,2.04
subject107,chest,1,0.01
subject107,chest,575,5.75
subject107,chest,290,2.9
subject107,chest,1,0.01
subject107,chest,118,1.18
subject107,chest,166,1.66
subject107,chest,69,0.69
subject107,chest,212,2.12
subject107,ankle,2,0.02
subject107,ankle,1,0.01
subject107,ankle,14,0.14
subject107,ankle,1,0.01
subject107,ankle,2233,22.33
subject107,ankle,140,1.4
subject107,ankle,157,1.57
subject107,ankle,2145,21.45
subject107,ankle,26027,260.27
subject107,ankle,376,3.76
subject107,ankle,712,7.12
subject107,ankle,464,4.64
subject107,ankle,670,6.7
subject107,ankle,945,9.45
subject107,ankle,3736,37.36
subject107,ankle,13237,132.37
subject107,ankle,171,1.71
subject107,ankle,1104,11.04
subject107,ankle,31,0.31
subject107,ankle,5659,56.59
subject107,ankle,234,2.34
subject107,ankle,6162,61.62
subject107,ankle,9450,94.5
subject107,ankle,1317,13.17
subject107,ankle,123,1.23
subject107,ankle,778,7.78
subject107,ankle,1,0.01
subject107,ankle,3057,30.57
subject107,ankle,2021,20.21
subject107,ankle,9,0.09
subject107,ankle,3835,38.35
subject107,ankle,1214,12.14
subject107,ankle,168,1.68
subject107,ankle,5,0.05
subject107,ankle,11,0.11
subject107,ankle,325,3.25
subject107,ankle,19,0.19
subject107,ankle,1,0.01
subject107,ankle,3305,33.05
subject107,ankle,195,1.95
subject107,ankle,544,5.44
subject107,ankle,1820,18.2
subject107,ankle,857,8.57
subject107,ankle,327,3.27
subject107,ankle,251,2.51
subject107,ankle,475,4.75
subject107,ankle,27,0.27
subject107,ankle,1673,16.73
subject107,ankle,827,8.27
subject107,ankle,937,9.37
subject107,ankle,907,9.07
subject107,ankle,2317,23.17
subject107,ankle,57,0.57
subject107,ankle,3,0.03
subject107,ankle,3,0.03
subject107,ankle,73,0.73
subject107,ankle,1797,17.97
subject107,ankle,1,0.01
subject107,ankle,9,0.09
subject107,ankle,22,0.22
subject107,ankle,69,0.69
subject107,ankle,4,0.04
subject107,ankle,2919,29.19
subject107,ankle,24,0.24
subject107,ankle,2,0.02
subject107,ankle,542,5.42
subject107,ankle,211,2.11
subject107,ankle,383,3.83
subject107,ankle,2272,22.72
subject107,ankle,690,6.9
subject107,ankle,112,1.12
subject107,ankle,1331,13.31
subject107,ankle,416,4.16
subject107,ankle,474,4.74
subject107,ankle,2568,25.68
subject107,ankle,1604,16.04
subject107,ankle,325,3.25
subject107,ankle,1577,15.77
subject107,ankle,2463,24.63
subject107,ankle,673,6.73
subject107,ankle,139,1.39
subject107,ankle,1956,19.56
subject107,ankle,2007,20.07
subject107,ankle,321,3.21
subject107,ankle,86,0.86
subject107,ankle,824,8.24
subject107,ankle,272,2.72
subject107,ankle,378,3.78
subject107,ankle,130,1.3
subject107,ankle,2811,28.11
subject107,ankle,175,1.75
subject107,ankle,611,6.11
subject107,ankle,284,2.84
subject107,ankle,32,0.32
subject107,ankle,2364,23.64
subject107,ankle,77,0.77
subject107,ankle,585,5.85
subject107,ankle,900,9.0
subject107,ankle,1424,14.24
subject107,ankle,822,8.22
subject107,ankle,2114,21.14
subject107,ankle,425,4.25
subject107,ankle,10,0.1
subject107,ankle,734,7.34
subject107,ankle,71,0.71
subject107,ankle,47,0.47
subject107,ankle,2450,24.5
subject107,ankle,8714,87.14
subject107,ankle,1584,15.84
subject107,ankle,146,1.46
subject107,ankle,44,0.44
subject107,ankle,12,0.12
subject107,ankle,3,0.03
subject107,ankle,3306,33.06
subject107,ankle,636,6.36
subject107,ankle,3036,30.36
subject107,ankle,313,3.13
subject107,ankle,4177,41.77
subject107,ankle,1478,14.78
subject107,ankle,7737,77.37
subject107,ankle,1044,10.44
subject107,ankle,3767,37.67
subject107,ankle,3294,32.94
subject107,ankle,338,3.38
subject107,ankle,3900,39.0
subject107,ankle,755,7.55
subject107,ankle,1147,11.47
subject107,ankle,423,4.23
subject107,ankle,619,6.19
subject107,ankle,3352,33.52
subject107,ankle,97,0.97
subject107,ankle,867,8.67
subject107,ankle,350,3.5
subject107,ankle,205,2.05
subject107,ankle,291,2.91
subject107,ankle,468,4.68
subject107,ankle,2428,24.28
subject107,ankle,234,2.34
subject107,ankle,128,1.28
subject107,ankle,163,1.63
subject107,ankle,7,0.07
subject107,ankle,16,0.16
subject107,ankle,185,1.85
subject107,ankle,25,0.25
subject107,ankle,197,1.97
subject107,ankle,141,1.41
subject107,ankle,2949,29.49
subject107,ankle,248,2.48
subject107,ankle,288,2.88
subject107,ankle,109,1.09
subject107,ankle,326,3.26
subject107,ankle,109,1.09
subject107,ankle,83,0.83
subject107,ankle,101,1.01
subject107,ankle,17,0.17
subject107,ankle,156,1.56
subject107,ankle,127,1.27
subject107,ankle,203,2.03
subject107,ankle,138,1.38
subject107,ankle,76,0.76
subject107,ankle,1,0.01
subject107,ankle,292,2.92
subject107,ankle,106,1.06
subject107,ankle,131,1.31
subject107,ankle,282,2.82
subject107,ankle,24,0.24
subject107,ankle,66,0.66
subject107,ankle,215,2.15
subject107,ankle,174,1.74
subject107,ankle,56,0.56
subject107,ankle,5,0.05
subject107,ankle,63,0.63
subject107,ankle,318,3.18
subject107,ankle,184,1.84
subject107,ankle,75,0.75
subject107,ankle,458,4.58
subject107,ankle,19,0.19
subject107,ankle,397,3.97
subject107,ankle,280,2.8
subject107,ankle,30,0.3
subject107,ankle,227,2.27
subject107,ankle,189,1.89
subject107,ankle,209,2.09
subject107,ankle,163,1.63
subject107,ankle,283,2.83
subject107,ankle,103,1.03
subject107,ankle,81,0.81
subject107,ankle,10,0.1
subject107,ankle,118,1.18
subject107,ankle,399,3.99
subject107,ankle,137,1.37
subject107,ankle,271,2.71
subject107,ankle,7,0.07
subject107,ankle,60,0.6
subject107,ankle,66,0.66
subject107,ankle,201,2.01
subject107,ankle,53,0.53
subject107,ankle,62,0.62
subject107,ankle,62,0.62
subject107,ankle,12,0.12
subject107,ankle,114,1.14
subject107,ankle,78,0.78
subject107,ankle,37,0.37
subject107,ankle,91,0.91
subject107,ankle,89,0.89
subject107,ankle,97,0.97
subject107,ankle,112,1.12
subject107,ankle,116,1.16
subject107,ankle,6,0.06
subject107,ankle,1,0.01
subject107,ankle,1,0.01
subject107,ankle,78,0.78
subject107,ankle,103,1.03
subject107,ankle,21,0.21
subject107,ankle,294,2.94
subject107,ankle,117,1.17
subject107,ankle,122,1.22
subject107,ankle,300,3.0
subject107,ankle,750,7.5
subject107,ankle,296,2.96
subject107,ankle,210,2.1
subject107,ankle,24,0.24
subject107,ankle,1,0.01
subject107,ankle,416,4.16
subject107,ankle,86,0.86
subject107,ankle,11,0.11
subject107,ankle,92,0.92
subject107,ankle,29,0.29
subject107,ankle,392,3.92
subject107,ankle,218,2.18
subject107,ankle,379,3.79
subject107,ankle,81,0.81
subject107,ankle,21,0.21
subject107,ankle,281,2.81
subject107,ankle,86,0.86
subject107,ankle,267,2.67
subject107,ankle,161,1.61
subject107,ankle,595,5.95
subject107,ankle,280,2.8
subject107,ankle,193,1.93
subject107,ankle,968,9.68
subject107,ankle,157,1.57
subject107,ankle,387,3.87
subject107,ankle,300,3.0
subject107,ankle,415,4.15
subject107,ankle,24,0.24
subject107,ankle,105,1.05
subject107,ankle,10,0.1
subject107,ankle,59,0.59
subject107,ankle,145,1.45
subject107,ankle,97,0.97
subject107,ankle,32,0.32
subject107,ankle,64,0.64
subject107,ankle,14,0.14
subject107,ankle,229,2.29
subject107,ankle,66,0.66
subject107,ankle,231,2.31
subject107,ankle,23,0.23
subject107,ankle,100,1.0
subject107,ankle,186,1.86
subject107,ankle,16,0.16
subject107,ankle,75,0.75
subject107,ankle,241,2.41
subject107,ankle,11,0.11
subject107,ankle,141,1.41
subject107,ankle,24,0.24
subject107,ankle,40,0.4
subject107,ankle,91,0.91
subject107,ankle,88,0.88
subject107,ankle,242,2.42
subject107,ankle,17,0.17
subject107,ankle,92,0.92
subject107,ankle,4,0.04
subject107,ankle,106,1.06
subject107,ankle,67,0.67
subject107,ankle,367,3.67
subject107,ankle,70,0.7
subject107,ankle,349,3.49
subject107,ankle,74,0.74
subject107,ankle,7,0.07
subject107,ankle,16,0.16
subject107,ankle,90,0.9
subject107,ankle,75,0.75
subject107,ankle,26,0.26
subject107,ankle,91,0.91
subject107,ankle,123,1.23
subject107,ankle,232,2.32
subject107,ankle,1,0.01
subject107,ankle,14,0.14
subject107,ankle,22,0.22
subject107,ankle,29,0.29
subject107,ankle,152,1.52
subject107,ankle,101,1.01
subject107,ankle,299,2.99
subject107,ankle,121,1.21
subject107,ankle,5,0.05
subject107,ankle,318,3.18
subject107,ankle,81,0.81
subject107,ankle,12,0.12
subject107,ankle,195,1.95
subject107,ankle,208,2.08
subject107,ankle,19,0.19
subject107,ankle,234,2.34
subject107,ankle,274,2.74
subject107,ankle,22,0.22
subject107,ankle,84,0.84
subject107,ankle,13,0.13
subject107,ankle,215,2.15
subject107,ankle,89,0.89
subject107,ankle,22,0.22
subject107,ankle,210,2.1
subject107,ankle,79,0.79
subject107,ankle,134,1.34
subject107,ankle,4,0.04
subject107,ankle,304,3.04
subject107,ankle,61,0.61
subject107,ankle,15,0.15
subject107,ankle,77,0.77
subject107,ankle,35,0.35
subject107,ankle,105,1.05
subject107,ankle,10,0.1
subject107,ankle,217,2.17
subject107,ankle,1,0.01
subject107,ankle,33,0.33
subject107,ankle,37,0.37
subject107,ankle,453,4.53
subject107,ankle,110,1.1
subject107,ankle,2,0.02
subject107,ankle,189,1.89
subject107,ankle,100,1.0
subject107,ankle,111,1.11
subject107,ankle,101,1.01
subject107,ankle,234,2.34
subject107,ankle,299,2.99
subject107,ankle,31,0.31
subject107,ankle,56,0.56
subject107,ankle,149,1.49
subject107,ankle,110,1.1
subject107,ankle,97,0.97
subject107,ankle,317,3.17
subject107,ankle,304,3.04
subject107,ankle,226,2.26
subject107,ankle,86,0.86
subject107,ankle,221,2.21
subject107,ankle,28,0.28
subject107,ankle,73,0.73
subject107,ankle,176,1.76
subject107,ankle,46,0.46
subject107,ankle,13,0.13
subject107,ankle,79,0.79
subject107,ankle,46,0.46
subject107,ankle,69,0.69
subject107,ankle,122,1.22
subject107,ankle,16,0.16
subject107,ankle,311,3.11
subject107,ankle,39,0.39
subject107,ankle,63,0.63
subject107,ankle,88,0.88
subject107,ankle,16,0.16
subject107,ankle,110,1.1
subject107,ankle,291,2.91
subject107,ankle,77,0.77
subject107,ankle,28,0.28
subject107,ankle,153,1.53
subject107,ankle,384,3.84
subject107,ankle,1,0.01
subject107,ankle,21,0.21
subject107,ankle,27,0.27
subject107,ankle,613,6.13
subject107,ankle,126,1.26
subject107,ankle,669,6.69
subject107,ankle,283,2.83
subject107,ankle,280,2.8
subject107,ankle,1959,19.59
subject107,ankle,315,3.15
subject107,ankle,565,5.65
subject107,ankle,2982,29.82
subject107,ankle,1059,10.59
subject107,ankle,1016,10.16
subject107,ankle,290,2.9
subject107,ankle,1233,12.33
subject107,ankle,94,0.94
subject107,ankle,83,0.83
subject107,ankle,684,6.84
subject107,ankle,319,3.19
subject107,ankle,1,0.01
subject107,ankle,55,0.55
subject107,ankle,487,4.87
subject107,ankle,107,1.07
subject107,ankle,654,6.54
subject107,ankle,14,0.14
subject107,ankle,91,0.91
subject107,ankle,2,0.02
subject107,ankle,120,1.2
subject107,ankle,33,0.33
subject107,ankle,196,1.96
subject107,ankle,131,1.31
subject107,ankle,72,0.72
subject107,ankle,31,0.31
subject107,ankle,2,0.02
subject107,ankle,67,0.67
subject107,ankle,15,0.15
subject107,ankle,123,1.23
subject107,ankle,8,0.08
subject107,ankle,62,0.62
subject107,ankle,145,1.45
subject107,ankle,106,1.06
subject107,ankle,39,0.39
subject107,ankle,97,0.97
subject107,ankle,19,0.19
subject107,ankle,72,0.72
subject107,ankle,19,0.19
subject107,ankle,77,0.77
subject107,ankle,11,0.11
subject107,ankle,10,0.1
subject107,ankle,10,0.1
subject107,ankle,15,0.15
subject107,ankle,55,0.55
subject107,ankle,85,0.85
subject107,ankle,37,0.37
subject107,ankle,6,0.06
subject107,ankle,16,0.16
subject107,ankle,71,0.71
subject107,ankle,128,1.28
subject107,ankle,137,1.37
subject107,ankle,64,0.64
subject107,ankle,8,0.08
subject107,ankle,54,0.54
subject107,ankle,61,0.61
subject107,ankle,1,0.01
subject107,ankle,12,0.12
subject107,ankle,17,0.17
subject107,ankle,244,2.44
subject107,ankle,232,2.32
subject107,ankle,39,0.39
subject107,ankle,2,0.02
subject107,ankle,4,0.04
subject107,ankle,3,0.03
subject107,ankle,94,0.94
subject107,ankle,26,0.26
subject107,ankle,1,0.01
subject107,ankle,33,0.33
subject107,ankle,59,0.59
subject107,ankle,212,2.12
subject107,ankle,24,0.24
subject107,ankle,3,0.03
subject107,ankle,61,0.61
subject107,ankle,115,1.15
subject107,ankle,15,0.15
subject107,ankle,116,1.16
subject107,ankle,11,0.11
subject107,ankle,102,1.02
subject107,ankle,83,0.83
subject107,ankle,15,0.15
subject107,ankle,90,0.9
subject107,ankle,131,1.31
subject107,ankle,2,0.02
subject107,ankle,121,1.21
subject107,ankle,110,1.1
subject107,ankle,2,0.02
subject107,ankle,91,0.91
subject107,ankle,7,0.07
subject107,ankle,85,0.85
subject107,ankle,5,0.05
subject107,ankle,13,0.13
subject107,ankle,13,0.13
subject107,ankle,77,0.77
subject107,ankle,22,0.22
subject107,ankle,10,0.1
subject107,ankle,5,0.05
subject107,ankle,199,1.99
subject107,ankle,7,0.07
subject107,ankle,1,0.01
subject107,ankle,4,0.04
subject107,ankle,80,0.8
subject107,ankle,120,1.2
subject107,ankle,4,0.04
subject107,ankle,60,0.6
subject107,ankle,27,0.27
subject107,ankle,10,0.1
subject107,ankle,20,0.2
subject107,ankle,84,0.84
subject107,ankle,14,0.14
subject107,ankle,5,0.05
subject107,ankle,14,0.14
subject107,ankle,78,0.78
subject107,ankle,25,0.25
subject107,ankle,2,0.02
subject107,ankle,93,0.93
subject107,ankle,660,6.6
subject107,ankle,132,1.32
subject107,ankle,367,3.67
subject107,ankle,127,1.27
subject107,ankle,22,0.22
subject107,ankle,244,2.44
subject107,ankle,1,0.01
subject107,ankle,62,0.62
subject107,ankle,15,0.15
subject107,ankle,30,0.3
subject107,ankle,10,0.1
subject107,ankle,201,2.01
subject107,ankle,120,1.2
subject107,ankle,345,3.45
subject107,ankle,139,1.39
subject107,ankle,546,5.46
subject107,ankle,6,0.06
subject107,ankle,121,1.21
subject107,ankle,137,1.37
subject107,ankle,433,4.33
subject107,ankle,85,0.85
subject107,ankle,389,3.89
subject107,ankle,705,7.05
subject107,ankle,191,1.91
subject107,ankle,251,2.51
subject107,ankle,507,5.07
subject107,ankle,1,0.01
subject107,ankle,36,0.36
subject107,ankle,346,3.46
subject107,ankle,117,1.17
subject107,ankle,55,0.55
subject107,ankle,5,0.05
subject107,ankle,232,2.32
subject107,ankle,67,0.67
subject107,ankle,27,0.27
subject107,ankle,85,0.85
subject107,ankle,5,0.05
subject107,ankle,139,1.39
subject107,ankle,979,9.79
subject107,ankle,460,4.6
subject107,ankle,13,0.13
subject107,ankle,220,2.2
subject107,ankle,106,1.06
subject107,ankle,8,0.08
subject107,ankle,87,0.87
subject107,ankle,22,0.22
subject107,ankle,18,0.18
subject107,ankle,97,0.97
subject107,ankle,27,0.27
subject107,ankle,269,2.69
subject107,ankle,19,0.19
subject107,ankle,325,3.25
subject107,ankle,13,0.13
subject107,ankle,162,1.62
subject107,ankle,162,1.62
subject107,ankle,129,1.29
subject107,ankle,95,0.95
subject107,ankle,4,0.04
subject107,ankle,97,0.97
subject107,ankle,138,1.38
subject107,ankle,88,0.88
subject107,ankle,90,0.9
subject107,ankle,365,3.65
subject107,ankle,2,0.02
subject107,ankle,194,1.94
subject107,ankle,133,1.33
subject107,ankle,1,0.01
subject107,ankle,29,0.29
subject107,ankle,61,0.61
subject107,ankle,18,0.18
subject107,ankle,435,4.35
subject107,ankle,19,0.19
subject107,ankle,9,0.09
subject107,ankle,72,0.72
subject107,ankle,357,3.57
subject107,ankle,80,0.8
subject107,ankle,140,1.4
subject107,ankle,23,0.23
subject107,ankle,87,0.87
subject107,ankle,8,0.08
subject107,ankle,4,0.04
subject107,ankle,2,0.02
subject107,ankle,91,0.91
subject107,ankle,1,0.01
subject107,ankle,18,0.18
subject107,ankle,36,0.36
subject107,ankle,641,6.41
subject107,ankle,221,2.21
subject107,ankle,1,0.01
subject107,ankle,306,3.06
subject107,ankle,241,2.41
subject107,ankle,349,3.49
subject107,ankle,435,4.35
subject107,ankle,220,2.2
subject107,ankle,29,0.29
subject107,ankle,320,3.2
subject107,ankle,98,0.98
subject107,ankle,154,1.54
subject107,ankle,94,0.94
subject107,ankle,9,0.09
subject107,ankle,95,0.95
subject107,ankle,95,0.95
subject107,ankle,108,1.08
subject107,ankle,434,4.34
subject107,ankle,105,1.05
subject107,ankle,244,2.44
subject107,ankle,157,1.57
subject107,ankle,101,1.01
subject107,ankle,569,5.69
subject107,ankle,596,5.96
subject107,ankle,391,3.91
subject107,ankle,608,6.08
subject107,ankle,316,3.16
subject107,ankle,800,8.0
subject107,ankle,33,0.33
subject107,ankle,82,0.82
subject107,ankle,189,1.89
subject107,ankle,1,0.01
subject107,ankle,76,0.76
subject107,ankle,42,0.42
subject107,ankle,1268,12.68
subject107,ankle,33,0.33
subject107,ankle,497,4.97
subject107,ankle,106,1.06
subject107,ankle,527,5.27
subject107,ankle,101,1.01
subject107,ankle,7,0.07
subject107,ankle,1182,11.82
subject107,ankle,149,1.49
subject107,ankle,184,1.84
subject107,ankle,284,2.84
subject107,ankle,466,4.66
subject107,ankle,180,1.8
subject107,ankle,57,0.57
subject107,ankle,99,0.99
subject107,ankle,236,2.36
subject107,ankle,38,0.38
subject107,ankle,658,6.58
subject107,ankle,59,0.59
subject107,ankle,9,0.09
subject107,ankle,22,0.22
subject107,ankle,135,1.35
subject107,ankle,3,0.03
subject107,ankle,257,2.57
subject107,ankle,307,3.07
subject107,ankle,126,1.26
subject107,ankle,877,8.77
subject107,ankle,124,1.24
subject107,ankle,1473,14.73
subject107,ankle,236,2.36
subject107,ankle,264,2.64
subject107,ankle,11,0.11
subject107,ankle,78,0.78
subject107,ankle,21,0.21
subject107,ankle,2,0.02
subject107,ankle,125,1.25
subject107,ankle,639,6.39
subject107,ankle,230,2.3
subject107,ankle,457,4.57
subject107,ankle,19,0.19
subject107,ankle,30,0.3
subject107,ankle,297,2.97
subject107,ankle,120,1.2
subject107,ankle,98,0.98
subject107,ankle,257,2.57
subject107,ankle,231,2.31
subject107,ankle,982,9.82
subject107,ankle,488,4.88
subject107,ankle,13,0.13
subject107,ankle,450,4.5
subject107,ankle,125,1.25
subject107,ankle,881,8.81
subject107,ankle,6,0.06
subject107,ankle,605,6.05
subject107,ankle,31,0.31
subject107,ankle,198,1.98
subject107,ankle,586,5.86
subject107,ankle,839,8.39
subject107,ankle,23,0.23
subject107,ankle,633,6.33
subject107,ankle,3,0.03
subject107,ankle,254,2.54
subject107,ankle,97,0.97
subject107,ankle,6,0.06
subject107,ankle,79,0.79
subject107,ankle,227,2.27
subject107,ankle,14,0.14
subject107,ankle,163,1.63
subject107,ankle,40,0.4
subject107,ankle,438,4.38
subject107,ankle,214,2.14
subject107,ankle,115,1.15
subject107,ankle,282,2.82
subject107,ankle,291,2.91
subject107,ankle,100,1.0
subject107,ankle,54,0.54
subject107,ankle,737,7.37
subject107,ankle,146,1.46
subject107,ankle,3,0.03
subject107,ankle,1797,17.97
subject107,ankle,91,0.91
subject107,ankle,222,2.22
subject107,ankle,254,2.54
subject107,ankle,231,2.31
subject107,ankle,268,2.68
subject107,ankle,119,1.19
subject107,ankle,89,0.89
subject107,ankle,86,0.86
subject107,ankle,240,2.4
subject107,ankle,780,7.8
subject107,ankle,505,5.05
subject107,ankle,19,0.19
subject107,ankle,20,0.2
subject107,ankle,19,0.19
subject107,ankle,62,0.62
subject107,ankle,185,1.85
subject107,ankle,2,0.02
subject107,ankle,1476,14.76
subject107,ankle,97,0.97
subject107,ankle,70,0.7
subject107,ankle,62,0.62
subject107,ankle,80,0.8
subject107,ankle,66,0.66
subject107,ankle,119,1.19
subject107,ankle,21,0.21
subject107,ankle,283,2.83
subject107,ankle,48,0.48
subject107,ankle,414,4.14
subject107,ankle,1315,13.15
subject107,ankle,10,0.1
subject107,ankle,602,6.02
subject107,ankle,863,8.63
subject107,ankle,12,0.12
subject107,ankle,287,2.87
subject107,ankle,66,0.66
subject107,ankle,41,0.41
subject107,ankle,1667,16.67
subject107,ankle,46,0.46
subject107,ankle,2,0.02
subject107,ankle,25,0.25
subject107,ankle,595,5.95
subject107,ankle,648,6.48
subject107,ankle,2,0.02
subject107,ankle,212,2.12
subject107,ankle,72,0.72
subject107,ankle,140,1.4
subject107,ankle,4,0.04
subject107,ankle,5,0.05
subject107,ankle,60,0.6
subject107,ankle,9,0.09
subject107,ankle,129,1.29
subject107,ankle,131,1.31
subject107,ankle,39,0.39
subject107,ankle,49,0.49
subject107,ankle,49,0.49
subject107,ankle,157,1.57
subject107,ankle,63,0.63
subject107,ankle,61,0.61
subject107,ankle,3,0.03
subject107,ankle,14,0.14
subject107,ankle,59,0.59
subject107,ankle,6,0.06
subject107,ankle,23,0.23
subject107,ankle,41,0.41
subject107,ankle,195,1.95
subject107,ankle,5,0.05
subject107,ankle,44,0.44
subject107,ankle,23,0.23
subject107,ankle,11,0.11
subject107,ankle,3,0.03
subject107,ankle,70,0.7
subject107,ankle,23,0.23
subject108,hand,215,2.15
subject108,hand,23875,238.75
subject108,hand,3406,34.06
subject108,hand,416,4.16
subject108,hand,536,5.36
subject108,hand,1375,13.75
subject108,hand,541,5.41
subject108,hand,26,0.26
subject108,hand,8175,81.75
subject108,hand,1366,13.66
subject108,hand,11570,115.7
subject108,hand,655,6.55
subject108,hand,2858,28.58
subject108,hand,5279,52.79
subject108,hand,6441,64.41
subject108,hand,791,7.91
subject108,hand,813,8.13
subject108,hand,441,4.41
subject108,hand,3332,33.32
subject108,hand,3298,32.98
subject108,hand,2295,22.95
subject108,hand,10,0.1
subject108,hand,12,0.12
subject108,hand,1878,18.78
subject108,hand,2334,23.34
subject108,hand,1161,11.61
subject108,hand,130,1.3
subject108,hand,675,6.75
subject108,hand,2058,20.58
subject108,hand,678,6.78
subject108,hand,3567,35.67
subject108,hand,290,2.9
subject108,hand,2294,22.94
subject108,hand,1406,14.06
subject108,hand,3714,37.14
subject108,hand,203,2.03
subject108,hand,2930,29.3
subject108,hand,1,0.01
subject108,hand,1053,10.53
subject108,hand,2005,20.05
subject108,hand,3171,31.71
subject108,hand,14,0.14
subject108,hand,179,1.79
subject108,hand,537,5.37
subject108,hand,1938,19.38
subject108,hand,2822,28.22
subject108,hand,2161,21.61
subject108,hand,24,0.24
subject108,hand,4445,44.45
subject108,hand,2493,24.93
subject108,hand,4202,42.02
subject108,hand,196,1.96
subject108,hand,439,4.39
subject108,hand,3737,37.37
subject108,hand,2112,21.12
subject108,hand,57,0.57
subject108,hand,4225,42.25
subject108,hand,3319,33.19
subject108,hand,374,3.74
subject108,hand,586,5.86
subject108,hand,593,5.93
subject108,hand,509,5.09
subject108,hand,1,0.01
subject108,hand,122,1.22
subject108,hand,132,1.32
subject108,hand,40,0.4
subject108,hand,1998,19.98
subject108,hand,29,0.29
subject108,hand,69,0.69
subject108,hand,23,0.23
subject108,hand,573,5.73
subject108,hand,649,6.49
subject108,hand,81,0.81
subject108,hand,2,0.02
subject108,hand,2,0.02
subject108,hand,104,1.04
subject108,hand,19,0.19
subject108,hand,253,2.53
subject108,hand,357,3.57
subject108,hand,92,0.92
subject108,hand,617,6.17
subject108,hand,637,6.37
subject108,hand,1745,17.45
subject108,hand,397,3.97
subject108,hand,3061,30.61
subject108,hand,275,2.75
subject108,hand,13718,137.18
subject108,hand,2611,26.11
subject108,hand,3148,31.48
subject108,hand,557,5.57
subject108,hand,10641,106.41
subject108,hand,4,0.04
subject108,hand,13,0.13
subject108,hand,13787,137.87
subject108,hand,2685,26.85
subject108,hand,2120,21.2
subject108,hand,684,6.84
subject108,hand,439,4.39
subject108,hand,26,0.26
subject108,hand,956,9.56
subject108,hand,803,8.03
subject108,hand,5020,50.2
subject108,hand,3993,39.93
subject108,hand,224,2.24
subject108,hand,5,0.05
subject108,hand,244,2.44
subject108,hand,294,2.94
subject108,hand,135,1.35
subject108,hand,354,3.54
subject108,hand,3218,32.18
subject108,hand,3,0.03
subject108,hand,123,1.23
subject108,hand,6,0.06
subject108,hand,4,0.04
subject108,hand,5,0.05
subject108,hand,104,1.04
subject108,hand,3,0.03
subject108,hand,125,1.25
subject108,hand,199,1.99
subject108,hand,124,1.24
subject108,hand,171,1.71
subject108,hand,110,1.1
subject108,hand,126,1.26
subject108,hand,90,0.9
subject108,hand,32,0.32
subject108,hand,184,1.84
subject108,hand,6,0.06
subject108,hand,213,2.13
subject108,hand,240,2.4
subject108,hand,158,1.58
subject108,hand,26,0.26
subject108,hand,1,0.01
subject108,hand,6,0.06
subject108,hand,2,0.02
subject108,hand,90,0.9
subject108,hand,25,0.25
subject108,hand,3,0.03
subject108,hand,50,0.5
subject108,hand,134,1.34
subject108,hand,27,0.27
subject108,hand,87,0.87
subject108,hand,193,1.93
subject108,hand,218,2.18
subject108,hand,38,0.38
subject108,hand,402,4.02
subject108,hand,236,2.36
subject108,hand,74,0.74
subject108,hand,141,1.41
subject108,hand,63,0.63
subject108,hand,39,0.39
subject108,hand,80,0.8
subject108,hand,2,0.02
subject108,hand,1,0.01
subject108,hand,218,2.18
subject108,hand,84,0.84
subject108,hand,9,0.09
subject108,hand,22,0.22
subject108,hand,3,0.03
subject108,hand,80,0.8
subject108,hand,11,0.11
subject108,hand,3,0.03
subject108,hand,4,0.04
subject108,hand,6,0.06
subject108,hand,87,0.87
subject108,hand,94,0.94
subject108,hand,1,0.01
subject108,hand,21,0.21
subject108,hand,188,1.88
subject108,hand,5,0.05
subject108,hand,4,0.04
subject108,hand,195,1.95
subject108,hand,2,0.02
subject108,hand,33,0.33
subject108,hand,195,1.95
subject108,hand,119,1.19
subject108,hand,85,0.85
subject108,hand,12,0.12
subject108,hand,78,0.78
subject108,hand,33,0.33
subject108,hand,70,0.7
subject108,hand,9,0.09
subject108,hand,1,0.01
subject108,hand,6,0.06
subject108,hand,84,0.84
subject108,hand,1,0.01
subject108,hand,16,0.16
subject108,hand,116,1.16
subject108,hand,90,0.9
subject108,hand,108,1.08
subject108,hand,7,0.07
subject108,hand,120,1.2
subject108,hand,74,0.74
subject108,hand,18,0.18
subject108,hand,83,0.83
subject108,hand,12,0.12
subject108,hand,23,0.23
subject108,hand,178,1.78
subject108,hand,2,0.02
subject108,hand,124,1.24
subject108,hand,91,0.91
subject108,hand,104,1.04
subject108,hand,136,1.36
subject108,hand,116,1.16
subject108,hand,3,0.03
subject108,hand,34,0.34
subject108,hand,4,0.04
subject108,hand,22,0.22
subject108,hand,10,0.1
subject108,hand,3,0.03
subject108,hand,51,0.51
subject108,hand,40,0.4
subject108,hand,29,0.29
subject108,hand,31,0.31
subject108,hand,51,0.51
subject108,hand,19,0.19
subject108,hand,623,6.23
subject108,hand,442,4.42
subject108,hand,466,4.66
subject108,hand,5,0.05
subject108,hand,22,0.22
subject108,hand,49,0.49
subject108,hand,209,2.09
subject108,hand,543,5.43
subject108,hand,3,0.03
subject108,hand,7,0.07
subject108,hand,191,1.91
subject108,hand,121,1.21
subject108,hand,11,0.11
subject108,hand,108,1.08
subject108,hand,80,0.8
subject108,hand,15,0.15
subject108,hand,103,1.03
subject108,hand,12,0.12
subject108,hand,222,2.22
subject108,hand,96,0.96
subject108,hand,3,0.03
subject108,hand,220,2.2
subject108,hand,318,3.18
subject108,hand,19,0.19
subject108,hand,70,0.7
subject108,hand,17,0.17
subject108,hand,88,0.88
subject108,hand,108,1.08
subject108,hand,143,1.43
subject108,hand,8,0.08
subject108,hand,36,0.36
subject108,hand,27,0.27
subject108,hand,4,0.04
subject108,hand,11,0.11
subject108,hand,4,0.04
subject108,hand,1,0.01
subject108,hand,5,0.05
subject108,hand,82,0.82
subject108,hand,20,0.2
subject108,hand,36,0.36
subject108,hand,52,0.52
subject108,hand,1,0.01
subject108,hand,196,1.96
subject108,hand,2,0.02
subject108,hand,12,0.12
subject108,hand,2,0.02
subject108,hand,15,0.15
subject108,hand,1,0.01
subject108,hand,72,0.72
subject108,hand,11,0.11
subject108,hand,1,0.01
subject108,hand,1,0.01
subject108,hand,1,0.01
subject108,hand,6,0.06
subject108,hand,8,0.08
subject108,hand,64,0.64
subject108,hand,6,0.06
subject108,hand,140,1.4
subject108,hand,73,0.73
subject108,hand,12,0.12
subject108,hand,16,0.16
subject108,hand,72,0.72
subject108,hand,36,0.36
subject108,hand,73,0.73
subject108,hand,97,0.97
subject108,hand,6,0.06
subject108,hand,39,0.39
subject108,hand,197,1.97
subject108,hand,86,0.86
subject108,hand,113,1.13
subject108,hand,225,2.25
subject108,hand,14,0.14
subject108,hand,81,0.81
subject108,hand,11,0.11
subject108,hand,9,0.09
subject108,hand,85,0.85
subject108,hand,2,0.02
subject108,hand,875,8.75
subject108,hand,202,2.02
subject108,hand,214,2.14
subject108,hand,126,1.26
subject108,hand,17,0.17
subject108,hand,1,0.01
subject108,hand,92,0.92
subject108,hand,1,0.01
subject108,hand,1,0.01
subject108,hand,2,0.02
subject108,hand,7,0.07
subject108,hand,83,0.83
subject108,hand,8,0.08
subject108,hand,109,1.09
subject108,hand,104,1.04
subject108,hand,95,0.95
subject108,hand,27,0.27
subject108,hand,292,2.92
subject108,hand,233,2.33
subject108,hand,292,2.92
subject108,hand,300,3.0
subject108,hand,372,3.72
subject108,hand,197,1.97
subject108,hand,345,3.45
subject108,hand,111,1.11
subject108,hand,26,0.26
subject108,hand,40,0.4
subject108,hand,47,0.47
subject108,hand,3,0.03
subject108,hand,91,0.91
subject108,hand,100,1.0
subject108,hand,14,0.14
subject108,hand,2,0.02
subject108,hand,50,0.5
subject108,hand,1,0.01
subject108,hand,1,0.01
subject108,hand,3,0.03
subject108,hand,113,1.13
subject108,hand,6,0.06
subject108,hand,113,1.13
subject108,hand,204,2.04
subject108,hand,16,0.16
subject108,hand,88,0.88
subject108,hand,1,0.01
subject108,hand,2,0.02
subject108,hand,15,0.15
subject108,hand,12,0.12
subject108,hand,81,0.81
subject108,hand,107,1.07
subject108,hand,8,0.08
subject108,hand,6,0.06
subject108,hand,70,0.7
subject108,hand,15,0.15
subject108,hand,3,0.03
subject108,hand,84,0.84
subject108,hand,6,0.06
subject108,hand,14,0.14
subject108,hand,7,0.07
subject108,hand,329,3.29
subject108,hand,397,3.97
subject108,hand,204,2.04
subject108,hand,2,0.02
subject108,hand,5,0.05
subject108,hand,18,0.18
subject108,hand,3,0.03
subject108,hand,76,0.76
subject108,hand,15,0.15
subject108,hand,8,0.08
subject108,hand,76,0.76
subject108,hand,5,0.05
subject108,hand,9,0.09
subject108,hand,16,0.16
subject108,hand,78,0.78
subject108,hand,1,0.01
subject108,hand,1,0.01
subject108,hand,120,1.2
subject108,hand,90,0.9
subject108,hand,133,1.33
subject108,hand,28,0.28
subject108,hand,154,1.54
subject108,hand,4,0.04
subject108,hand,5,0.05
subject108,hand,3,0.03
subject108,hand,3,0.03
subject108,hand,5,0.05
subject108,hand,13,0.13
subject108,hand,85,0.85
subject108,hand,21,0.21
subject108,hand,87,0.87
subject108,hand,11,0.11
subject108,hand,206,2.06
subject108,hand,14,0.14
subject108,hand,45,0.45
subject108,hand,8,0.08
subject108,hand,4,0.04
subject108,hand,28,0.28
subject108,hand,28,0.28
subject108,hand,26,0.26
subject108,hand,12,0.12
subject108,hand,22,0.22
subject108,hand,23,0.23
subject108,hand,41,0.41
subject108,hand,39,0.39
subject108,hand,114,1.14
subject108,hand,17,0.17
subject108,hand,1,0.01
subject108,hand,70,0.7
subject108,hand,105,1.05
subject108,hand,16,0.16
subject108,hand,12,0.12
subject108,hand,85,0.85
subject108,hand,103,1.03
subject108,hand,14,0.14
subject108,hand,111,1.11
subject108,hand,6,0.06
subject108,hand,75,0.75
subject108,hand,4,0.04
subject108,hand,10,0.1
subject108,hand,110,1.1
subject108,hand,96,0.96
subject108,hand,91,0.91
subject108,hand,21,0.21
subject108,hand,172,1.72
subject108,hand,386,3.86
subject108,hand,179,1.79
subject108,hand,114,1.14
subject108,hand,90,0.9
subject108,hand,108,1.08
subject108,hand,11,0.11
subject108,hand,85,0.85
subject108,hand,5,0.05
subject108,hand,82,0.82
subject108,hand,36,0.36
subject108,hand,15,0.15
subject108,hand,6,0.06
subject108,hand,390,3.9
subject108,hand,113,1.13
subject108,hand,7,0.07
subject108,hand,88,0.88
subject108,hand,19,0.19
subject108,hand,104,1.04
subject108,hand,91,0.91
subject108,hand,55,0.55
subject108,hand,62,0.62
subject108,hand,94,0.94
subject108,hand,93,0.93
subject108,hand,12,0.12
subject108,hand,97,0.97
subject108,hand,10,0.1
subject108,hand,98,0.98
subject108,hand,22,0.22
subject108,hand,78,0.78
subject108,hand,5,0.05
subject108,hand,12,0.12
subject108,hand,6,0.06
subject108,hand,37,0.37
subject108,hand,54,0.54
subject108,hand,34,0.34
subject108,hand,56,0.56
subject108,hand,44,0.44
subject108,hand,104,1.04
subject108,hand,73,0.73
subject108,hand,27,0.27
subject108,hand,1,0.01
subject108,hand,26,0.26
subject108,hand,145,1.45
subject108,hand,23,0.23
subject108,hand,88,0.88
subject108,hand,136,1.36
subject108,hand,2,0.02
subject108,hand,78,0.78
subject108,hand,18,0.18
subject108,hand,1,0.01
subject108,hand,1,0.01
subject108,hand,5,0.05
subject108,hand,66,0.66
subject108,hand,16,0.16
subject108,hand,1,0.01
subject108,hand,77,0.77
subject108,hand,50,0.5
subject108,hand,46,0.46
subject108,hand,24,0.24
subject108,hand,100,1.0
subject108,hand,320,3.2
subject108,hand,100,1.0
subject108,hand,219,2.19
subject108,hand,209,2.09
subject108,hand,2,0.02
subject108,hand,36,0.36
subject108,hand,69,0.69
subject108,hand,47,0.47
subject108,hand,51,0.51
subject108,hand,4,0.04
subject108,hand,133,1.33
subject108,hand,77,0.77
subject108,hand,5,0.05
subject108,hand,197,1.97
subject108,hand,144,1.44
subject108,hand,76,0.76
subject108,hand,3,0.03
subject108,hand,31,0.31
subject108,hand,4,0.04
subject108,hand,1608,16.08
subject108,hand,419,4.19
subject108,hand,1660,16.6
subject108,hand,710,7.1
subject108,hand,286,2.86
subject108,hand,425,4.25
subject108,hand,1171,11.71
subject108,hand,1,0.01
subject108,hand,224,2.24
subject108,hand,581,5.81
subject108,hand,10,0.1
subject108,hand,12,0.12
subject108,hand,1,0.01
subject108,hand,414,4.14
subject108,hand,2580,25.8
subject108,hand,242,2.42
subject108,hand,47,0.47
subject108,hand,56,0.56
subject108,hand,6,0.06
subject108,hand,131,1.31
subject108,hand,2,0.02
subject108,hand,40,0.4
subject108,hand,392,3.92
subject108,hand,60,0.6
subject108,hand,14,0.14
subject108,hand,78,0.78
subject108,hand,4,0.04
subject108,hand,94,0.94
subject108,hand,431,4.31
subject108,hand,52,0.52
subject108,hand,184,1.84
subject108,hand,338,3.38
subject108,hand,21,0.21
subject108,hand,956,9.56
subject108,hand,14513,145.13
subject108,hand,7899,78.99
subject108,hand,1245,12.45
subject108,hand,1800,18.0
subject108,hand,2,0.02
subject108,hand,134,1.34
subject108,hand,2518,25.18
subject108,hand,1890,18.9
subject108,hand,2703,27.03
subject108,hand,4292,42.92
subject108,hand,37,0.37
subject108,hand,250,2.5
subject108,hand,60,0.6
subject108,hand,36,0.36
subject108,hand,12,0.12
subject108,hand,10,0.1
subject108,hand,64,0.64
subject108,hand,15,0.15
subject108,hand,84,0.84
subject108,hand,50,0.5
subject108,hand,917,9.17
subject108,hand,210,2.1
subject108,hand,282,2.82
subject108,hand,239,2.39
subject108,hand,917,9.17
subject108,hand,920,9.2
subject108,hand,541,5.41
subject108,hand,491,4.91
subject108,hand,431,4.31
subject108,hand,15,0.15
subject108,hand,1417,14.17
subject108,hand,21,0.21
subject108,hand,805,8.05
subject108,hand,48,0.48
subject108,hand,122,1.22
subject108,hand,1023,10.23
subject108,hand,105,1.05
subject108,hand,299,2.99
subject108,hand,504,5.04
subject108,hand,13,0.13
subject108,hand,612,6.12
subject108,hand,172,1.72
subject108,hand,94,0.94
subject108,hand,575,5.75
subject108,hand,374,3.74
subject108,hand,201,2.01
subject108,hand,871,8.71
subject108,hand,365,3.65
subject108,hand,550,5.5
subject108,hand,330,3.3
subject108,hand,252,2.52
subject108,hand,3,0.03
subject108,hand,343,3.43
subject108,hand,104,1.04
subject108,hand,59,0.59
subject108,hand,31,0.31
subject108,hand,245,2.45
subject108,hand,1471,14.71
subject108,hand,33,0.33
subject108,hand,107,1.07
subject108,hand,79,0.79
subject108,hand,628,6.28
subject108,hand,319,3.19
subject108,hand,14,0.14
subject108,hand,326,3.26
subject108,hand,335,3.35
subject108,hand,215,2.15
subject108,hand,218,2.18
subject108,hand,1,0.01
subject108,hand,103,1.03
subject108,hand,450,4.5
subject108,hand,579,5.79
subject108,hand,236,2.36
subject108,hand,126,1.26
subject108,hand,816,8.16
subject108,hand,16,0.16
subject108,hand,243,2.43
subject108,hand,197,1.97
subject108,hand,807,8.07
subject108,hand,287,2.87
subject108,hand,165,1.65
subject108,hand,440,4.4
subject108,hand,116,1.16
subject108,hand,553,5.53
subject108,hand,6,0.06
subject108,hand,129,1.29
subject108,hand,449,4.49
subject108,hand,82,0.82
subject108,hand,9,0.09
subject108,hand,451,4.51
subject108,hand,35,0.35
subject108,hand,195,1.95
subject108,hand,149,1.49
subject108,hand,196,1.96
subject108,hand,444,4.44
subject108,hand,100,1.0
subject108,hand,441,4.41
subject108,hand,228,2.28
subject108,hand,97,0.97
subject108,hand,114,1.14
subject108,hand,41,0.41
subject108,hand,456,4.56
subject108,hand,47,0.47
subject108,hand,282,2.82
subject108,hand,707,7.07
subject108,hand,394,3.94
subject108,hand,161,1.61
subject108,hand,65,0.65
subject108,hand,271,2.71
subject108,hand,214,2.14
subject108,hand,641,6.41
subject108,hand,287,2.87
subject108,hand,53,0.53
subject108,hand,10,0.1
subject108,hand,85,0.85
subject108,hand,36,0.36
subject108,hand,211,2.11
subject108,hand,30,0.3
subject108,hand,75,0.75
subject108,hand,11,0.11
subject108,hand,132,1.32
subject108,hand,16,0.16
subject108,hand,344,3.44
subject108,hand,50,0.5
subject108,hand,1155,11.55
subject108,hand,99,0.99
subject108,hand,312,3.12
subject108,hand,7,0.07
subject108,hand,1831,18.31
subject108,hand,35,0.35
subject108,hand,114,1.14
subject108,hand,7,0.07
subject108,hand,422,4.22
subject108,hand,66,0.66
subject108,hand,834,8.34
subject108,hand,1,0.01
subject108,hand,8,0.08
subject108,hand,1410,14.1
subject108,hand,500,5.0
subject108,hand,512,5.12
subject108,hand,1,0.01
subject108,hand,1564,15.64
subject108,hand,314,3.14
subject108,hand,13,0.13
subject108,hand,112,1.12
subject108,hand,114,1.14
subject108,hand,7,0.07
subject108,hand,498,4.98
subject108,hand,23,0.23
subject108,hand,553,5.53
subject108,hand,55,0.55
subject108,hand,266,2.66
subject108,hand,74,0.74
subject108,hand,10,0.1
subject108,hand,13,0.13
subject108,hand,80,0.8
subject108,hand,84,0.84
subject108,hand,131,1.31
subject108,hand,11,0.11
subject108,hand,64,0.64
subject108,hand,165,1.65
subject108,hand,16,0.16
subject108,hand,35,0.35
subject108,hand,106,1.06
subject108,hand,490,4.9
subject108,hand,12,0.12
subject108,hand,260,2.6
subject108,hand,286,2.86
subject108,hand,102,1.02
subject108,hand,65,0.65
subject108,hand,157,1.57
subject108,hand,74,0.74
subject108,hand,245,2.45
subject108,hand,163,1.63
subject108,hand,9,0.09
subject108,hand,230,2.3
subject108,hand,82,0.82
subject108,hand,76,0.76
subject108,hand,4,0.04
subject108,hand,62,0.62
subject108,hand,84,0.84
subject108,hand,1,0.01
subject108,hand,13,0.13
subject108,hand,2,0.02
subject108,hand,6,0.06
subject108,hand,79,0.79
subject108,hand,74,0.74
subject108,hand,160,1.6
subject108,hand,150,1.5
subject108,hand,2,0.02
subject108,hand,72,0.72
subject108,hand,64,0.64
subject108,hand,16,0.16
subject108,hand,116,1.16
subject108,hand,41,0.41
subject108,hand,5,0.05
subject108,hand,7,0.07
subject108,hand,144,1.44
subject108,hand,1,0.01
subject108,hand,14,0.14
subject108,hand,54,0.54
subject108,hand,3,0.03
subject108,hand,6,0.06
subject108,hand,1,0.01
subject108,hand,4,0.04
subject108,hand,60,0.6
subject108,hand,316,3.16
subject108,hand,4,0.04
subject108,hand,158,1.58
subject108,hand,5,0.05
subject108,hand,70,0.7
subject108,hand,2,0.02
subject108,hand,72,0.72
subject108,hand,1,0.01
subject108,hand,2,0.02
subject108,hand,2,0.02
subject108,hand,226,2.26
subject108,hand,3,0.03
subject108,hand,73,0.73
subject108,hand,15,0.15
subject108,hand,76,0.76
subject108,hand,4,0.04
subject108,hand,75,0.75
subject108,hand,227,2.27
subject108,hand,208,2.08
subject108,hand,30,0.3
subject108,hand,84,0.84
subject108,hand,391,3.91
subject108,hand,114,1.14
subject108,hand,32,0.32
subject108,hand,303,3.03
subject108,hand,103,1.03
subject108,hand,80,0.8
subject108,hand,584,5.84
subject108,hand,65,0.65
subject108,hand,67,0.67
subject108,hand,236,2.36
subject108,hand,265,2.65
subject108,hand,526,5.26
subject108,hand,82,0.82
subject108,hand,73,0.73
subject108,hand,165,1.65
subject108,hand,62,0.62
subject108,hand,3,0.03
subject108,hand,107,1.07
subject108,hand,125,1.25
subject108,hand,30,0.3
subject108,hand,53,0.53
subject108,hand,14,0.14
subject108,hand,1,0.01
subject108,hand,561,5.61
subject108,hand,60,0.6
subject108,hand,18,0.18
subject108,hand,114,1.14
subject108,hand,73,0.73
subject108,hand,3,0.03
subject108,hand,13,0.13
subject108,hand,115,1.15
subject108,hand,92,0.92
subject108,hand,8,0.08
subject108,hand,4,0.04
subject108,hand,8,0.08
subject108,hand,4,0.04
subject108,hand,37,0.37
subject108,hand,22,0.22
subject108,hand,75,0.75
subject108,hand,47,0.47
subject108,hand,107,1.07
subject108,hand,23,0.23
subject108,hand,141,1.41
subject108,hand,1,0.01
subject108,hand,7,0.07
subject108,hand,1,0.01
subject108,hand,33,0.33
subject108,hand,147,1.47
subject108,hand,33,0.33
subject108,hand,66,0.66
subject108,hand,15,0.15
subject108,hand,77,0.77
subject108,hand,80,0.8
subject108,hand,73,0.73
subject108,hand,7,0.07
subject108,hand,10,0.1
subject108,hand,56,0.56
subject108,hand,1,0.01
subject108,hand,2,0.02
subject108,hand,1,0.01
subject108,hand,74,0.74
subject108,hand,77,0.77
subject108,hand,76,0.76
subject108,hand,14,0.14
subject108,hand,47,0.47
subject108,hand,32,0.32
subject108,hand,65,0.65
subject108,hand,70,0.7
subject108,hand,3,0.03
subject108,hand,4,0.04
subject108,hand,64,0.64
subject108,hand,2,0.02
subject108,hand,6,0.06
subject108,hand,5,0.05
subject108,hand,63,0.63
subject108,hand,2,0.02
subject108,hand,6,0.06
subject108,hand,4,0.04
subject108,hand,64,0.64
subject108,hand,73,0.73
subject108,hand,83,0.83
subject108,hand,75,0.75
subject108,hand,1700,17.0
subject108,hand,313,3.13
subject108,hand,629,6.29
subject108,hand,31,0.31
subject108,hand,205,2.05
subject108,hand,240,2.4
subject108,hand,302,3.02
subject108,hand,4,0.04
subject108,hand,1,0.01
subject108,hand,492,4.92
subject108,hand,434,4.34
subject108,hand,239,2.39
subject108,hand,7,0.07
subject108,hand,563,5.63
subject108,hand,75,0.75
subject108,hand,48,0.48
subject108,hand,45,0.45
subject108,hand,4,0.04
subject108,hand,1,0.01
subject108,hand,12,0.12
subject108,hand,1587,15.87
subject108,hand,1,0.01
subject108,hand,26,0.26
subject108,hand,1,0.01
subject108,hand,54,0.54
subject108,hand,1,0.01
subject108,hand,1,0.01
subject108,hand,52,0.52
subject108,hand,3,0.03
subject108,hand,378,3.78
subject108,hand,22,0.22
subject108,hand,72,0.72
subject108,hand,116,1.16
subject108,hand,125,1.25
subject108,hand,3,0.03
subject108,hand,177,1.77
subject108,hand,101,1.01
subject108,hand,186,1.86
subject108,hand,28,0.28
subject108,hand,30,0.3
subject108,hand,2,0.02
subject108,hand,61,0.61
subject108,hand,69,0.69
subject108,hand,1289,12.89
subject108,hand,80,0.8
subject108,hand,184,1.84
subject108,hand,206,2.06
subject108,hand,146,1.46
subject108,hand,636,6.36
subject108,hand,236,2.36
subject108,hand,15,0.15
subject108,hand,36,0.36
subject108,hand,62,0.62
subject108,hand,24,0.24
subject108,hand,45,0.45
subject108,hand,18,0.18
subject108,hand,153,1.53
subject108,hand,77,0.77
subject108,hand,56,0.56
subject108,hand,115,1.15
subject108,hand,1124,11.24
subject108,hand,22,0.22
subject108,hand,121,1.21
subject108,hand,36,0.36
subject108,hand,341,3.41
subject108,hand,254,2.54
subject108,hand,263,2.63
subject108,hand,14,0.14
subject108,hand,12,0.12
subject108,hand,15,0.15
subject108,hand,144,1.44
subject108,hand,194,1.94
subject108,hand,29,0.29
subject108,hand,94,0.94
subject108,hand,142,1.42
subject108,hand,10,0.1
subject108,hand,1,0.01
subject108,hand,4,0.04
subject108,hand,84,0.84
subject108,hand,29,0.29
subject108,hand,138,1.38
subject108,hand,2,0.02
subject108,hand,7,0.07
subject108,hand,115,1.15
subject108,hand,308,3.08
subject108,hand,176,1.76
subject108,hand,9,0.09
subject108,hand,59,0.59
subject108,hand,90,0.9
subject108,hand,112,1.12
subject108,hand,507,5.07
subject108,hand,2636,26.36
subject108,hand,124,1.24
subject108,hand,34,0.34
subject108,hand,27,0.27
subject108,hand,9,0.09
subject108,hand,4,0.04
subject108,hand,29,0.29
subject108,hand,34,0.34
subject108,hand,10,0.1
subject108,hand,5,0.05
subject108,hand,6,0.06
subject108,hand,3,0.03
subject108,hand,6,0.06
subject108,hand,7,0.07
subject108,hand,39,0.39
subject108,hand,127,1.27
subject108,hand,294,2.94
subject108,hand,55,0.55
subject108,hand,1032,10.32
subject108,hand,63,0.63
subject108,hand,54,0.54
subject108,hand,228,2.28
subject108,hand,10,0.1
subject108,hand,62,0.62
subject108,hand,63,0.63
subject108,hand,37,0.37
subject108,hand,70,0.7
subject108,hand,402,4.02
subject108,hand,355,3.55
subject108,hand,89,0.89
subject108,hand,51,0.51
subject108,hand,76,0.76
subject108,hand,29,0.29
subject108,hand,56,0.56
subject108,hand,14,0.14
subject108,hand,10,0.1
subject108,hand,47,0.47
subject108,hand,126,1.26
subject108,hand,746,7.46
subject108,hand,148,1.48
subject108,hand,79,0.79
subject108,hand,14,0.14
subject108,hand,58,0.58
subject108,hand,19,0.19
subject108,hand,36,0.36
subject108,hand,57,0.57
subject108,hand,11,0.11
subject108,hand,3,0.03
subject108,hand,331,3.31
subject108,hand,881,8.81
subject108,hand,174,1.74
subject108,hand,239,2.39
subject108,hand,556,5.56
subject108,hand,101,1.01
subject108,hand,14,0.14
subject108,hand,16,0.16
subject108,hand,24,0.24
subject108,hand,17,0.17
subject108,hand,22,0.22
subject108,hand,289,2.89
subject108,hand,26,0.26
subject108,hand,539,5.39
subject108,hand,273,2.73
subject108,hand,28,0.28
subject108,hand,95,0.95
subject108,hand,518,5.18
subject108,hand,39,0.39
subject108,hand,60,0.6
subject108,hand,121,1.21
subject108,hand,55,0.55
subject108,hand,168,1.68
subject108,hand,6,0.06
subject108,hand,48,0.48
subject108,hand,85,0.85
subject108,hand,15,0.15
subject108,hand,36,0.36
subject108,hand,6,0.06
subject108,hand,173,1.73
subject108,hand,50,0.5
subject108,hand,39,0.39
subject108,hand,55,0.55
subject108,hand,9,0.09
subject108,hand,7,0.07
subject108,hand,107,1.07
subject108,hand,15,0.15
subject108,hand,10,0.1
subject108,hand,4,0.04
subject108,hand,3,0.03
subject108,hand,6,0.06
subject108,hand,16,0.16
subject108,hand,83,0.83
subject108,hand,15,0.15
subject108,hand,2,0.02
subject108,hand,53,0.53
subject108,hand,110,1.1
subject108,hand,51,0.51
subject108,hand,8,0.08
subject108,hand,4,0.04
subject108,hand,95,0.95
subject108,hand,67,0.67
subject108,hand,56,0.56
subject108,hand,2,0.02
subject108,hand,13,0.13
subject108,hand,51,0.51
subject108,hand,7,0.07
subject108,hand,97,0.97
subject108,hand,3,0.03
subject108,hand,67,0.67
subject108,hand,35,0.35
subject108,hand,11,0.11
subject108,hand,42,0.42
subject108,hand,50,0.5
subject108,hand,97,0.97
subject108,hand,15,0.15
subject108,hand,153,1.53
subject108,hand,1,0.01
subject108,hand,127,1.27
subject108,hand,112,1.12
subject108,hand,33,0.33
subject108,hand,309,3.09
subject108,hand,3,0.03
subject108,hand,30,0.3
subject108,hand,146,1.46
subject108,hand,617,6.17
subject108,hand,472,4.72
subject108,hand,23,0.23
subject108,hand,107,1.07
subject108,hand,607,6.07
subject108,hand,63,0.63
subject108,hand,198,1.98
subject108,hand,91,0.91
subject108,hand,26,0.26
subject108,hand,151,1.51
subject108,hand,436,4.36
subject108,hand,38,0.38
subject108,hand,23,0.23
subject108,hand,92,0.92
subject108,hand,13,0.13
subject108,hand,20,0.2
subject108,hand,30,0.3
subject108,hand,30,0.3
subject108,hand,9,0.09
subject108,hand,50,0.5
subject108,hand,25,0.25
subject108,hand,215,2.15
subject108,hand,670,6.7
subject108,hand,311,3.11
subject108,hand,178,1.78
subject108,hand,89,0.89
subject108,hand,6,0.06
subject108,hand,28,0.28
subject108,hand,32,0.32
subject108,hand,40,0.4
subject108,hand,15,0.15
subject108,hand,76,0.76
subject108,hand,13,0.13
subject108,hand,99,0.99
subject108,hand,13,0.13
subject108,hand,10,0.1
subject108,hand,7,0.07
subject108,hand,21,0.21
subject108,hand,119,1.19
subject108,hand,172,1.72
subject108,hand,2,0.02
subject108,hand,17,0.17
subject108,hand,7,0.07
subject108,hand,104,1.04
subject108,hand,94,0.94
subject108,hand,55,0.55
subject108,hand,173,1.73
subject108,hand,215,2.15
subject108,hand,3,0.03
subject108,hand,27,0.27
subject108,hand,45,0.45
subject108,hand,38,0.38
subject108,hand,10,0.1
subject108,hand,9,0.09
subject108,hand,40,0.4
subject108,hand,72,0.72
subject108,hand,9,0.09
subject108,hand,1,0.01
subject108,hand,9,0.09
subject108,hand,6,0.06
subject108,hand,7,0.07
subject108,hand,10,0.1
subject108,hand,36,0.36
subject108,hand,33,0.33
subject108,hand,1,0.01
subject108,hand,10,0.1
subject108,hand,2,0.02
subject108,hand,46,0.46
subject108,hand,21,0.21
subject108,hand,1,0.01
subject108,hand,3,0.03
subject108,hand,20,0.2
subject108,hand,24,0.24
subject108,hand,2,0.02
subject108,hand,2,0.02
subject108,hand,66,0.66
subject108,hand,35,0.35
subject108,hand,62,0.62
subject108,hand,1,0.01
subject108,hand,1,0.01
subject108,hand,5,0.05
subject108,hand,113,1.13
subject108,hand,40,0.4
subject108,hand,56,0.56
subject108,hand,3,0.03
subject108,hand,18,0.18
subject108,hand,17,0.17
subject108,hand,50,0.5
subject108,hand,48,0.48
subject108,hand,26,0.26
subject108,hand,39,0.39
subject108,hand,3,0.03
subject108,hand,8,0.08
subject108,hand,2,0.02
subject108,hand,17,0.17
subject108,hand,16,0.16
subject108,hand,65,0.65
subject108,hand,28,0.28
subject108,hand,68,0.68
subject108,hand,3,0.03
subject108,hand,2,0.02
subject108,hand,14,0.14
subject108,hand,22,0.22
subject108,hand,2,0.02
subject108,hand,3,0.03
subject108,hand,1,0.01
subject108,hand,68,0.68
subject108,hand,21,0.21
subject108,hand,2,0.02
subject108,hand,10,0.1
subject108,hand,24,0.24
subject108,hand,46,0.46
subject108,hand,16,0.16
subject108,hand,17,0.17
subject108,hand,4,0.04
subject108,hand,1,0.01
subject108,hand,1,0.01
subject108,hand,6,0.06
subject108,hand,3,0.03
subject108,hand,10,0.1
subject108,hand,26,0.26
subject108,hand,10,0.1
subject108,hand,14,0.14
subject108,hand,19,0.19
subject108,hand,54,0.54
subject108,hand,55,0.55
subject108,hand,118,1.18
subject108,hand,84,0.84
subject108,hand,15,0.15
subject108,hand,2,0.02
subject108,hand,9,0.09
subject108,hand,93,0.93
subject108,hand,9,0.09
subject108,hand,15,0.15
subject108,hand,65,0.65
subject108,hand,14,0.14
subject108,hand,13,0.13
subject108,hand,2,0.02
subject108,hand,8,0.08
subject108,hand,19,0.19
subject108,hand,1,0.01
subject108,hand,38,0.38
subject108,hand,17,0.17
subject108,hand,1,0.01
subject108,hand,29,0.29
subject108,hand,20,0.2
subject108,hand,44,0.44
subject108,hand,37,0.37
subject108,hand,64,0.64
subject108,hand,23,0.23
subject108,hand,28,0.28
subject108,hand,94,0.94
subject108,hand,72,0.72
subject108,hand,37,0.37
subject108,hand,1,0.01
subject108,hand,58,0.58
subject108,hand,4,0.04
subject108,hand,4,0.04
subject108,hand,19,0.19
subject108,hand,3,0.03
subject108,hand,16,0.16
subject108,hand,7,0.07
subject108,hand,1,0.01
subject108,hand,48,0.48
subject108,hand,2,0.02
subject108,hand,5,0.05
subject108,hand,1,0.01
subject108,hand,3,0.03
subject108,hand,4,0.04
subject108,hand,5,0.05
subject108,hand,2,0.02
subject108,hand,2,0.02
subject108,hand,5,0.05
subject108,hand,3,0.03
subject108,hand,1,0.01
subject108,hand,1,0.01
subject108,hand,1,0.01
subject108,hand,2,0.02
subject108,hand,48,0.48
subject108,hand,8,0.08
subject108,hand,4,0.04
subject108,hand,4,0.04
subject108,hand,3,0.03
subject108,hand,8,0.08
subject108,hand,2,0.02
subject108,hand,2,0.02
subject108,hand,3,0.03
subject108,hand,2,0.02
subject108,hand,1,0.01
subject108,hand,8,0.08
subject108,hand,46,0.46
subject108,hand,4,0.04
subject108,hand,4,0.04
subject108,hand,1,0.01
subject108,hand,2,0.02
subject108,hand,9,0.09
subject108,hand,5,0.05
subject108,hand,6,0.06
subject108,hand,6,0.06
subject108,hand,56,0.56
subject108,hand,6,0.06
subject108,hand,5,0.05
subject108,hand,4,0.04
subject108,hand,8,0.08
subject108,hand,2,0.02
subject108,hand,2,0.02
subject108,hand,8,0.08
subject108,hand,3,0.03
subject108,hand,13,0.13
subject108,hand,50,0.5
subject108,hand,5,0.05
subject108,hand,3,0.03
subject108,hand,11,0.11
subject108,hand,9,0.09
subject108,hand,1,0.01
subject108,hand,2,0.02
subject108,hand,4,0.04
subject108,hand,53,0.53
subject108,hand,6,0.06
subject108,hand,2,0.02
subject108,hand,1,0.01
subject108,hand,20,0.2
subject108,hand,6,0.06
subject108,hand,3,0.03
subject108,hand,2,0.02
subject108,hand,40,0.4
subject108,hand,65,0.65
subject108,hand,70,0.7
subject108,hand,3,0.03
subject108,hand,9,0.09
subject108,hand,10,0.1
subject108,hand,89,0.89
subject108,hand,2,0.02
subject108,hand,1,0.01
subject108,hand,7,0.07
subject108,hand,6,0.06
subject108,hand,8,0.08
subject108,hand,1,0.01
subject108,hand,1,0.01
subject108,hand,8,0.08
subject108,hand,40,0.4
subject108,hand,1,0.01
subject108,hand,2,0.02
subject108,hand,52,0.52
subject108,hand,1,0.01
subject108,hand,1,0.01
subject108,hand,34,0.34
subject108,hand,7,0.07
subject108,hand,1,0.01
subject108,hand,23,0.23
subject108,hand,3,0.03
subject108,hand,17,0.17
subject108,hand,3,0.03
subject108,hand,5,0.05
subject108,hand,1,0.01
subject108,hand,63,0.63
subject108,hand,9,0.09
subject108,hand,3,0.03
subject108,hand,14,0.14
subject108,hand,9,0.09
subject108,hand,5,0.05
subject108,hand,74,0.74
subject108,hand,21,0.21
subject108,hand,105,1.05
subject108,hand,21,0.21
subject108,hand,70,0.7
subject108,hand,650,6.5
subject108,hand,36,0.36
subject108,hand,453,4.53
subject108,hand,137,1.37
subject108,hand,1,0.01
subject108,hand,6,0.06
subject108,hand,15,0.15
subject108,hand,5,0.05
subject108,hand,453,4.53
subject108,hand,221,2.21
subject108,hand,5,0.05
subject108,hand,66,0.66
subject108,hand,24,0.24
subject108,hand,119,1.19
subject108,hand,10,0.1
subject108,hand,113,1.13
subject108,hand,93,0.93
subject108,hand,189,1.89
subject108,hand,24,0.24
subject108,hand,86,0.86
subject108,hand,105,1.05
subject108,hand,21,0.21
subject108,hand,113,1.13
subject108,hand,216,2.16
subject108,hand,7,0.07
subject108,hand,104,1.04
subject108,hand,90,0.9
subject108,hand,8,0.08
subject108,hand,41,0.41
subject108,hand,105,1.05
subject108,hand,555,5.55
subject108,hand,292,2.92
subject108,hand,10,0.1
subject108,chest,130,1.3
subject108,chest,29183,291.83
subject108,chest,3633,36.33
subject108,chest,27941,279.41
subject108,chest,313,3.13
subject108,chest,461,4.61
subject108,chest,1,0.01
subject108,chest,1,0.01
subject108,chest,910,9.1
subject108,chest,261,2.61
subject108,chest,9770,97.7
subject108,chest,2,0.02
subject108,chest,210,2.1
subject108,chest,3517,35.17
subject108,chest,516,5.16
subject108,chest,677,6.77
subject108,chest,628,6.28
subject108,chest,5324,53.24
subject108,chest,4305,43.05
subject108,chest,7,0.07
subject108,chest,28,0.28
subject108,chest,6162,61.62
subject108,chest,770,7.7
subject108,chest,2696,26.96
subject108,chest,189,1.89
subject108,chest,95,0.95
subject108,chest,13,0.13
subject108,chest,182,1.82
subject108,chest,1011,10.11
subject108,chest,1964,19.64
subject108,chest,154,1.54
subject108,chest,2916,29.16
subject108,chest,1122,11.22
subject108,chest,14,0.14
subject108,chest,18,0.18
subject108,chest,1104,11.04
subject108,chest,4689,46.89
subject108,chest,120,1.2
subject108,chest,3096,30.96
subject108,chest,139,1.39
subject108,chest,5398,53.98
subject108,chest,294,2.94
subject108,chest,2090,20.9
subject108,chest,4573,45.73
subject108,chest,1394,13.94
subject108,chest,6370,63.7
subject108,chest,1476,14.76
subject108,chest,48,0.48
subject108,chest,6888,68.88
subject108,chest,5303,53.03
subject108,chest,35,0.35
subject108,chest,1381,13.81
subject108,chest,838,8.38
subject108,chest,2904,29.04
subject108,chest,489,4.89
subject108,chest,1524,15.24
subject108,chest,658,6.58
subject108,chest,1,0.01
subject108,chest,396,3.96
subject108,chest,14408,144.08
subject108,chest,11651,116.51
subject108,chest,1813,18.13
subject108,chest,7394,73.94
subject108,chest,7087,70.87
subject108,chest,5232,52.32
subject108,chest,507,5.07
subject108,chest,1997,19.97
subject108,chest,4680,46.8
subject108,chest,2971,29.71
subject108,chest,1960,19.6
subject108,chest,149,1.49
subject108,chest,1037,10.37
subject108,chest,4006,40.06
subject108,chest,41,0.41
subject108,chest,77,0.77
subject108,chest,726,7.26
subject108,chest,3019,30.19
subject108,chest,182,1.82
subject108,chest,225,2.25
subject108,chest,8,0.08
subject108,chest,16,0.16
subject108,chest,35,0.35
subject108,chest,190,1.9
subject108,chest,224,2.24
subject108,chest,138,1.38
subject108,chest,29,0.29
subject108,chest,445,4.45
subject108,chest,263,2.63
subject108,chest,475,4.75
subject108,chest,179,1.79
subject108,chest,1288,12.88
subject108,chest,353,3.53
subject108,chest,77,0.77
subject108,chest,130,1.3
subject108,chest,563,5.63
subject108,chest,254,2.54
subject108,chest,39,0.39
subject108,chest,302,3.02
subject108,chest,1,0.01
subject108,chest,9,0.09
subject108,chest,1,0.01
subject108,chest,168,1.68
subject108,chest,26,0.26
subject108,chest,302,3.02
subject108,chest,33,0.33
subject108,chest,535,5.35
subject108,chest,180,1.8
subject108,chest,248,2.48
subject108,chest,126,1.26
subject108,chest,33,0.33
subject108,chest,46,0.46
subject108,chest,92,0.92
subject108,chest,250,2.5
subject108,chest,100,1.0
subject108,chest,27,0.27
subject108,chest,52,0.52
subject108,chest,43,0.43
subject108,chest,15,0.15
subject108,chest,82,0.82
subject108,chest,31,0.31
subject108,chest,95,0.95
subject108,chest,16,0.16
subject108,chest,249,2.49
subject108,chest,36,0.36
subject108,chest,38,0.38
subject108,chest,239,2.39
subject108,chest,504,5.04
subject108,chest,51,0.51
subject108,chest,15,0.15
subject108,chest,4,0.04
subject108,chest,22,0.22
subject108,chest,37,0.37
subject108,chest,4,0.04
subject108,chest,9,0.09
subject108,chest,10,0.1
subject108,chest,21,0.21
subject108,chest,36,0.36
subject108,chest,42,0.42
subject108,chest,39,0.39
subject108,chest,19,0.19
subject108,chest,7,0.07
subject108,chest,29,0.29
subject108,chest,2,0.02
subject108,chest,2,0.02
subject108,chest,29,0.29
subject108,chest,7,0.07
subject108,chest,1,0.01
subject108,chest,40,0.4
subject108,chest,8,0.08
subject108,chest,1,0.01
subject108,chest,3,0.03
subject108,chest,4,0.04
subject108,chest,2,0.02
subject108,chest,12,0.12
subject108,chest,10,0.1
subject108,chest,6,0.06
subject108,chest,27,0.27
subject108,chest,7,0.07
subject108,chest,15,0.15
subject108,chest,28,0.28
subject108,chest,27,0.27
subject108,chest,12,0.12
subject108,chest,12,0.12
subject108,chest,6,0.06
subject108,chest,41,0.41
subject108,chest,3,0.03
subject108,chest,4,0.04
subject108,chest,9,0.09
subject108,chest,3,0.03
subject108,chest,6,0.06
subject108,chest,31,0.31
subject108,chest,27,0.27
subject108,chest,82,0.82
subject108,chest,5,0.05
subject108,chest,30,0.3
subject108,chest,4,0.04
subject108,chest,14,0.14
subject108,chest,9,0.09
subject108,chest,2,0.02
subject108,chest,36,0.36
subject108,chest,35,0.35
subject108,chest,46,0.46
subject108,chest,22,0.22
subject108,chest,21,0.21
subject108,chest,47,0.47
subject108,chest,32,0.32
subject108,chest,21,0.21
subject108,chest,39,0.39
subject108,chest,348,3.48
subject108,chest,54,0.54
subject108,chest,25,0.25
subject108,chest,18,0.18
subject108,chest,48,0.48
subject108,chest,8,0.08
subject108,chest,32,0.32
subject108,chest,62,0.62
subject108,chest,3,0.03
subject108,chest,12,0.12
subject108,chest,5,0.05
subject108,chest,4,0.04
subject108,chest,13,0.13
subject108,chest,32,0.32
subject108,chest,562,5.62
subject108,chest,29,0.29
subject108,chest,93,0.93
subject108,chest,129,1.29
subject108,chest,63,0.63
subject108,chest,33,0.33
subject108,chest,142,1.42
subject108,chest,119,1.19
subject108,chest,80,0.8
subject108,chest,12,0.12
subject108,chest,46,0.46
subject108,chest,36,0.36
subject108,chest,75,0.75
subject108,chest,54,0.54
subject108,chest,25,0.25
subject108,chest,218,2.18
subject108,chest,32,0.32
subject108,chest,547,5.47
subject108,chest,70,0.7
subject108,chest,885,8.85
subject108,chest,609,6.09
subject108,chest,689,6.89
subject108,chest,26,0.26
subject108,chest,5,0.05
subject108,chest,185,1.85
subject108,chest,76,0.76
subject108,chest,274,2.74
subject108,chest,376,3.76
subject108,chest,622,6.22
subject108,chest,330,3.3
subject108,chest,8,0.08
subject108,chest,170,1.7
subject108,chest,519,5.19
subject108,chest,106,1.06
subject108,chest,6,0.06
subject108,chest,151,1.51
subject108,chest,206,2.06
subject108,chest,401,4.01
subject108,chest,308,3.08
subject108,chest,203,2.03
subject108,chest,1,0.01
subject108,chest,150,1.5
subject108,chest,1,0.01
subject108,chest,207,2.07
subject108,chest,1,0.01
subject108,chest,111,1.11
subject108,chest,102,1.02
subject108,chest,288,2.88
subject108,chest,31,0.31
subject108,chest,168,1.68
subject108,chest,1,0.01
subject108,chest,3,0.03
subject108,chest,64,0.64
subject108,chest,81,0.81
subject108,chest,56,0.56
subject108,chest,3,0.03
subject108,chest,39,0.39
subject108,chest,4,0.04
subject108,chest,55,0.55
subject108,chest,118,1.18
subject108,chest,34,0.34
subject108,chest,3,0.03
subject108,chest,169,1.69
subject108,chest,219,2.19
subject108,chest,1,0.01
subject108,chest,89,0.89
subject108,chest,19,0.19
subject108,chest,132,1.32
subject108,chest,212,2.12
subject108,chest,58,0.58
subject108,chest,49,0.49
subject108,chest,323,3.23
subject108,chest,44,0.44
subject108,chest,60,0.6
subject108,chest,10,0.1
subject108,chest,42,0.42
subject108,chest,102,1.02
subject108,chest,130,1.3
subject108,chest,67,0.67
subject108,chest,20,0.2
subject108,chest,20,0.2
subject108,chest,72,0.72
subject108,chest,35,0.35
subject108,chest,21,0.21
subject108,chest,19,0.19
subject108,chest,28,0.28
subject108,chest,113,1.13
subject108,chest,30,0.3
subject108,chest,345,3.45
subject108,chest,21,0.21
subject108,chest,199,1.99
subject108,chest,155,1.55
subject108,chest,322,3.22
subject108,chest,26,0.26
subject108,chest,24,0.24
subject108,chest,40,0.4
subject108,chest,1,0.01
subject108,chest,14,0.14
subject108,chest,48,0.48
subject108,chest,110,1.1
subject108,chest,5,0.05
subject108,chest,24,0.24
subject108,chest,30,0.3
subject108,chest,21,0.21
subject108,chest,22,0.22
subject108,chest,5,0.05
subject108,chest,138,1.38
subject108,chest,22,0.22
subject108,chest,32,0.32
subject108,chest,6,0.06
subject108,chest,3,0.03
subject108,chest,13,0.13
subject108,chest,5,0.05
subject108,chest,12,0.12
subject108,chest,28,0.28
subject108,chest,33,0.33
subject108,chest,20,0.2
subject108,chest,12,0.12
subject108,chest,33,0.33
subject108,chest,34,0.34
subject108,chest,38,0.38
subject108,chest,30,0.3
subject108,chest,46,0.46
subject108,chest,26,0.26
subject108,chest,48,0.48
subject108,chest,134,1.34
subject108,chest,48,0.48
subject108,chest,63,0.63
subject108,chest,50,0.5
subject108,chest,19,0.19
subject108,chest,23,0.23
subject108,chest,19,0.19
subject108,chest,21,0.21
subject108,chest,10,0.1
subject108,chest,47,0.47
subject108,chest,1,0.01
subject108,chest,53,0.53
subject108,chest,5,0.05
subject108,chest,533,5.33
subject108,chest,267,2.67
subject108,chest,262,2.62
subject108,chest,38,0.38
subject108,chest,16,0.16
subject108,chest,104,1.04
subject108,chest,23,0.23
subject108,chest,46,0.46
subject108,chest,97,0.97
subject108,chest,340,3.4
subject108,chest,23,0.23
subject108,chest,58,0.58
subject108,chest,108,1.08
subject108,chest,181,1.81
subject108,chest,128,1.28
subject108,chest,54,0.54
subject108,chest,26,0.26
subject108,chest,287,2.87
subject108,chest,116,1.16
subject108,chest,76,0.76
subject108,chest,819,8.19
subject108,chest,508,5.08
subject108,chest,226,2.26
subject108,chest,355,3.55
subject108,chest,316,3.16
subject108,chest,1587,15.87
subject108,chest,460,4.6
subject108,chest,457,4.57
subject108,chest,1067,10.67
subject108,chest,765,7.65
subject108,chest,4066,40.66
subject108,chest,39,0.39
subject108,chest,122,1.22
subject108,chest,2402,24.02
subject108,chest,10768,107.68
subject108,chest,4494,44.94
subject108,chest,4525,45.25
subject108,chest,12,0.12
subject108,chest,21,0.21
subject108,chest,502,5.02
subject108,chest,281,2.81
subject108,chest,18,0.18
subject108,chest,201,2.01
subject108,chest,1,0.01
subject108,chest,110,1.1
subject108,chest,370,3.7
subject108,chest,2442,24.42
subject108,chest,55,0.55
subject108,chest,438,4.38
subject108,chest,303,3.03
subject108,chest,183,1.83
subject108,chest,1154,11.54
subject108,chest,146,1.46
subject108,chest,45,0.45
subject108,chest,19,0.19
subject108,chest,1323,13.23
subject108,chest,785,7.85
subject108,chest,12,0.12
subject108,chest,742,7.42
subject108,chest,684,6.84
subject108,chest,255,2.55
subject108,chest,80,0.8
subject108,chest,35,0.35
subject108,chest,628,6.28
subject108,chest,879,8.79
subject108,chest,487,4.87
subject108,chest,320,3.2
subject108,chest,54,0.54
subject108,chest,792,7.92
subject108,chest,936,9.36
subject108,chest,562,5.62
subject108,chest,7,0.07
subject108,chest,31,0.31
subject108,chest,68,0.68
subject108,chest,53,0.53
subject108,chest,12,0.12
subject108,chest,169,1.69
subject108,chest,44,0.44
subject108,chest,65,0.65
subject108,chest,20,0.2
subject108,chest,28,0.28
subject108,chest,623,6.23
subject108,chest,2235,22.35
subject108,chest,290,2.9
subject108,chest,18,0.18
subject108,chest,53,0.53
subject108,chest,134,1.34
subject108,chest,4808,48.08
subject108,chest,4995,49.95
subject108,chest,187,1.87
subject108,chest,236,2.36
subject108,chest,375,3.75
subject108,chest,1555,15.55
subject108,chest,2074,20.74
subject108,chest,202,2.02
subject108,chest,139,1.39
subject108,chest,103,1.03
subject108,chest,65,0.65
subject108,chest,376,3.76
subject108,chest,117,1.17
subject108,chest,116,1.16
subject108,chest,1919,19.19
subject108,chest,2325,23.25
subject108,chest,329,3.29
subject108,chest,1571,15.71
subject108,chest,1540,15.4
subject108,chest,1078,10.78
subject108,chest,2694,26.94
subject108,chest,111,1.11
subject108,chest,831,8.31
subject108,chest,27,0.27
subject108,chest,71,0.71
subject108,chest,557,5.57
subject108,chest,349,3.49
subject108,chest,3,0.03
subject108,chest,2416,24.16
subject108,chest,3086,30.86
subject108,chest,3,0.03
subject108,chest,142,1.42
subject108,chest,51,0.51
subject108,chest,400,4.0
subject108,chest,1176,11.76
subject108,chest,79,0.79
subject108,chest,1087,10.87
subject108,chest,794,7.94
subject108,chest,2642,26.42
subject108,chest,1381,13.81
subject108,chest,85,0.85
subject108,chest,12,0.12
subject108,chest,137,1.37
subject108,chest,103,1.03
subject108,chest,307,3.07
subject108,chest,2,0.02
subject108,chest,308,3.08
subject108,chest,820,8.2
subject108,chest,332,3.32
subject108,chest,154,1.54
subject108,chest,661,6.61
subject108,chest,61,0.61
subject108,chest,481,4.81
subject108,chest,157,1.57
subject108,chest,166,1.66
subject108,chest,1,0.01
subject108,chest,79,0.79
subject108,chest,157,1.57
subject108,chest,313,3.13
subject108,chest,1455,14.55
subject108,chest,156,1.56
subject108,chest,1178,11.78
subject108,chest,714,7.14
subject108,chest,632,6.32
subject108,chest,158,1.58
subject108,chest,860,8.6
subject108,chest,543,5.43
subject108,chest,79,0.79
subject108,chest,85,0.85
subject108,chest,319,3.19
subject108,chest,74,0.74
subject108,chest,226,2.26
subject108,chest,184,1.84
subject108,chest,145,1.45
subject108,chest,1950,19.5
subject108,chest,2096,20.96
subject108,chest,385,3.85
subject108,chest,429,4.29
subject108,chest,1163,11.63
subject108,chest,1,0.01
subject108,chest,50,0.5
subject108,chest,233,2.33
subject108,chest,19,0.19
subject108,chest,179,1.79
subject108,chest,2710,27.1
subject108,chest,175,1.75
subject108,chest,447,4.47
subject108,chest,583,5.83
subject108,chest,2582,25.82
subject108,chest,1275,12.75
subject108,chest,1764,17.64
subject108,chest,801,8.01
subject108,chest,89,0.89
subject108,chest,72,0.72
subject108,chest,391,3.91
subject108,chest,7,0.07
subject108,chest,2951,29.51
subject108,chest,419,4.19
subject108,chest,2,0.02
subject108,chest,88,0.88
subject108,chest,33,0.33
subject108,chest,20,0.2
subject108,chest,49,0.49
subject108,chest,14,0.14
subject108,chest,170,1.7
subject108,chest,180,1.8
subject108,chest,103,1.03
subject108,chest,117,1.17
subject108,chest,55,0.55
subject108,chest,10,0.1
subject108,chest,55,0.55
subject108,chest,21,0.21
subject108,chest,5,0.05
subject108,chest,3,0.03
subject108,chest,11,0.11
subject108,chest,3,0.03
subject108,chest,166,1.66
subject108,chest,185,1.85
subject108,chest,212,2.12
subject108,chest,69,0.69
subject108,chest,55,0.55
subject108,chest,231,2.31
subject108,chest,2,0.02
subject108,chest,32,0.32
subject108,chest,11,0.11
subject108,chest,75,0.75
subject108,chest,3,0.03
subject108,chest,72,0.72
subject108,chest,56,0.56
subject108,chest,32,0.32
subject108,chest,120,1.2
subject108,chest,10,0.1
subject108,chest,25,0.25
subject108,chest,45,0.45
subject108,chest,3,0.03
subject108,chest,34,0.34
subject108,chest,42,0.42
subject108,chest,159,1.59
subject108,chest,31,0.31
subject108,chest,51,0.51
subject108,chest,37,0.37
subject108,chest,1,0.01
subject108,chest,44,0.44
subject108,chest,28,0.28
subject108,chest,238,2.38
subject108,chest,71,0.71
subject108,chest,51,0.51
subject108,chest,24,0.24
subject108,chest,88,0.88
subject108,chest,30,0.3
subject108,chest,48,0.48
subject108,chest,2,0.02
subject108,chest,200,2.0
subject108,chest,59,0.59
subject108,chest,115,1.15
subject108,chest,133,1.33
subject108,chest,75,0.75
subject108,chest,40,0.4
subject108,chest,3,0.03
subject108,chest,9,0.09
subject108,chest,75,0.75
subject108,chest,107,1.07
subject108,chest,33,0.33
subject108,chest,3,0.03
subject108,chest,1,0.01
subject108,chest,1,0.01
subject108,chest,215,2.15
subject108,chest,1,0.01
subject108,chest,1,0.01
subject108,chest,5,0.05
subject108,chest,14,0.14
subject108,chest,3,0.03
subject108,chest,132,1.32
subject108,chest,44,0.44
subject108,chest,85,0.85
subject108,chest,38,0.38
subject108,chest,14,0.14
subject108,chest,3,0.03
subject108,chest,102,1.02
subject108,chest,50,0.5
subject108,chest,105,1.05
subject108,chest,76,0.76
subject108,chest,149,1.49
subject108,chest,296,2.96
subject108,chest,20,0.2
subject108,chest,16,0.16
subject108,chest,60,0.6
subject108,chest,22,0.22
subject108,chest,97,0.97
subject108,chest,67,0.67
subject108,chest,7,0.07
subject108,chest,1,0.01
subject108,chest,47,0.47
subject108,chest,24,0.24
subject108,chest,91,0.91
subject108,chest,47,0.47
subject108,chest,49,0.49
subject108,chest,40,0.4
subject108,chest,19,0.19
subject108,chest,16,0.16
subject108,chest,38,0.38
subject108,chest,46,0.46
subject108,chest,122,1.22
subject108,chest,10,0.1
subject108,chest,18,0.18
subject108,chest,73,0.73
subject108,chest,6,0.06
subject108,chest,35,0.35
subject108,chest,10,0.1
subject108,chest,22,0.22
subject108,chest,46,0.46
subject108,chest,32,0.32
subject108,chest,34,0.34
subject108,chest,49,0.49
subject108,chest,5,0.05
subject108,chest,1,0.01
subject108,chest,67,0.67
subject108,chest,63,0.63
subject108,chest,13,0.13
subject108,chest,2,0.02
subject108,chest,2,0.02
subject108,chest,46,0.46
subject108,chest,75,0.75
subject108,chest,2,0.02
subject108,chest,315,3.15
subject108,chest,46,0.46
subject108,chest,7,0.07
subject108,chest,165,1.65
subject108,chest,117,1.17
subject108,chest,594,5.94
subject108,chest,103,1.03
subject108,chest,54,0.54
subject108,chest,322,3.22
subject108,chest,7,0.07
subject108,chest,254,2.54
subject108,chest,3,0.03
subject108,chest,254,2.54
subject108,chest,5,0.05
subject108,chest,1,0.01
subject108,chest,81,0.81
subject108,chest,766,7.66
subject108,chest,1013,10.13
subject108,chest,12,0.12
subject108,chest,641,6.41
subject108,chest,321,3.21
subject108,chest,1340,13.4
subject108,chest,2,0.02
subject108,chest,4,0.04
subject108,chest,488,4.88
subject108,chest,45,0.45
subject108,chest,8,0.08
subject108,chest,53,0.53
subject108,chest,85,0.85
subject108,chest,70,0.7
subject108,chest,132,1.32
subject108,chest,92,0.92
subject108,chest,81,0.81
subject108,chest,326,3.26
subject108,chest,80,0.8
subject108,chest,5,0.05
subject108,chest,14,0.14
subject108,chest,209,2.09
subject108,chest,107,1.07
subject108,chest,6,0.06
subject108,chest,94,0.94
subject108,chest,20,0.2
subject108,chest,14,0.14
subject108,chest,808,8.08
subject108,chest,30,0.3
subject108,chest,8,0.08
subject108,chest,12,0.12
subject108,chest,7,0.07
subject108,chest,4,0.04
subject108,chest,29,0.29
subject108,chest,18,0.18
subject108,chest,62,0.62
subject108,chest,139,1.39
subject108,chest,16,0.16
subject108,chest,22,0.22
subject108,chest,53,0.53
subject108,chest,127,1.27
subject108,chest,75,0.75
subject108,chest,7,0.07
subject108,chest,125,1.25
subject108,chest,1,0.01
subject108,chest,10,0.1
subject108,chest,10,0.1
subject108,chest,332,3.32
subject108,chest,6,0.06
subject108,chest,103,1.03
subject108,chest,4,0.04
subject108,chest,1,0.01
subject108,chest,101,1.01
subject108,chest,5,0.05
subject108,chest,28,0.28
subject108,chest,5,0.05
subject108,chest,16,0.16
subject108,chest,44,0.44
subject108,chest,141,1.41
subject108,chest,7,0.07
subject108,chest,60,0.6
subject108,chest,7,0.07
subject108,chest,114,1.14
subject108,chest,73,0.73
subject108,chest,28,0.28
subject108,chest,7,0.07
subject108,chest,2,0.02
subject108,chest,3,0.03
subject108,chest,1,0.01
subject108,chest,7,0.07
subject108,chest,2,0.02
subject108,chest,27,0.27
subject108,chest,141,1.41
subject108,chest,48,0.48
subject108,chest,4,0.04
subject108,chest,87,0.87
subject108,chest,5,0.05
subject108,chest,4,0.04
subject108,chest,5,0.05
subject108,chest,9,0.09
subject108,chest,5,0.05
subject108,chest,44,0.44
subject108,chest,6,0.06
subject108,chest,16,0.16
subject108,chest,13,0.13
subject108,chest,1,0.01
subject108,chest,6,0.06
subject108,chest,3,0.03
subject108,chest,6,0.06
subject108,chest,1,0.01
subject108,chest,3,0.03
subject108,chest,1,0.01
subject108,chest,5,0.05
subject108,chest,13,0.13
subject108,chest,22,0.22
subject108,chest,2,0.02
subject108,chest,1,0.01
subject108,chest,5,0.05
subject108,chest,2,0.02
subject108,chest,8,0.08
subject108,chest,3,0.03
subject108,chest,2,0.02
subject108,chest,2,0.02
subject108,chest,2,0.02
subject108,chest,4,0.04
subject108,chest,96,0.96
subject108,chest,1,0.01
subject108,chest,1,0.01
subject108,chest,50,0.5
subject108,chest,32,0.32
subject108,chest,27,0.27
subject108,chest,7,0.07
subject108,chest,135,1.35
subject108,chest,1,0.01
subject108,chest,30,0.3
subject108,chest,22,0.22
subject108,chest,21,0.21
subject108,chest,4,0.04
subject108,chest,22,0.22
subject108,chest,3,0.03
subject108,chest,15,0.15
subject108,chest,8,0.08
subject108,chest,10,0.1
subject108,chest,19,0.19
subject108,chest,127,1.27
subject108,chest,3,0.03
subject108,chest,216,2.16
subject108,chest,14,0.14
subject108,chest,20,0.2
subject108,chest,11,0.11
subject108,chest,14,0.14
subject108,chest,1,0.01
subject108,chest,11,0.11
subject108,chest,13,0.13
subject108,chest,1,0.01
subject108,chest,49,0.49
subject108,chest,14,0.14
subject108,chest,2,0.02
subject108,chest,2,0.02
subject108,chest,1,0.01
subject108,chest,46,0.46
subject108,chest,64,0.64
subject108,chest,2,0.02
subject108,chest,3,0.03
subject108,chest,8,0.08
subject108,chest,64,0.64
subject108,chest,18,0.18
subject108,chest,69,0.69
subject108,chest,17,0.17
subject108,chest,12,0.12
subject108,chest,6,0.06
subject108,chest,56,0.56
subject108,chest,59,0.59
subject108,chest,22,0.22
subject108,chest,75,0.75
subject108,chest,46,0.46
subject108,chest,31,0.31
subject108,chest,118,1.18
subject108,chest,89,0.89
subject108,chest,47,0.47
subject108,chest,28,0.28
subject108,chest,6,0.06
subject108,chest,32,0.32
subject108,chest,69,0.69
subject108,chest,24,0.24
subject108,chest,3,0.03
subject108,chest,4,0.04
subject108,chest,138,1.38
subject108,chest,59,0.59
subject108,chest,27,0.27
subject108,chest,2,0.02
subject108,chest,8,0.08
subject108,chest,53,0.53
subject108,chest,11,0.11
subject108,chest,24,0.24
subject108,chest,7,0.07
subject108,chest,142,1.42
subject108,chest,71,0.71
subject108,chest,30,0.3
subject108,chest,6,0.06
subject108,chest,26,0.26
subject108,chest,46,0.46
subject108,chest,339,3.39
subject108,chest,1,0.01
subject108,chest,153,1.53
subject108,chest,29,0.29
subject108,chest,34,0.34
subject108,chest,352,3.52
subject108,chest,194,1.94
subject108,chest,763,7.63
subject108,chest,390,3.9
subject108,chest,109,1.09
subject108,chest,102,1.02
subject108,chest,1,0.01
subject108,chest,16,0.16
subject108,chest,20,0.2
subject108,chest,514,5.14
subject108,chest,92,0.92
subject108,chest,504,5.04
subject108,chest,51,0.51
subject108,chest,425,4.25
subject108,chest,1613,16.13
subject108,ankle,3857,38.57
subject108,ankle,24630,246.3
subject108,ankle,1197,11.97
subject108,ankle,353,3.53
subject108,ankle,32,0.32
subject108,ankle,1048,10.48
subject108,ankle,53,0.53
subject108,ankle,3771,37.71
subject108,ankle,16359,163.59
subject108,ankle,7306,73.06
subject108,ankle,521,5.21
subject108,ankle,9603,96.03
subject108,ankle,2893,28.93
subject108,ankle,3520,35.2
subject108,ankle,3345,33.45
subject108,ankle,11,0.11
subject108,ankle,1595,15.95
subject108,ankle,427,4.27
subject108,ankle,275,2.75
subject108,ankle,4,0.04
subject108,ankle,276,2.76
subject108,ankle,1659,16.59
subject108,ankle,3823,38.23
subject108,ankle,2434,24.34
subject108,ankle,3853,38.53
subject108,ankle,2521,25.21
subject108,ankle,133,1.33
subject108,ankle,484,4.84
subject108,ankle,3365,33.65
subject108,ankle,3,0.03
subject108,ankle,1641,16.41
subject108,ankle,100,1.0
subject108,ankle,1066,10.66
subject108,ankle,1522,15.22
subject108,ankle,6,0.06
subject108,ankle,2814,28.14
subject108,ankle,3,0.03
subject108,ankle,4470,44.7
subject108,ankle,676,6.76
subject108,ankle,321,3.21
subject108,ankle,198,1.98
subject108,ankle,1080,10.8
subject108,ankle,552,5.52
subject108,ankle,1321,13.21
subject108,ankle,2007,20.07
subject108,ankle,1117,11.17
subject108,ankle,9,0.09
subject108,ankle,81,0.81
subject108,ankle,523,5.23
subject108,ankle,2086,20.86
subject108,ankle,339,3.39
subject108,ankle,1539,15.39
subject108,ankle,179,1.79
subject108,ankle,487,4.87
subject108,ankle,18,0.18
subject108,ankle,1035,10.35
subject108,ankle,1910,19.1
subject108,ankle,61,0.61
subject108,ankle,1256,12.56
subject108,ankle,1379,13.79
subject108,ankle,838,8.38
subject108,ankle,465,4.65
subject108,ankle,570,5.7
subject108,ankle,1681,16.81
subject108,ankle,531,5.31
subject108,ankle,15,0.15
subject108,ankle,1070,10.7
subject108,ankle,193,1.93
subject108,ankle,771,7.71
subject108,ankle,128,1.28
subject108,ankle,2197,21.97
subject108,ankle,3483,34.83
subject108,ankle,4613,46.13
subject108,ankle,175,1.75
subject108,ankle,9,0.09
subject108,ankle,245,2.45
subject108,ankle,511,5.11
subject108,ankle,40,0.4
subject108,ankle,183,1.83
subject108,ankle,30,0.3
subject108,ankle,60,0.6
subject108,ankle,61,0.61
subject108,ankle,1545,15.45
subject108,ankle,214,2.14
subject108,ankle,639,6.39
subject108,ankle,669,6.69
subject108,ankle,9,0.09
subject108,ankle,122,1.22
subject108,ankle,224,2.24
subject108,ankle,17,0.17
subject108,ankle,319,3.19
subject108,ankle,26,0.26
subject108,ankle,2,0.02
subject108,ankle,21,0.21
subject108,ankle,2438,24.38
subject108,ankle,658,6.58
subject108,ankle,29,0.29
subject108,ankle,177,1.77
subject108,ankle,2,0.02
subject108,ankle,184,1.84
subject108,ankle,1104,11.04
subject108,ankle,1074,10.74
subject108,ankle,3776,37.76
subject108,ankle,564,5.64
subject108,ankle,75,0.75
subject108,ankle,81,0.81
subject108,ankle,7108,71.08
subject108,ankle,3013,30.13
subject108,ankle,354,3.54
subject108,ankle,1,0.01
subject108,ankle,36,0.36
subject108,ankle,24,0.24
subject108,ankle,1,0.01
subject108,ankle,78,0.78
subject108,ankle,446,4.46
subject108,ankle,11554,115.54
subject108,ankle,7450,74.5
subject108,ankle,8967,89.67
subject108,ankle,1741,17.41
subject108,ankle,330,3.3
subject108,ankle,76,0.76
subject108,ankle,713,7.13
subject108,ankle,1891,18.91
subject108,ankle,714,7.14
subject108,ankle,366,3.66
subject108,ankle,13,0.13
subject108,ankle,1361,13.61
subject108,ankle,11,0.11
subject108,ankle,9,0.09
subject108,ankle,1,0.01
subject108,ankle,172,1.72
subject108,ankle,1668,16.68
subject108,ankle,3,0.03
subject108,ankle,1297,12.97
subject108,ankle,4,0.04
subject108,ankle,22,0.22
subject108,ankle,38,0.38
subject108,ankle,4,0.04
subject108,ankle,6,0.06
subject108,ankle,1,0.01
subject108,ankle,554,5.54
subject108,ankle,93,0.93
subject108,ankle,93,0.93
subject108,ankle,3020,30.2
subject108,ankle,545,5.45
subject108,ankle,539,5.39
subject108,ankle,2874,28.74
subject108,ankle,1059,10.59
subject108,ankle,10,0.1
subject108,ankle,3,0.03
subject108,ankle,20,0.2
subject108,ankle,5,0.05
subject108,ankle,147,1.47
subject108,ankle,463,4.63
subject108,ankle,103,1.03
subject108,ankle,52,0.52
subject108,ankle,341,3.41
subject108,ankle,2409,24.09
subject108,ankle,144,1.44
subject108,ankle,120,1.2
subject108,ankle,221,2.21
subject108,ankle,37,0.37
subject108,ankle,6,0.06
subject108,ankle,115,1.15
subject108,ankle,16,0.16
subject108,ankle,1,0.01
subject108,ankle,41,0.41
subject108,ankle,32,0.32
subject108,ankle,97,0.97
subject108,ankle,9,0.09
subject108,ankle,313,3.13
subject108,ankle,10,0.1
subject108,ankle,6,0.06
subject108,ankle,77,0.77
subject108,ankle,18,0.18
subject108,ankle,116,1.16
subject108,ankle,102,1.02
subject108,ankle,33,0.33
subject108,ankle,55,0.55
subject108,ankle,109,1.09
subject108,ankle,3,0.03
subject108,ankle,3,0.03
subject108,ankle,53,0.53
subject108,ankle,76,0.76
subject108,ankle,133,1.33
subject108,ankle,136,1.36
subject108,ankle,59,0.59
subject108,ankle,91,0.91
subject108,ankle,17,0.17
subject108,ankle,5,0.05
subject108,ankle,10,0.1
subject108,ankle,101,1.01
subject108,ankle,34,0.34
subject108,ankle,35,0.35
subject108,ankle,21,0.21
subject108,ankle,17,0.17
subject108,ankle,210,2.1
subject108,ankle,528,5.28
subject108,ankle,36,0.36
subject108,ankle,76,0.76
subject108,ankle,26,0.26
subject108,ankle,80,0.8
subject108,ankle,134,1.34
subject108,ankle,279,2.79
subject108,ankle,44,0.44
subject108,ankle,35,0.35
subject108,ankle,134,1.34
subject108,ankle,198,1.98
subject108,ankle,25,0.25
subject108,ankle,28,0.28
subject108,ankle,338,3.38
subject108,ankle,46,0.46
subject108,ankle,20,0.2
subject108,ankle,92,0.92
subject108,ankle,147,1.47
subject108,ankle,65,0.65
subject108,ankle,210,2.1
subject108,ankle,10,0.1
subject108,ankle,105,1.05
subject108,ankle,83,0.83
subject108,ankle,156,1.56
subject108,ankle,82,0.82
subject108,ankle,228,2.28
subject108,ankle,18,0.18
subject108,ankle,166,1.66
subject108,ankle,4,0.04
subject108,ankle,119,1.19
subject108,ankle,80,0.8
subject108,ankle,52,0.52
subject108,ankle,57,0.57
subject108,ankle,103,1.03
subject108,ankle,106,1.06
subject108,ankle,107,1.07
subject108,ankle,3,0.03
subject108,ankle,81,0.81
subject108,ankle,5,0.05
subject108,ankle,2,0.02
subject108,ankle,157,1.57
subject108,ankle,55,0.55
subject108,ankle,59,0.59
subject108,ankle,1,0.01
subject108,ankle,55,0.55
subject108,ankle,96,0.96
subject108,ankle,122,1.22
subject108,ankle,205,2.05
subject108,ankle,85,0.85
subject108,ankle,65,0.65
subject108,ankle,67,0.67
subject108,ankle,9,0.09
subject108,ankle,144,1.44
subject108,ankle,53,0.53
subject108,ankle,87,0.87
subject108,ankle,74,0.74
subject108,ankle,40,0.4
subject108,ankle,10,0.1
subject108,ankle,57,0.57
subject108,ankle,83,0.83
subject108,ankle,100,1.0
subject108,ankle,12,0.12
subject108,ankle,101,1.01
subject108,ankle,31,0.31
subject108,ankle,434,4.34
subject108,ankle,57,0.57
subject108,ankle,56,0.56
subject108,ankle,166,1.66
subject108,ankle,60,0.6
subject108,ankle,154,1.54
subject108,ankle,32,0.32
subject108,ankle,14,0.14
subject108,ankle,1,0.01
subject108,ankle,142,1.42
subject108,ankle,190,1.9
subject108,ankle,137,1.37
subject108,ankle,48,0.48
subject108,ankle,278,2.78
subject108,ankle,104,1.04
subject108,ankle,83,0.83
subject108,ankle,130,1.3
subject108,ankle,3,0.03
subject108,ankle,106,1.06
subject108,ankle,155,1.55
subject108,ankle,12,0.12
subject108,ankle,21,0.21
subject108,ankle,16,0.16
subject108,ankle,56,0.56
subject108,ankle,57,0.57
subject108,ankle,20,0.2
subject108,ankle,6,0.06
subject108,ankle,129,1.29
subject108,ankle,7,0.07
subject108,ankle,41,0.41
subject108,ankle,127,1.27
subject108,ankle,45,0.45
subject108,ankle,107,1.07
subject108,ankle,39,0.39
subject108,ankle,16,0.16
subject108,ankle,17,0.17
subject108,ankle,34,0.34
subject108,ankle,60,0.6
subject108,ankle,49,0.49
subject108,ankle,32,0.32
subject108,ankle,23,0.23
subject108,ankle,70,0.7
subject108,ankle,29,0.29
subject108,ankle,21,0.21
subject108,ankle,31,0.31
subject108,ankle,46,0.46
subject108,ankle,2,0.02
subject108,ankle,56,0.56
subject108,ankle,159,1.59
subject108,ankle,116,1.16
subject108,ankle,18,0.18
subject108,ankle,17,0.17
subject108,ankle,37,0.37
subject108,ankle,32,0.32
subject108,ankle,94,0.94
subject108,ankle,119,1.19
subject108,ankle,12,0.12
subject108,ankle,32,0.32
subject108,ankle,43,0.43
subject108,ankle,8,0.08
subject108,ankle,72,0.72
subject108,ankle,80,0.8
subject108,ankle,254,2.54
subject108,ankle,77,0.77
subject108,ankle,242,2.42
subject108,ankle,26,0.26
subject108,ankle,105,1.05
subject108,ankle,21,0.21
subject108,ankle,103,1.03
subject108,ankle,101,1.01
subject108,ankle,219,2.19
subject108,ankle,108,1.08
subject108,ankle,174,1.74
subject108,ankle,313,3.13
subject108,ankle,31,0.31
subject108,ankle,61,0.61
subject108,ankle,45,0.45
subject108,ankle,204,2.04
subject108,ankle,577,5.77
subject108,ankle,319,3.19
subject108,ankle,25,0.25
subject108,ankle,77,0.77
subject108,ankle,216,2.16
subject108,ankle,58,0.58
subject108,ankle,246,2.46
subject108,ankle,207,2.07
subject108,ankle,122,1.22
subject108,ankle,75,0.75
subject108,ankle,64,0.64
subject108,ankle,254,2.54
subject108,ankle,41,0.41
subject108,ankle,507,5.07
subject108,ankle,1,0.01
subject108,ankle,27,0.27
subject108,ankle,10,0.1
subject108,ankle,85,0.85
subject108,ankle,84,0.84
subject108,ankle,43,0.43
subject108,ankle,98,0.98
subject108,ankle,7,0.07
subject108,ankle,300,3.0
subject108,ankle,7,0.07
subject108,ankle,45,0.45
subject108,ankle,10,0.1
subject108,ankle,152,1.52
subject108,ankle,27,0.27
subject108,ankle,66,0.66
subject108,ankle,3,0.03
subject108,ankle,56,0.56
subject108,ankle,56,0.56
subject108,ankle,261,2.61
subject108,ankle,109,1.09
subject108,ankle,62,0.62
subject108,ankle,119,1.19
subject108,ankle,205,2.05
subject108,ankle,209,2.09
subject108,ankle,5,0.05
subject108,ankle,1,0.01
subject108,ankle,2,0.02
subject108,ankle,22,0.22
subject108,ankle,393,3.93
subject108,ankle,43,0.43
subject108,ankle,98,0.98
subject108,ankle,108,1.08
subject108,ankle,67,0.67
subject108,ankle,15,0.15
subject108,ankle,67,0.67
subject108,ankle,60,0.6
subject108,ankle,62,0.62
subject108,ankle,189,1.89
subject108,ankle,40,0.4
subject108,ankle,32,0.32
subject108,ankle,54,0.54
subject108,ankle,52,0.52
subject108,ankle,44,0.44
subject108,ankle,8,0.08
subject108,ankle,151,1.51
subject108,ankle,71,0.71
subject108,ankle,186,1.86
subject108,ankle,18,0.18
subject108,ankle,229,2.29
subject108,ankle,96,0.96
subject108,ankle,12,0.12
subject108,ankle,2,0.02
subject108,ankle,3,0.03
subject108,ankle,79,0.79
subject108,ankle,6,0.06
subject108,ankle,6,0.06
subject108,ankle,2,0.02
subject108,ankle,28,0.28
subject108,ankle,2,0.02
subject108,ankle,14,0.14
subject108,ankle,87,0.87
subject108,ankle,39,0.39
subject108,ankle,73,0.73
subject108,ankle,6,0.06
subject108,ankle,157,1.57
subject108,ankle,89,0.89
subject108,ankle,111,1.11
subject108,ankle,277,2.77
subject108,ankle,111,1.11
subject108,ankle,143,1.43
subject108,ankle,100,1.0
subject108,ankle,20,0.2
subject108,ankle,186,1.86
subject108,ankle,444,4.44
subject108,ankle,100,1.0
subject108,ankle,97,0.97
subject108,ankle,132,1.32
subject108,ankle,42,0.42
subject108,ankle,35,0.35
subject108,ankle,76,0.76
subject108,ankle,27,0.27
subject108,ankle,78,0.78
subject108,ankle,97,0.97
subject108,ankle,43,0.43
subject108,ankle,4,0.04
subject108,ankle,7,0.07
subject108,ankle,89,0.89
subject108,ankle,285,2.85
subject108,ankle,42,0.42
subject108,ankle,93,0.93
subject108,ankle,43,0.43
subject108,ankle,84,0.84
subject108,ankle,387,3.87
subject108,ankle,145,1.45
subject108,ankle,174,1.74
subject108,ankle,112,1.12
subject108,ankle,134,1.34
subject108,ankle,55,0.55
subject108,ankle,12,0.12
subject108,ankle,26,0.26
subject108,ankle,87,0.87
subject108,ankle,139,1.39
subject108,ankle,165,1.65
subject108,ankle,61,0.61
subject108,ankle,193,1.93
subject108,ankle,112,1.12
subject108,ankle,75,0.75
subject108,ankle,39,0.39
subject108,ankle,92,0.92
subject108,ankle,12,0.12
subject108,ankle,112,1.12
subject108,ankle,159,1.59
subject108,ankle,46,0.46
subject108,ankle,3,0.03
subject108,ankle,53,0.53
subject108,ankle,78,0.78
subject108,ankle,53,0.53
subject108,ankle,10,0.1
subject108,ankle,4,0.04
subject108,ankle,76,0.76
subject108,ankle,64,0.64
subject108,ankle,128,1.28
subject108,ankle,269,2.69
subject108,ankle,7,0.07
subject108,ankle,140,1.4
subject108,ankle,522,5.22
subject108,ankle,159,1.59
subject108,ankle,100,1.0
subject108,ankle,188,1.88
subject108,ankle,1528,15.28
subject108,ankle,27,0.27
subject108,ankle,517,5.17
subject108,ankle,1,0.01
subject108,ankle,2,0.02
subject108,ankle,2,0.02
subject108,ankle,1035,10.35
subject108,ankle,921,9.21
subject108,ankle,403,4.03
subject108,ankle,9,0.09
subject108,ankle,21,0.21
subject108,ankle,113,1.13
subject108,ankle,102,1.02
subject108,ankle,835,8.35
subject108,ankle,728,7.28
subject108,ankle,53,0.53
subject108,ankle,304,3.04
subject108,ankle,352,3.52
subject108,ankle,12,0.12
subject108,ankle,802,8.02
subject108,ankle,592,5.92
subject108,ankle,535,5.35
subject108,ankle,147,1.47
subject108,ankle,44,0.44
subject108,ankle,10,0.1
subject108,ankle,4,0.04
subject108,ankle,650,6.5
subject108,ankle,760,7.6
subject108,ankle,365,3.65
subject108,ankle,556,5.56
subject108,ankle,189,1.89
subject108,ankle,522,5.22
subject108,ankle,34,0.34
subject108,ankle,372,3.72
subject108,ankle,383,3.83
subject108,ankle,148,1.48
subject108,ankle,9246,92.46
subject108,ankle,26,0.26
subject108,ankle,81,0.81
subject108,ankle,427,4.27
subject108,ankle,124,1.24
subject108,ankle,22,0.22
subject108,ankle,1618,16.18
subject108,ankle,183,1.83
subject108,ankle,19,0.19
subject108,ankle,58,0.58
subject108,ankle,26,0.26
subject108,ankle,1,0.01
subject108,ankle,5,0.05
subject108,ankle,4,0.04
subject108,ankle,45,0.45
subject108,ankle,106,1.06
subject108,ankle,13,0.13
subject108,ankle,209,2.09
subject108,ankle,103,1.03
subject108,ankle,76,0.76
subject108,ankle,228,2.28
subject108,ankle,121,1.21
subject108,ankle,128,1.28
subject108,ankle,832,8.32
subject108,ankle,73,0.73
subject108,ankle,18,0.18
subject108,ankle,21,0.21
subject108,ankle,89,0.89
subject108,ankle,40,0.4
subject108,ankle,2,0.02
subject108,ankle,45,0.45
subject108,ankle,146,1.46
subject108,ankle,158,1.58
subject108,ankle,36,0.36
subject108,ankle,111,1.11
subject108,ankle,4,0.04
subject108,ankle,10,0.1
subject108,ankle,226,2.26
subject108,ankle,178,1.78
subject108,ankle,36,0.36
subject108,ankle,100,1.0
subject108,ankle,51,0.51
subject108,ankle,4,0.04
subject108,ankle,14,0.14
subject108,ankle,2,0.02
subject108,ankle,12,0.12
subject108,ankle,4,0.04
subject108,ankle,197,1.97
subject108,ankle,160,1.6
subject108,ankle,39,0.39
subject108,ankle,145,1.45
subject108,ankle,1153,11.53
subject108,ankle,6,0.06
subject108,ankle,213,2.13
subject108,ankle,533,5.33
subject108,ankle,534,5.34
subject108,ankle,202,2.02
subject108,ankle,411,4.11
subject108,ankle,819,8.19
subject108,ankle,25,0.25
subject108,ankle,400,4.0
subject108,ankle,755,7.55
subject108,ankle,95,0.95
subject108,ankle,94,0.94
subject108,ankle,70,0.7
subject108,ankle,863,8.63
subject108,ankle,435,4.35
subject108,ankle,100,1.0
subject108,ankle,302,3.02
subject108,ankle,32,0.32
subject108,ankle,22,0.22
subject108,ankle,7,0.07
subject108,ankle,108,1.08
subject108,ankle,31,0.31
subject108,ankle,35,0.35
subject108,ankle,454,4.54
subject108,ankle,150,1.5
subject108,ankle,261,2.61
subject108,ankle,194,1.94
subject108,ankle,45,0.45
subject108,ankle,57,0.57
subject108,ankle,3,0.03
subject108,ankle,35,0.35
subject108,ankle,80,0.8
subject108,ankle,22,0.22
subject108,ankle,14,0.14
subject108,ankle,1,0.01
subject108,ankle,5,0.05
subject108,ankle,30,0.3
subject108,ankle,32,0.32
subject108,ankle,32,0.32
subject108,ankle,11,0.11
subject108,ankle,5,0.05
subject108,ankle,194,1.94
subject108,ankle,20,0.2
subject108,ankle,216,2.16
subject108,ankle,46,0.46
subject108,ankle,3,0.03
subject108,ankle,4,0.04
subject108,ankle,44,0.44
subject108,ankle,19,0.19
subject108,ankle,132,1.32
subject108,ankle,34,0.34
subject108,ankle,104,1.04
subject108,ankle,200,2.0
subject108,ankle,176,1.76
subject108,ankle,436,4.36
subject108,ankle,293,2.93
subject108,ankle,502,5.02
subject108,ankle,11,0.11
subject108,ankle,335,3.35
subject108,ankle,71,0.71
subject108,ankle,262,2.62
subject108,ankle,729,7.29
subject108,ankle,90,0.9
subject108,ankle,3,0.03
subject108,ankle,46,0.46
subject108,ankle,3,0.03
subject108,ankle,26,0.26
subject108,ankle,36,0.36
subject108,ankle,2,0.02
subject108,ankle,12,0.12
subject108,ankle,6,0.06
subject108,ankle,7,0.07
subject108,ankle,5,0.05
subject108,ankle,115,1.15
subject108,ankle,70,0.7
subject108,ankle,42,0.42
subject108,ankle,2,0.02
subject108,ankle,3,0.03
subject108,ankle,11,0.11
subject108,ankle,10,0.1
subject108,ankle,3,0.03
subject108,ankle,1,0.01
subject108,ankle,2,0.02
subject108,ankle,21,0.21
subject108,ankle,7,0.07
subject108,ankle,13,0.13
subject108,ankle,4,0.04
subject108,ankle,29,0.29
subject108,ankle,152,1.52
subject108,ankle,152,1.52
subject108,ankle,190,1.9
subject108,ankle,11,0.11
subject108,ankle,60,0.6
subject108,ankle,51,0.51
subject108,ankle,89,0.89
subject108,ankle,2,0.02
subject108,ankle,7,0.07
subject108,ankle,50,0.5
subject108,ankle,2,0.02
subject108,ankle,31,0.31
subject108,ankle,11,0.11
subject108,ankle,483,4.83
subject108,ankle,906,9.06
subject108,ankle,630,6.3
subject108,ankle,143,1.43
subject108,ankle,303,3.03
subject108,ankle,3,0.03
subject108,ankle,4,0.04
subject108,ankle,564,5.64
subject108,ankle,43,0.43
subject108,ankle,38,0.38
subject108,ankle,94,0.94
subject108,ankle,905,9.05
subject108,ankle,111,1.11
subject108,ankle,77,0.77
subject108,ankle,32,0.32
subject108,ankle,74,0.74
subject108,ankle,112,1.12
subject108,ankle,9,0.09
subject108,ankle,86,0.86
subject108,ankle,94,0.94
subject108,ankle,94,0.94
subject108,ankle,184,1.84
subject108,ankle,1,0.01
subject108,ankle,9,0.09
subject108,ankle,821,8.21
subject108,ankle,1317,13.17
subject108,ankle,47,0.47
subject108,ankle,11,0.11
subject108,ankle,5,0.05
subject108,ankle,181,1.81
subject108,ankle,6,0.06
subject108,ankle,25,0.25
subject108,ankle,42,0.42
subject108,ankle,17,0.17
subject108,ankle,689,6.89
subject108,ankle,1494,14.94
subject108,ankle,4,0.04
subject108,ankle,465,4.65
subject108,ankle,3,0.03
subject108,ankle,1177,11.77
subject108,ankle,78,0.78
subject108,ankle,166,1.66
subject108,ankle,2103,21.03
subject108,ankle,108,1.08
subject108,ankle,28,0.28
subject108,ankle,321,3.21
subject108,ankle,75,0.75
subject108,ankle,134,1.34
subject108,ankle,280,2.8
subject108,ankle,289,2.89
subject108,ankle,29,0.29
subject108,ankle,275,2.75
subject108,ankle,95,0.95
subject108,ankle,206,2.06
subject108,ankle,355,3.55
subject108,ankle,544,5.44
subject108,ankle,291,2.91
subject108,ankle,250,2.5
subject108,ankle,87,0.87
subject108,ankle,86,0.86
subject108,ankle,70,0.7
subject108,ankle,23,0.23
subject108,ankle,191,1.91
subject108,ankle,226,2.26
subject108,ankle,75,0.75
subject108,ankle,4,0.04
subject108,ankle,507,5.07
subject108,ankle,243,2.43
subject108,ankle,139,1.39
subject108,ankle,110,1.1
subject108,ankle,109,1.09
subject108,ankle,224,2.24
subject108,ankle,95,0.95
subject108,ankle,54,0.54
subject108,ankle,52,0.52
subject108,ankle,22,0.22
subject108,ankle,191,1.91
subject108,ankle,82,0.82
subject108,ankle,59,0.59
subject108,ankle,77,0.77
subject108,ankle,62,0.62
subject108,ankle,85,0.85
subject108,ankle,7,0.07
subject108,ankle,13,0.13
subject108,ankle,189,1.89
subject108,ankle,6,0.06
subject108,ankle,103,1.03
subject108,ankle,6,0.06
subject108,ankle,106,1.06
subject108,ankle,9,0.09
subject108,ankle,53,0.53
subject108,ankle,75,0.75
subject108,ankle,26,0.26
subject108,ankle,3,0.03
subject108,ankle,53,0.53
subject108,ankle,7,0.07
subject108,ankle,407,4.07
subject108,ankle,43,0.43
subject108,ankle,45,0.45
subject108,ankle,108,1.08
subject108,ankle,51,0.51
subject108,ankle,590,5.9
subject108,ankle,93,0.93
subject108,ankle,973,9.73
subject108,ankle,44,0.44
subject108,ankle,144,1.44
subject108,ankle,12,0.12
subject108,ankle,137,1.37
subject108,ankle,118,1.18
subject108,ankle,21,0.21
subject108,ankle,31,0.31
subject108,ankle,23,0.23
subject108,ankle,1,0.01
subject108,ankle,305,3.05
subject108,ankle,35,0.35
subject108,ankle,76,0.76
subject108,ankle,42,0.42
subject108,ankle,117,1.17
subject108,ankle,24,0.24
subject108,ankle,25,0.25
subject108,ankle,84,0.84
subject108,ankle,13,0.13
subject108,ankle,177,1.77
subject108,ankle,40,0.4
subject108,ankle,21,0.21
subject108,ankle,55,0.55
subject108,ankle,5,0.05
subject108,ankle,103,1.03
subject108,ankle,27,0.27
subject108,ankle,13,0.13
subject108,ankle,28,0.28
subject108,ankle,8,0.08
subject108,ankle,33,0.33
subject108,ankle,5,0.05
subject108,ankle,65,0.65
subject108,ankle,7,0.07
subject108,ankle,27,0.27
subject108,ankle,13,0.13
subject108,ankle,3,0.03
subject108,ankle,10,0.1
subject108,ankle,2,0.02
subject108,ankle,3,0.03
subject108,ankle,20,0.2
subject108,ankle,61,0.61
subject108,ankle,63,0.63
subject108,ankle,59,0.59
subject108,ankle,89,0.89
subject108,ankle,3,0.03
subject108,ankle,12,0.12
subject108,ankle,58,0.58
subject108,ankle,123,1.23
subject108,ankle,47,0.47
subject108,ankle,106,1.06
subject108,ankle,17,0.17
subject108,ankle,158,1.58
subject108,ankle,244,2.44
subject108,ankle,209,2.09
subject108,ankle,70,0.7
subject108,ankle,43,0.43
subject108,ankle,45,0.45
subject108,ankle,79,0.79
subject108,ankle,5,0.05
subject108,ankle,272,2.72
subject108,ankle,237,2.37
subject108,ankle,57,0.57
subject108,ankle,237,2.37
subject108,ankle,120,1.2
subject108,ankle,75,0.75
subject108,ankle,371,3.71
subject108,ankle,3,0.03
subject108,ankle,33,0.33
subject108,ankle,10,0.1
subject108,ankle,8,0.08
subject108,ankle,35,0.35
subject108,ankle,9,0.09
subject108,ankle,5,0.05
subject108,ankle,148,1.48
subject108,ankle,228,2.28
subject108,ankle,151,1.51
subject108,ankle,223,2.23
subject108,ankle,350,3.5
subject108,ankle,29,0.29
subject108,ankle,77,0.77
subject108,ankle,1,0.01
subject108,ankle,50,0.5
subject108,ankle,150,1.5
subject108,ankle,207,2.07
subject108,ankle,119,1.19
subject108,ankle,107,1.07
subject108,ankle,272,2.72
subject108,ankle,61,0.61
subject108,ankle,7,0.07
subject108,ankle,136,1.36
subject108,ankle,694,6.94
subject108,ankle,463,4.63
subject108,ankle,4,0.04
subject108,ankle,121,1.21
subject108,ankle,63,0.63
subject108,ankle,146,1.46
subject108,ankle,30,0.3
subject108,ankle,13,0.13
subject108,ankle,31,0.31
subject108,ankle,79,0.79
subject108,ankle,87,0.87
subject108,ankle,71,0.71
subject108,ankle,104,1.04
subject108,ankle,2,0.02
subject108,ankle,216,2.16
subject108,ankle,169,1.69
subject108,ankle,32,0.32
subject108,ankle,205,2.05
subject108,ankle,76,0.76
subject108,ankle,127,1.27
subject108,ankle,518,5.18
subject108,ankle,21,0.21
subject108,ankle,3,0.03
subject108,ankle,30,0.3
subject108,ankle,26,0.26
subject108,ankle,2,0.02
subject108,ankle,100,1.0
subject108,ankle,18,0.18
subject108,ankle,5,0.05
subject108,ankle,265,2.65
subject108,ankle,27,0.27
subject108,ankle,49,0.49
subject108,ankle,132,1.32
subject108,ankle,156,1.56
subject108,ankle,75,0.75
subject108,ankle,24,0.24
subject108,ankle,333,3.33
subject108,ankle,88,0.88
subject108,ankle,55,0.55
subject108,ankle,172,1.72
subject108,ankle,173,1.73
subject108,ankle,4,0.04
subject108,ankle,492,4.92
subject108,ankle,48,0.48
subject108,ankle,229,2.29
subject108,ankle,82,0.82
subject108,ankle,198,1.98
subject108,ankle,68,0.68
subject108,ankle,5,0.05
subject108,ankle,38,0.38
subject108,ankle,100,1.0
subject108,ankle,142,1.42
subject108,ankle,543,5.43
subject108,ankle,3,0.03
subject108,ankle,4,0.04
subject108,ankle,133,1.33
subject108,ankle,26,0.26
subject108,ankle,26,0.26
subject108,ankle,24,0.24
subject108,ankle,17,0.17
subject108,ankle,51,0.51
subject108,ankle,106,1.06
subject108,ankle,168,1.68
subject108,ankle,24,0.24
subject108,ankle,16,0.16
subject108,ankle,65,0.65
subject108,ankle,5,0.05
subject108,ankle,4,0.04
subject108,ankle,21,0.21
subject108,ankle,76,0.76
subject108,ankle,5,0.05
subject108,ankle,2,0.02
subject108,ankle,2,0.02
subject108,ankle,61,0.61
subject108,ankle,75,0.75
subject108,ankle,28,0.28
subject108,ankle,4,0.04
subject108,ankle,5,0.05
subject108,ankle,1,0.01
subject108,ankle,5,0.05
subject108,ankle,38,0.38
subject108,ankle,50,0.5
subject108,ankle,2,0.02
subject108,ankle,1,0.01
subject108,ankle,6,0.06
subject108,ankle,46,0.46
subject108,ankle,6,0.06
subject108,ankle,41,0.41
subject108,ankle,9,0.09
subject108,ankle,3,0.03
subject108,ankle,15,0.15
subject108,ankle,6,0.06
subject108,ankle,5,0.05
subject108,ankle,7,0.07
subject108,ankle,3,0.03
subject108,ankle,56,0.56
subject108,ankle,6,0.06
subject108,ankle,2,0.02
subject108,ankle,10,0.1
subject108,ankle,18,0.18
subject108,ankle,16,0.16
subject108,ankle,4,0.04
subject108,ankle,3,0.03
subject108,ankle,35,0.35
subject108,ankle,26,0.26
subject108,ankle,45,0.45
subject108,ankle,19,0.19
subject108,ankle,1,0.01
subject108,ankle,116,1.16
subject108,ankle,6,0.06
subject108,ankle,25,0.25
subject108,ankle,27,0.27
subject108,ankle,8,0.08
subject108,ankle,15,0.15
subject108,ankle,37,0.37
subject108,ankle,108,1.08
subject108,ankle,1,0.01
subject108,ankle,40,0.4
subject108,ankle,57,0.57
subject108,ankle,6,0.06
subject108,ankle,583,5.83
subject108,ankle,10,0.1
subject108,ankle,117,1.17
subject108,ankle,690,6.9
subject108,ankle,106,1.06
subject108,ankle,27,0.27
subject108,ankle,1,0.01
subject108,ankle,31,0.31
subject108,ankle,146,1.46
subject108,ankle,1336,13.36
subject108,ankle,822,8.22
subject108,ankle,11,0.11
subject108,ankle,31,0.31
subject108,ankle,380,3.8
subject108,ankle,967,9.67
subject108,ankle,117,1.17
subject108,ankle,633,6.33
subject108,ankle,424,4.24
subject108,ankle,123,1.23
subject108,ankle,45,0.45
subject108,ankle,33,0.33
subject108,ankle,22,0.22
subject108,ankle,14,0.14
subject108,ankle,1,0.01
subject108,ankle,20,0.2
subject108,ankle,158,1.58
subject108,ankle,10,0.1
subject108,ankle,1,0.01
subject108,ankle,6,0.06
subject108,ankle,1887,18.87
subject108,ankle,48,0.48
subject108,ankle,196,1.96
subject108,ankle,51,0.51
subject108,ankle,18,0.18
subject108,ankle,97,0.97
subject108,ankle,245,2.45
subject108,ankle,327,3.27
subject108,ankle,291,2.91
subject108,ankle,424,4.24
subject108,ankle,159,1.59
subject108,ankle,59,0.59
subject108,ankle,241,2.41
subject108,ankle,27,0.27
subject108,ankle,204,2.04
subject108,ankle,240,2.4
subject108,ankle,35,0.35
subject108,ankle,60,0.6
subject108,ankle,336,3.36
subject108,ankle,324,3.24
subject108,ankle,303,3.03
subject108,ankle,152,1.52
subject108,ankle,82,0.82
subject108,ankle,19,0.19
subject108,ankle,1,0.01
subject108,ankle,101,1.01
subject108,ankle,622,6.22
subject108,ankle,3,0.03
subject108,ankle,54,0.54
subject108,ankle,824,8.24
subject108,ankle,137,1.37
subject108,ankle,16,0.16
subject108,ankle,37,0.37
subject108,ankle,55,0.55
subject108,ankle,103,1.03
subject108,ankle,5,0.05
subject108,ankle,21,0.21
subject108,ankle,82,0.82
subject108,ankle,18,0.18
subject108,ankle,1,0.01
subject108,ankle,4,0.04
subject108,ankle,80,0.8
subject108,ankle,128,1.28
subject108,ankle,36,0.36
subject108,ankle,18,0.18
subject108,ankle,10,0.1
subject108,ankle,107,1.07
subject108,ankle,92,0.92
subject108,ankle,173,1.73
subject108,ankle,329,3.29
subject108,ankle,201,2.01
subject108,ankle,330,3.3
subject108,ankle,62,0.62
subject108,ankle,3,0.03
subject108,ankle,134,1.34
subject108,ankle,166,1.66
subject108,ankle,183,1.83
subject108,ankle,79,0.79
subject108,ankle,485,4.85
subject108,ankle,787,7.87
subject108,ankle,656,6.56
subject108,ankle,220,2.2
subject108,ankle,1016,10.16
subject108,ankle,557,5.57
subject108,ankle,170,1.7
subject108,ankle,554,5.54
subject108,ankle,54,0.54
subject108,ankle,145,1.45
subject108,ankle,90,0.9
subject108,ankle,80,0.8
subject108,ankle,91,0.91
subject108,ankle,22,0.22
subject108,ankle,241,2.41
subject108,ankle,53,0.53
subject108,ankle,54,0.54
subject108,ankle,155,1.55
subject108,ankle,46,0.46
subject108,ankle,27,0.27
subject108,ankle,75,0.75
subject108,ankle,31,0.31
subject108,ankle,41,0.41
subject108,ankle,226,2.26
subject108,ankle,66,0.66
subject108,ankle,256,2.56
subject108,ankle,731,7.31
subject108,ankle,2,0.02
subject108,ankle,406,4.06
subject108,ankle,4,0.04
subject108,ankle,3,0.03
subject108,ankle,4,0.04
subject108,ankle,3,0.03
subject108,ankle,4,0.04
subject108,ankle,2,0.02
subject108,ankle,1160,11.6
subject108,ankle,64,0.64
subject108,ankle,82,0.82
subject108,ankle,579,5.79
subject108,ankle,100,1.0
subject108,ankle,4914,49.14
subject108,ankle,806,8.06
subject108,ankle,64,0.64
subject108,ankle,72,0.72
subject108,ankle,78,0.78
subject108,ankle,50,0.5
subject108,ankle,1,0.01
subject108,ankle,500,5.0
subject108,ankle,1,0.01
subject108,ankle,601,6.01
subject108,ankle,54,0.54
subject108,ankle,1402,14.02
subject108,ankle,10,0.1
subject108,ankle,15,0.15
subject108,ankle,37,0.37
subject108,ankle,334,3.34
subject108,ankle,302,3.02
subject108,ankle,17,0.17
subject108,ankle,317,3.17
subject108,ankle,1,0.01
subject108,ankle,11,0.11
subject108,ankle,27,0.27
subject108,ankle,2,0.02
subject108,ankle,4,0.04
subject108,ankle,39,0.39
subject108,ankle,184,1.84
subject108,ankle,61,0.61
subject108,ankle,6,0.06
subject108,ankle,70,0.7
subject108,ankle,4,0.04
subject108,ankle,1,0.01
subject108,ankle,83,0.83
subject108,ankle,8,0.08
subject108,ankle,26,0.26
subject108,ankle,2,0.02
subject108,ankle,233,2.33
subject108,ankle,423,4.23
subject108,ankle,183,1.83
subject108,ankle,28,0.28
subject108,ankle,1,0.01
subject108,ankle,61,0.61
subject108,ankle,80,0.8
subject108,ankle,248,2.48
subject108,ankle,245,2.45
subject108,ankle,7,0.07
subject108,ankle,116,1.16
subject108,ankle,604,6.04
subject108,ankle,12,0.12
subject108,ankle,819,8.19
subject108,ankle,610,6.1
subject108,ankle,6,0.06
subject108,ankle,1,0.01
subject108,ankle,1,0.01
subject108,ankle,1,0.01
subject108,ankle,6,0.06
subject108,ankle,1,0.01
subject108,ankle,178,1.78
subject108,ankle,111,1.11
subject108,ankle,4,0.04
subject108,ankle,8,0.08
subject108,ankle,236,2.36
subject108,ankle,228,2.28
subject108,ankle,1271,12.71
subject108,ankle,3,0.03
subject108,ankle,1,0.01
subject108,ankle,11,0.11
subject108,ankle,37,0.37
subject108,ankle,286,2.86
subject108,ankle,2,0.02
subject108,ankle,43,0.43
subject108,ankle,197,1.97
subject108,ankle,54,0.54
subject108,ankle,84,0.84
subject108,ankle,105,1.05
subject108,ankle,39,0.39
subject108,ankle,2554,25.54
subject108,ankle,153,1.53
subject108,ankle,35,0.35
subject108,ankle,116,1.16
subject108,ankle,557,5.57
subject108,ankle,469,4.69
subject108,ankle,92,0.92
subject108,ankle,44,0.44
subject108,ankle,180,1.8
subject108,ankle,1312,13.12
subject108,ankle,274,2.74
subject108,ankle,323,3.23
subject108,ankle,394,3.94
subject108,ankle,389,3.89
subject108,ankle,961,9.61
subject108,ankle,1539,15.39
subject108,ankle,149,1.49
subject108,ankle,1837,18.37
subject108,ankle,1,0.01
subject108,ankle,7,0.07
subject108,ankle,16,0.16
subject108,ankle,29,0.29
subject108,ankle,157,1.57
subject108,ankle,476,4.76
subject108,ankle,7,0.07
subject108,ankle,189,1.89
subject108,ankle,666,6.66
subject108,ankle,2154,21.54
subject108,ankle,992,9.92
subject108,ankle,115,1.15
subject108,ankle,8,0.08
subject108,ankle,355,3.55
subject108,ankle,342,3.42
subject108,ankle,13,0.13
subject108,ankle,320,3.2
subject108,ankle,81,0.81
subject108,ankle,255,2.55
subject108,ankle,5,0.05
subject108,ankle,84,0.84
subject108,ankle,368,3.68
subject108,ankle,303,3.03
subject108,ankle,27,0.27
subject108,ankle,88,0.88
subject108,ankle,22,0.22
subject108,ankle,14,0.14
subject108,ankle,61,0.61
subject108,ankle,21,0.21
subject108,ankle,21,0.21
subject108,ankle,62,0.62
subject108,ankle,9,0.09
subject108,ankle,101,1.01
subject108,ankle,2,0.02
subject108,ankle,1,0.01
subject108,ankle,90,0.9
subject108,ankle,28,0.28
subject108,ankle,114,1.14
subject108,ankle,16,0.16
subject108,ankle,4,0.04
subject108,ankle,100,1.0
subject108,ankle,7,0.07
subject108,ankle,83,0.83
subject108,ankle,3,0.03
subject108,ankle,16,0.16
subject108,ankle,99,0.99
subject108,ankle,11,0.11
subject108,ankle,336,3.36
subject108,ankle,80,0.8
subject108,ankle,22,0.22
subject108,ankle,12,0.12
subject108,ankle,68,0.68
subject108,ankle,69,0.69
subject108,ankle,112,1.12
subject108,ankle,75,0.75
subject108,ankle,30,0.3
subject108,ankle,39,0.39
subject108,ankle,53,0.53
subject108,ankle,93,0.93
subject108,ankle,1,0.01
subject108,ankle,7,0.07
subject108,ankle,11,0.11
subject108,ankle,74,0.74
subject108,ankle,15,0.15
subject108,ankle,22,0.22
subject108,ankle,6,0.06
subject108,ankle,29,0.29
subject108,ankle,2,0.02
subject108,ankle,1,0.01
subject108,ankle,2,0.02
subject108,ankle,3,0.03
subject108,ankle,27,0.27
subject108,ankle,2,0.02
subject108,ankle,11,0.11
subject108,ankle,20,0.2
subject108,ankle,87,0.87
subject108,ankle,10,0.1
subject108,ankle,4,0.04
subject108,ankle,19,0.19
subject108,ankle,12,0.12
subject108,ankle,10,0.1
subject108,ankle,38,0.38
subject108,ankle,1,0.01
subject108,ankle,3,0.03
subject108,ankle,1,0.01
subject108,ankle,62,0.62
subject108,ankle,3,0.03
subject108,ankle,12,0.12
subject108,ankle,17,0.17
subject108,ankle,7,0.07
subject108,ankle,14,0.14
subject108,ankle,44,0.44
subject108,ankle,77,0.77
subject108,ankle,27,0.27
subject108,ankle,56,0.56
subject108,ankle,1,0.01
subject108,ankle,107,1.07
subject108,ankle,26,0.26
subject108,ankle,152,1.52
subject108,ankle,245,2.45
subject108,ankle,11,0.11
subject108,ankle,102,1.02
subject108,ankle,42,0.42
subject108,ankle,16,0.16
subject108,ankle,130,1.3
subject108,ankle,513,5.13
subject108,ankle,314,3.14
subject108,ankle,391,3.91
subject108,ankle,607,6.07
subject108,ankle,199,1.99
subject108,ankle,101,1.01
subject108,ankle,9,0.09
subject108,ankle,8,0.08
subject108,ankle,32,0.32
subject108,ankle,21,0.21
subject108,ankle,3,0.03
subject108,ankle,34,0.34
subject108,ankle,86,0.86
subject108,ankle,21,0.21
subject108,ankle,7,0.07
subject108,ankle,91,0.91
subject108,ankle,54,0.54
subject108,ankle,77,0.77
subject108,ankle,28,0.28
subject108,ankle,17,0.17
subject108,ankle,115,1.15
subject108,ankle,62,0.62
subject108,ankle,43,0.43
subject108,ankle,77,0.77
subject108,ankle,67,0.67
subject108,ankle,118,1.18
subject108,ankle,69,0.69
subject108,ankle,16,0.16
subject108,ankle,18,0.18
subject108,ankle,206,2.06
subject108,ankle,263,2.63
subject108,ankle,764,7.64
subject108,ankle,48,0.48
subject109,hand,7239,72.39
subject109,chest,79,0.79
subject109,chest,27,0.27
subject109,chest,12,0.12
subject109,chest,72,0.72
subject109,chest,36,0.36
subject109,chest,17,0.17
subject109,chest,7,0.07
subject109,chest,11,0.11
subject109,chest,6,0.06
subject109,chest,1,0.01
subject109,chest,26,0.26
subject109,chest,13,0.13
subject109,chest,15,0.15
subject109,chest,65,0.65
subject109,chest,1,0.01
subject109,ankle,179,1.79
subject109,ankle,851,8.51
